Protocollo;Gruppo;DataOraIncidente;Localizzazione1;STRADA1;Localizzazione2;STRADA2;Strada02;Chilometrica;DaSpecificare;NaturaIncidente;particolaritastrade;TipoStrada;FondoStradale;Pavimentazione;Segnaletica;CondizioneAtmosferica;Traffico;Visibilita;Illuminazione;NUM_FERITI;NUM_RISERVATA;NUM_MORTI;NUM_ILLESI;Longitudine;Latitudine;Confermato;Progressivo;TipoVeicolo;StatoVeicolo;Marca;Modello;TipoPersona;AnnoNascita;Sesso;Tipolesione;Deceduto;DecedutoDopo;CinturaCascoUtilizzato;Airbag;
3622623;18;01/01/2018 06:15:00;Strada Urbana;VIA DELLA MAGLIANELLA;da specificare;;;;in prossimita' svincolo GRA;Veicolo in marcia contro veicolo fermo;Curva a visuale libera;Una carreggiata a doppio senso;Bagnato (pioggia);Asfaltata;Verticale ed orizzontale;Nuvoloso;Scarso;Sufficiente;Sufficiente;0;0;0;3;12,38109;41,90275;-1;2;Autoambulanza;In marcia / fermata / arresto;Autocarro Fiat;Ducato;Passeggero;1991;F;Illeso;0;;Non accertato;
3622626;16;01/01/2018 07:30:00;;VIA PORTUENSE;da specificare;;;;INTERNO FORNICE;Veicolo in marcia contro ostacolo fisso;;;;;;;;;;0;0;0;1;;;0;1;Autovettura privata;In marcia / fermata / arresto;Citroen;C 3;Conducente;0;M;Illeso;0;;;
3622632;4;01/01/2018 21:20:00;;VIA DELLA CESARINA;da specificare;;;;1 KM CIRCA DALL'INTERSEZIONE CON VIA NOMENTANA;Veicolo in marcia contro ostacolo accidentale;;;;;;;;;;0;0;0;2;;;0;1;Autovettura privata;In marcia / fermata / arresto;Fiat;Cinquecento;Conducente;1993;M;Illeso;0;;;
3622632;4;01/01/2018 21:20:00;;VIA DELLA CESARINA;da specificare;;;;1 KM CIRCA DALL'INTERSEZIONE CON VIA NOMENTANA;Veicolo in marcia contro ostacolo accidentale;;;;;;;;;;0;0;0;2;;;0;1;Autovettura privata;In marcia / fermata / arresto;Fiat;Cinquecento;Passeggero;1996;F;Illeso;0;;;
3622654;1;01/01/2018 17:15:00;Strada Urbana;PIAZZA BARBERINI;in prossimità;;del civico n.;21;;Tamponamento;Rotatoria;Una carreggiata a senso unico di marcia;Bagnato (umidità in atto);Asfaltata;Verticale ed orizzontale;Nuvoloso;Normale;Buona;Sufficiente;0;0;0;7;;;0;1;Autovettura privata;In marcia / fermata / arresto;Ford;Tourneo;Conducente;1961;M;Illeso;0;;Non accertato;Inesploso
3622654;1;01/01/2018 17:15:00;Strada Urbana;PIAZZA BARBERINI;in prossimità;;del civico n.;21;;Tamponamento;Rotatoria;Una carreggiata a senso unico di marcia;Bagnato (umidità in atto);Asfaltata;Verticale ed orizzontale;Nuvoloso;Normale;Buona;Sufficiente;0;0;0;7;;;0;1;Autovettura privata;In marcia / fermata / arresto;Ford;Tourneo;Passeggero;1961;F;Illeso;0;;Non accertato;
3622654;1;01/01/2018 17:15:00;Strada Urbana;PIAZZA BARBERINI;in prossimità;;del civico n.;21;;Tamponamento;Rotatoria;Una carreggiata a senso unico di marcia;Bagnato (umidità in atto);Asfaltata;Verticale ed orizzontale;Nuvoloso;Normale;Buona;Sufficiente;0;0;0;7;;;0;1;Autovettura privata;In marcia / fermata / arresto;Ford;Tourneo;Passeggero;1961;M;Illeso;0;;Non accertato;
3622654;1;01/01/2018 17:15:00;Strada Urbana;PIAZZA BARBERINI;in prossimità;;del civico n.;21;;Tamponamento;Rotatoria;Una carreggiata a senso unico di marcia;Bagnato (umidità in atto);Asfaltata;Verticale ed orizzontale;Nuvoloso;Normale;Buona;Sufficiente;0;0;0;7;;;0;2;Autovettura pubblica;In marcia / fermata / arresto;Volkswagen;Passat;Conducente;1995;M;Illeso;0;;Non accertato;
3622655;4;01/01/2018 21:30:00;;VIA DELLA CESARINA;da specificare;;;;1 km circa dalla intersezione con Via Nomentana;Veicolo in marcia contro ostacolo accidentale;;;;;;;;;;0;0;0;5;;;0;1;Autovettura privata;In marcia / fermata / arresto;Opel;Astra;Conducente;1973;M;Illeso;0;;;
3622655;4;01/01/2018 21:30:00;;VIA DELLA CESARINA;da specificare;;;;1 km circa dalla intersezione con Via Nomentana;Veicolo in marcia contro ostacolo accidentale;;;;;;;;;;0;0;0;5;;;0;1;Autovettura privata;In marcia / fermata / arresto;Opel;Astra;Passeggero;1973;F;Illeso;0;;;
3622655;4;01/01/2018 21:30:00;;VIA DELLA CESARINA;da specificare;;;;1 km circa dalla intersezione con Via Nomentana;Veicolo in marcia contro ostacolo accidentale;;;;;;;;;;0;0;0;5;;;0;1;Autovettura privata;In marcia / fermata / arresto;Opel;Astra;Passeggero;2001;F;Illeso;0;;;
3622655;4;01/01/2018 21:30:00;;VIA DELLA CESARINA;da specificare;;;;1 km circa dalla intersezione con Via Nomentana;Veicolo in marcia contro ostacolo accidentale;;;;;;;;;;0;0;0;5;;;0;1;Autovettura privata;In marcia / fermata / arresto;Opel;Astra;Passeggero;2004;M;Illeso;0;;;
3622655;4;01/01/2018 21:30:00;;VIA DELLA CESARINA;da specificare;;;;1 km circa dalla intersezione con Via Nomentana;Veicolo in marcia contro ostacolo accidentale;;;;;;;;;;0;0;0;5;;;0;1;Autovettura privata;In marcia / fermata / arresto;Opel;Astra;Passeggero;2008;F;Illeso;0;;;
3622657;16;01/01/2018 21:30:00;;PIAZZA DI S. PANCRAZIO;in prossimità;;del civico n.; fc 9a ;;Scontro frontale/laterale DX fra veicoli in marcia;;;;;;;;;;0;0;0;2;;;0;1;Autovettura privata;In marcia / fermata / arresto;Peugeot;207;Conducente;0;M;Illeso;0;;;
3622657;16;01/01/2018 21:30:00;;PIAZZA DI S. PANCRAZIO;in prossimità;;del civico n.; fc 9a ;;Scontro frontale/laterale DX fra veicoli in marcia;;;;;;;;;;0;0;0;2;;;0;2;Autovettura privata;In marcia / fermata / arresto;Lexus;(ignoto);Conducente;0;M;Illeso;0;;;
3622663;2;02/01/2018 10:35:00;Strada Urbana;VIA SEBINO;in corrispondenza;;del civico n.;11;;Investimento di pedone;Rettilineo;Una carreggiata a doppio senso;Bagnato (umidità in atto);Asfaltata;Verticale ed orizzontale;Sereno;Normale;Buona;Ore Diurne;1;0;0;1;12,50576;41,92207;-1;;;;;;Pedone;1971;F;Rimandato;0;NON DECEDUTO;;
3622663;2;02/01/2018 10:35:00;Strada Urbana;VIA SEBINO;in corrispondenza;;del civico n.;11;;Investimento di pedone;Rettilineo;Una carreggiata a doppio senso;Bagnato (umidità in atto);Asfaltata;Verticale ed orizzontale;Sereno;Normale;Buona;Ore Diurne;1;0;0;1;12,50576;41,92207;-1;1;Motociclo a solo;In marcia / fermata / arresto;Piaggio;Liberty 125;Conducente;1999;M;Illeso;0;;;
3622672;18;02/01/2018 10:30:00;Strada Urbana;VIA DEL FORTE BOCCEA;in corrispondenza;;del civico n.;36;;Scontro laterale fra veicoli in marcia;Rettilineo;Una carreggiata a senso unico di marcia;Bagnato (pioggia);Asfaltata;Verticale;Sereno;Normale;Buona;Ore Diurne;1;0;0;1;12,42057;41,90524;-1;1;Autovettura privata;In marcia / fermata / arresto;Fiat;Seicento;Conducente;1942;M;Illeso;0;;Non accertato;Inesploso
3622672;18;02/01/2018 10:30:00;Strada Urbana;VIA DEL FORTE BOCCEA;in corrispondenza;;del civico n.;36;;Scontro laterale fra veicoli in marcia;Rettilineo;Una carreggiata a senso unico di marcia;Bagnato (pioggia);Asfaltata;Verticale;Sereno;Normale;Buona;Ore Diurne;1;0;0;1;12,42057;41,90524;-1;2;Motociclo a solo;In marcia / fermata / arresto;Honda;SH150;Conducente;1965;F;Rimandato;0;NON DECEDUTO;Non accertato;
3622692;1;01/01/2018 17:50:00;Strada Urbana;PONTE GARIBALDI;da specificare;;;;altezza LUNGOTEVERE R.SANZIO;Veicolo in marcia contro veicolo fermo;Rettilineo;Più di due carreggiate;Bagnato (pioggia);Asfaltata;Verticale ed orizzontale;Nuvoloso;Scarso;Buona;Sufficiente;0;0;0;5;;;0;1;Autoambulanza;In marcia / fermata / arresto;Fiat;Ducato;Conducente;1976;M;Illeso;0;;;
3622692;1;01/01/2018 17:50:00;Strada Urbana;PONTE GARIBALDI;da specificare;;;;altezza LUNGOTEVERE R.SANZIO;Veicolo in marcia contro veicolo fermo;Rettilineo;Più di due carreggiate;Bagnato (pioggia);Asfaltata;Verticale ed orizzontale;Nuvoloso;Scarso;Buona;Sufficiente;0;0;0;5;;;0;2;Autovettura privata;In marcia / fermata / arresto;Fiat;500 L;Conducente;1942;M;Illeso;0;;;
3622692;1;01/01/2018 17:50:00;Strada Urbana;PONTE GARIBALDI;da specificare;;;;altezza LUNGOTEVERE R.SANZIO;Veicolo in marcia contro veicolo fermo;Rettilineo;Più di due carreggiate;Bagnato (pioggia);Asfaltata;Verticale ed orizzontale;Nuvoloso;Scarso;Buona;Sufficiente;0;0;0;5;;;0;2;Autovettura privata;In marcia / fermata / arresto;Fiat;500 L;Passeggero;1946;F;Illeso;0;;;
3622692;1;01/01/2018 17:50:00;Strada Urbana;PONTE GARIBALDI;da specificare;;;;altezza LUNGOTEVERE R.SANZIO;Veicolo in marcia contro veicolo fermo;Rettilineo;Più di due carreggiate;Bagnato (pioggia);Asfaltata;Verticale ed orizzontale;Nuvoloso;Scarso;Buona;Sufficiente;0;0;0;5;;;0;2;Autovettura privata;In marcia / fermata / arresto;Fiat;500 L;Passeggero;1948;M;Illeso;0;;;
3622692;1;01/01/2018 17:50:00;Strada Urbana;PONTE GARIBALDI;da specificare;;;;altezza LUNGOTEVERE R.SANZIO;Veicolo in marcia contro veicolo fermo;Rettilineo;Più di due carreggiate;Bagnato (pioggia);Asfaltata;Verticale ed orizzontale;Nuvoloso;Scarso;Buona;Sufficiente;0;0;0;5;;;0;2;Autovettura privata;In marcia / fermata / arresto;Fiat;500 L;Passeggero;1952;F;Illeso;0;;;
3622733;19;02/01/2018 05:30:00;Strada Urbana;GALLERIA GIOVANNI XXIII;in prossimità;;della chilometrica;0.4;;Scontro laterale fra veicoli in marcia;Galleria illuminata;Una carreggiata a senso unico di marcia;Asciutto;Asfaltata;Orizzontale;Nuvoloso;Scarso;Sufficiente;Sufficiente;0;0;0;1;12,45458;41,9395;0;2;Autocarro superiore 35 q.;In marcia / fermata / arresto;Nissan;VI SA TK56;Conducente;1961;M;Illeso;0;;Non accertato;Inesploso
3622785;19;02/01/2018 07:35:00;Strada Urbana;VIA VINCENZO TOMASSINI;all'intersezione con;VIA AUGUSTO TEBALDI;VIA AUGUSTO TEBALDI;;;Scontro frontale/laterale SX fra veicoli in marcia;Incrocio;Due carreggiate;Bagnato (pioggia);Asfaltata;Verticale ed orizzontale;Nuvoloso;Normale;Buona;Ore Diurne;1;0;0;2;12,41355;41,92776;0;1;Autovettura privata;In marcia / fermata / arresto;Fiat;Panda;Conducente;1949;M;Illeso;0;;;
3622785;19;02/01/2018 07:35:00;Strada Urbana;VIA VINCENZO TOMASSINI;all'intersezione con;VIA AUGUSTO TEBALDI;VIA AUGUSTO TEBALDI;;;Scontro frontale/laterale SX fra veicoli in marcia;Incrocio;Due carreggiate;Bagnato (pioggia);Asfaltata;Verticale ed orizzontale;Nuvoloso;Normale;Buona;Ore Diurne;1;0;0;2;12,41355;41,92776;0;1;Autovettura privata;In marcia / fermata / arresto;Fiat;Panda;Passeggero;1945;F;Rimandato;0;NON DECEDUTO;;
3622785;19;02/01/2018 07:35:00;Strada Urbana;VIA VINCENZO TOMASSINI;all'intersezione con;VIA AUGUSTO TEBALDI;VIA AUGUSTO TEBALDI;;;Scontro frontale/laterale SX fra veicoli in marcia;Incrocio;Due carreggiate;Bagnato (pioggia);Asfaltata;Verticale ed orizzontale;Nuvoloso;Normale;Buona;Ore Diurne;1;0;0;2;12,41355;41,92776;0;2;Autovettura privata;In marcia / fermata / arresto;Alsein Rover;(non accertato);Conducente;1945;M;Illeso;0;;;
3622825;19;02/01/2018 08:45:00;Strada Urbana;VIALE DELLE MEDAGLIE D'ORO;in corrispondenza;;del civico n.;159;;Tamponamento;Rettilineo;Una carreggiata a doppio senso;Asciutto;Asfaltata;Orizzontale;Sereno;Scarso;Buona;Ore Diurne;0;0;0;2;12,44276;41,91507;-1;1;Autovettura privata;In marcia / fermata / arresto;Peugeot;308;Conducente;1986;M;Illeso;0;;Non accertato;Inesploso
3622825;19;02/01/2018 08:45:00;Strada Urbana;VIALE DELLE MEDAGLIE D'ORO;in corrispondenza;;del civico n.;159;;Tamponamento;Rettilineo;Una carreggiata a doppio senso;Asciutto;Asfaltata;Orizzontale;Sereno;Scarso;Buona;Ore Diurne;0;0;0;2;12,44276;41,91507;-1;2;Autovettura privata;In marcia / fermata / arresto;Suzuki;Swift;Conducente;1990;F;Illeso;0;;Non accertato;Inesploso
3622914;17;02/01/2018 10:25:00;Strada Urbana;VIALE VATICANO;da specificare;;;;fronte civico 79;Scontro frontale/laterale SX fra veicoli in marcia;Rettilineo;Una carreggiata a doppio senso;Bagnato (umidità in atto);Asfaltata;Verticale ed orizzontale;Sereno;Normale;Buona;Ore Diurne;0;0;0;2;12,44868;41,90426;0;1;Autovettura privata;In marcia / fermata / arresto;Chrysler;PT Cruiser;Conducente;1967;M;Illeso;0;;;
3622914;17;02/01/2018 10:25:00;Strada Urbana;VIALE VATICANO;da specificare;;;;fronte civico 79;Scontro frontale/laterale SX fra veicoli in marcia;Rettilineo;Una carreggiata a doppio senso;Bagnato (umidità in atto);Asfaltata;Verticale ed orizzontale;Sereno;Normale;Buona;Ore Diurne;0;0;0;2;12,44868;41,90426;0;2;Motociclo a solo;In marcia / fermata / arresto;Honda;SH125;Conducente;1994;M;Illeso;0;;;
3622950;2;01/01/2018 15:40:00;;SOTTOVIA IGNAZIO GUIDI;da specificare;;;;biforcazione rampa di uscita per P.le Brasile;Veicolo in marcia contro ostacolo fisso;;;;;;;;;;0;0;0;1;;;0;1;Autovettura privata;In marcia / fermata / arresto;Fiat;Bravo;Conducente;1990;M;Illeso;0;;;
3622966;2;01/01/2018 07:00:00;;VIALE BRUNO BUOZZI;in prossimità;;del civico n.;59;;Veicolo in marcia contro veicoli in sosta;;;;;;;;;;0;0;0;1;;;0;5;Autovettura privata;In marcia / fermata / arresto;Toyota;Yaris;Conducente;1996;M;Illeso;0;;;
3622981;2;01/01/2018 12:45:00;Strada Urbana;VIA SALARIA;in prossimità;;del civico n.;267;;Scontro frontale/laterale DX fra veicoli in marcia;Rettilineo;Una carreggiata a doppio senso;Bagnato (pioggia);Asfaltata;Verticale ed orizzontale;Nuvoloso;Scarso;Buona;Ore Diurne;0;0;0;5;12,50234;41,92623;-1;1;Autovettura privata;In marcia / fermata / arresto;Opel;Corsa;Conducente;1982;F;Illeso;0;;Non accertato;Inesploso
3622981;2;01/01/2018 12:45:00;Strada Urbana;VIA SALARIA;in prossimità;;del civico n.;267;;Scontro frontale/laterale DX fra veicoli in marcia;Rettilineo;Una carreggiata a doppio senso;Bagnato (pioggia);Asfaltata;Verticale ed orizzontale;Nuvoloso;Scarso;Buona;Ore Diurne;0;0;0;5;12,50234;41,92623;-1;2;Altro;In marcia / fermata / arresto;Fiat Iveco;(mezzo militare);Conducente;1987;F;Illeso;0;;Non accertato;Inesploso
3622981;2;01/01/2018 12:45:00;Strada Urbana;VIA SALARIA;in prossimità;;del civico n.;267;;Scontro frontale/laterale DX fra veicoli in marcia;Rettilineo;Una carreggiata a doppio senso;Bagnato (pioggia);Asfaltata;Verticale ed orizzontale;Nuvoloso;Scarso;Buona;Ore Diurne;0;0;0;5;12,50234;41,92623;-1;2;Altro;In marcia / fermata / arresto;Fiat Iveco;(mezzo militare);Passeggero;1992;M;Illeso;0;;Non accertato;Inesploso
3622981;2;01/01/2018 12:45:00;Strada Urbana;VIA SALARIA;in prossimità;;del civico n.;267;;Scontro frontale/laterale DX fra veicoli in marcia;Rettilineo;Una carreggiata a doppio senso;Bagnato (pioggia);Asfaltata;Verticale ed orizzontale;Nuvoloso;Scarso;Buona;Ore Diurne;0;0;0;5;12,50234;41,92623;-1;2;Altro;In marcia / fermata / arresto;Fiat Iveco;(mezzo militare);Passeggero;1994;M;Illeso;0;;Non accertato;Inesploso
3622981;2;01/01/2018 12:45:00;Strada Urbana;VIA SALARIA;in prossimità;;del civico n.;267;;Scontro frontale/laterale DX fra veicoli in marcia;Rettilineo;Una carreggiata a doppio senso;Bagnato (pioggia);Asfaltata;Verticale ed orizzontale;Nuvoloso;Scarso;Buona;Ore Diurne;0;0;0;5;12,50234;41,92623;-1;2;Altro;In marcia / fermata / arresto;Fiat Iveco;(mezzo militare);Passeggero;1996;M;Illeso;0;;Non accertato;Inesploso
3623014;17;02/01/2018 12:30:00;Strada Urbana;VIA UGO BARTOLOMEI;in prossimità;;del civico n.;18;;Infortunio per sola frenata improvvisa;Rettilineo;Una carreggiata a doppio senso;Bagnato (umidità in atto);Asfaltata;Verticale ed orizzontale;Sereno;Scarso;Buona;Ore Diurne;1;0;0;1;;;0;1;Autovettura privata;In marcia / fermata / arresto;Fiat;500;Conducente;1938;M;Illeso;0;;;
3623014;17;02/01/2018 12:30:00;Strada Urbana;VIA UGO BARTOLOMEI;in prossimità;;del civico n.;18;;Infortunio per sola frenata improvvisa;Rettilineo;Una carreggiata a doppio senso;Bagnato (umidità in atto);Asfaltata;Verticale ed orizzontale;Sereno;Scarso;Buona;Ore Diurne;1;0;0;1;;;0;2;Motociclo a solo;In marcia / fermata / arresto;Honda;SH 150;Conducente;1975;M;Rimandato;0;NON DECEDUTO;Non accertato;
3623088;19;02/01/2018 12:50:00;Strada Urbana;VIA DEI MONTI DI PRIMAVALLE;in corrispondenza;;del civico n.;127;;Scontro frontale/laterale SX fra veicoli in marcia;Rettilineo;Una carreggiata a doppio senso;Asciutto;Asfaltata;Verticale ed orizzontale;Sereno;Normale;Buona;Ore Diurne;1;0;0;1;12,41313;41,90994;0;1;Autovettura privata;In marcia / fermata / arresto;Smart ;-;Conducente;1964;M;Illeso;0;;Non accertato;Inesploso
3623088;19;02/01/2018 12:50:00;Strada Urbana;VIA DEI MONTI DI PRIMAVALLE;in corrispondenza;;del civico n.;127;;Scontro frontale/laterale SX fra veicoli in marcia;Rettilineo;Una carreggiata a doppio senso;Asciutto;Asfaltata;Verticale ed orizzontale;Sereno;Normale;Buona;Ore Diurne;1;0;0;1;12,41313;41,90994;0;2;Motociclo a solo;In marcia / fermata / arresto;Yamaha;Majestic;Conducente;1955;M;Rimandato;0;NON DECEDUTO;Non accertato;
3623169;5;02/01/2018 12:20:00;;VIA BARTOLO LONGO;all'intersezione con;VIA CARDINAL LA FONTAINE;VIA CARDINAL LA FONTAINE;;;Scontro frontale/laterale SX fra veicoli in marcia;;;;;;;;;;5;0;0;0;12,56857;41,93312;0;2;Autovettura privata;In marcia / fermata / arresto;Fiat;Cinquecento;Conducente;0;F;Rimandato;0;NON DECEDUTO;;
3623169;5;02/01/2018 12:20:00;;VIA BARTOLO LONGO;all'intersezione con;VIA CARDINAL LA FONTAINE;VIA CARDINAL LA FONTAINE;;;Scontro frontale/laterale SX fra veicoli in marcia;;;;;;;;;;5;0;0;0;12,56857;41,93312;0;2;Autovettura privata;In marcia / fermata / arresto;Fiat;Cinquecento;Passeggero;0;F;Rimandato;0;NON DECEDUTO;;
3623169;5;02/01/2018 12:20:00;;VIA BARTOLO LONGO;all'intersezione con;VIA CARDINAL LA FONTAINE;VIA CARDINAL LA FONTAINE;;;Scontro frontale/laterale SX fra veicoli in marcia;;;;;;;;;;5;0;0;0;12,56857;41,93312;0;2;Autovettura privata;In marcia / fermata / arresto;Fiat;Cinquecento;Passeggero;0;M;Rimandato;0;NON DECEDUTO;;
3623190;5;02/01/2018 13:10:00;;NUOVA CIRCONVALLAZIONE INTERNA;da specificare;;;;rampa di uscita via dei Monti Tiburtini;Veicolo in marcia contro ostacolo fisso;;;;;;;;;;1;0;0;0;12,52751;41,92244;0;1;Autovettura privata;In marcia / fermata / arresto;Opel;AGILA;Conducente;0;F;Rimandato;0;NON DECEDUTO;;
3623197;17;02/01/2018 16:50:00;Strada Urbana;VIA LUIGI RIZZO;in prossimità;;del civico n.;70;;Veicoli in marcia contro veicolo fermo;Rettilineo;Una carreggiata a senso unico di marcia;Asciutto;Asfaltata;Verticale ed orizzontale;Sereno;Scarso;Sufficiente;Sufficiente;0;0;0;2;;;0;1;Autovettura privata;In marcia / fermata / arresto;Lancia;Ypsilon;Conducente;1978;M;Illeso;0;;;
3623197;17;02/01/2018 16:50:00;Strada Urbana;VIA LUIGI RIZZO;in prossimità;;del civico n.;70;;Veicoli in marcia contro veicolo fermo;Rettilineo;Una carreggiata a senso unico di marcia;Asciutto;Asfaltata;Verticale ed orizzontale;Sereno;Scarso;Sufficiente;Sufficiente;0;0;0;2;;;0;2;Autocarro inferiore 35 q.;In marcia / fermata / arresto;Fiat;Iveco;Conducente;1976;M;Illeso;0;;;
3623215;13;02/01/2018 11:30:00;;PIAZZA GREGORIO RONCA;da specificare;;;;in prossimità v.f. mantica;Investimento di pedone;;;;;;;;;;0;0;0;2;12,28665;41,73342;0;;;;;;Pedone;1975;M;Illeso;0;;;
3623215;13;02/01/2018 11:30:00;;PIAZZA GREGORIO RONCA;da specificare;;;;in prossimità v.f. mantica;Investimento di pedone;;;;;;;;;;0;0;0;2;12,28665;41,73342;0;1;Autovettura privata;In marcia / fermata / arresto;Fiat;500;Conducente;1962;F;Illeso;0;;;
3623232;13;02/01/2018 15:15:00;;VIA DI SAPONARA;in corrispondenza;;del civico n.;709;;Scontro frontale/laterale SX fra veicoli in marcia;;;;;;;;;;0;0;0;3;12,32766;41,76742;0;1;Autovettura privata;In marcia / fermata / arresto;Toyota;Yaris;Conducente;1964;F;Illeso;0;;;
3623232;13;02/01/2018 15:15:00;;VIA DI SAPONARA;in corrispondenza;;del civico n.;709;;Scontro frontale/laterale SX fra veicoli in marcia;;;;;;;;;;0;0;0;3;12,32766;41,76742;0;1;Autovettura privata;In marcia / fermata / arresto;Toyota;Yaris;Passeggero;1973;F;Illeso;0;;;
3623232;13;02/01/2018 15:15:00;;VIA DI SAPONARA;in corrispondenza;;del civico n.;709;;Scontro frontale/laterale SX fra veicoli in marcia;;;;;;;;;;0;0;0;3;12,32766;41,76742;0;2;Autocarro inferiore 35 q.;In marcia / fermata / arresto;Fiat;Iveco;Conducente;1971;M;Illeso;0;;;
3623315;12;02/01/2018 19:45:00;Strada Urbana;VIA ROMOLO GIGLIOZZI;da specificare;;;;altezza sottopasso via Aldo Banzi;Veicolo in marcia contro ostacolo accidentale;Sottopasso non illuminato;Una carreggiata a doppio senso;Bagnato (umidità in atto);Asfaltata;Orizzontale;Sereno;Scarso;Buona;Inesistente;0;0;0;1;;;0;1;Autovettura privata;In marcia / fermata / arresto;Renault;Megane Scenic;Conducente;1979;M;Illeso;0;;Utilizzato;Inesploso
3623543;9;02/01/2018 19:00:00;;VIA TUSCOLANA;all'intersezione semaforizzata con;VIA AOSTA;VIA AOSTA;;;Scontro frontale/laterale SX fra veicoli in marcia;;;;;;;;;;1;0;0;2;;;0;1;Autovettura privata;In marcia / fermata / arresto;Peugeot; 2008;Conducente;1976;M;Illeso;0;;;
3623543;9;02/01/2018 19:00:00;;VIA TUSCOLANA;all'intersezione semaforizzata con;VIA AOSTA;VIA AOSTA;;;Scontro frontale/laterale SX fra veicoli in marcia;;;;;;;;;;1;0;0;2;;;0;1;Autovettura privata;In marcia / fermata / arresto;Peugeot; 2008;Passeggero;0;F;Illeso;0;;;
3623543;9;02/01/2018 19:00:00;;VIA TUSCOLANA;all'intersezione semaforizzata con;VIA AOSTA;VIA AOSTA;;;Scontro frontale/laterale SX fra veicoli in marcia;;;;;;;;;;1;0;0;2;;;0;2;Motociclo a solo;In marcia / fermata / arresto;Honda;sh300;Conducente;1970;M;Rimandato;0;NON DECEDUTO;;
3623544;13;02/01/2018 18:15:00;Strada Urbana;VIA TANCREDI CHIARALUCE;da specificare;;;;in prossimità via del Ponte di Tor Boacciana;Veicolo in marcia contro ostacolo accidentale;Rettilineo;Una carreggiata a doppio senso;Asciutto;Con buche;Assente;Sereno;Normale;Sufficiente;Insufficiente;0;0;0;4;12,27017;41,74707;0;1;Autovettura privata;In marcia / fermata / arresto;Fiat;500;Conducente;1993;F;Illeso;0;;Non accertato;Inesploso
3623544;13;02/01/2018 18:15:00;Strada Urbana;VIA TANCREDI CHIARALUCE;da specificare;;;;in prossimità via del Ponte di Tor Boacciana;Veicolo in marcia contro ostacolo accidentale;Rettilineo;Una carreggiata a doppio senso;Asciutto;Con buche;Assente;Sereno;Normale;Sufficiente;Insufficiente;0;0;0;4;12,27017;41,74707;0;1;Autovettura privata;In marcia / fermata / arresto;Fiat;500;Passeggero;1992;M;Illeso;0;;Non accertato;Inesploso
3623544;13;02/01/2018 18:15:00;Strada Urbana;VIA TANCREDI CHIARALUCE;da specificare;;;;in prossimità via del Ponte di Tor Boacciana;Veicolo in marcia contro ostacolo accidentale;Rettilineo;Una carreggiata a doppio senso;Asciutto;Con buche;Assente;Sereno;Normale;Sufficiente;Insufficiente;0;0;0;4;12,27017;41,74707;0;1;Autovettura privata;In marcia / fermata / arresto;Fiat;500;Passeggero;1994;F;Illeso;0;;Non accertato;Inesploso
3623544;13;02/01/2018 18:15:00;Strada Urbana;VIA TANCREDI CHIARALUCE;da specificare;;;;in prossimità via del Ponte di Tor Boacciana;Veicolo in marcia contro ostacolo accidentale;Rettilineo;Una carreggiata a doppio senso;Asciutto;Con buche;Assente;Sereno;Normale;Sufficiente;Insufficiente;0;0;0;4;12,27017;41,74707;0;1;Autovettura privata;In marcia / fermata / arresto;Fiat;500;Passeggero;1997;M;Illeso;0;;Non accertato;Inesploso
3623545;9;02/01/2018 18:45:00;;PIAZZALE APPIO;all'intersezione semaforizzata con;VIA MAGNAGRECIA;VIA MAGNAGRECIA;;;Scontro laterale fra veicoli in marcia;;;;;;;;;;0;0;0;2;;;0;1;Autovettura privata;In marcia / fermata / arresto;Iveco;Daily;Conducente;1967;M;Illeso;0;;Non accertato;Inesploso
3623545;9;02/01/2018 18:45:00;;PIAZZALE APPIO;all'intersezione semaforizzata con;VIA MAGNAGRECIA;VIA MAGNAGRECIA;;;Scontro laterale fra veicoli in marcia;;;;;;;;;;0;0;0;2;;;0;2;Autovettura privata;In marcia / fermata / arresto;Mercedes;Smart For Two;Conducente;1991;M;Illeso;0;;Non accertato;Inesploso
3623553;1;01/01/2018 20:40:00;Strada Urbana;VIALE CASTRO PRETORIO;in corrispondenza;;del civico n.;FC 114 B;;Veicolo in marcia contro ostacolo accidentale;Rettilineo;Due carreggiate;Bagnato (pioggia);Con buche;Verticale ed orizzontale;Nuvoloso;Scarso;Buona;Sufficiente;0;0;0;2;;;0;1;Autovettura privata;In marcia / fermata / arresto;Volkswagen;Lupo;Conducente;1960;F;Illeso;0;;;