Protocollo;Gruppo;DataOraIncidente;Localizzazione1;STRADA1;Localizzazione2;STRADA2;Strada02;Chilometrica;DaSpecificare;NaturaIncidente;particolaritastrade;TipoStrada;FondoStradale;Pavimentazione;Segnaletica;CondizioneAtmosferica;Traffico;Visibilita;Illuminazione;NUM_FERITI;NUM_RISERVATA;NUM_MORTI;NUM_ILLESI;Longitudine;Latitudine;Confermato;Progressivo;TipoVeicolo;StatoVeicolo;Marca;Modello;TipoPersona;AnnoNascita;Sesso;Tipolesione;Deceduto;DecedutoDopo;CinturaCascoUtilizzato;Airbag;
3623553;1;01/01/2018 20:40:00;Strada Urbana;VIALE CASTRO PRETORIO;in corrispondenza;;del civico n.;FC 114 B;;Veicolo in marcia contro ostacolo accidentale;Rettilineo;Due carreggiate;Bagnato (pioggia);Con buche;Verticale ed orizzontale;Nuvoloso;Scarso;Buona;Sufficiente;0;0;0;2;;;0;1;Autovettura privata;In marcia / fermata / arresto;Volkswagen;Lupo;Passeggero;1952;M;Illeso;0;;;
3623559;13;02/01/2018 17:30:00;Strada Urbana;VIA TANCREDI CHIARALUCE;da specificare;;;;in prossimità via del Ponte di Tor Boacciana;Veicolo in marcia contro ostacolo accidentale;Rettilineo;Una carreggiata a doppio senso;Asciutto;Con buche;Assente;Sereno;Normale;Sufficiente;Insufficiente;0;0;0;2;12,27017;41,74707;0;1;Autovettura privata;In marcia / fermata / arresto;Alfa Romeo;156;Conducente;1961;M;Illeso;0;;Non accertato;Inesploso
3623559;13;02/01/2018 17:30:00;Strada Urbana;VIA TANCREDI CHIARALUCE;da specificare;;;;in prossimità via del Ponte di Tor Boacciana;Veicolo in marcia contro ostacolo accidentale;Rettilineo;Una carreggiata a doppio senso;Asciutto;Con buche;Assente;Sereno;Normale;Sufficiente;Insufficiente;0;0;0;2;12,27017;41,74707;0;1;Autovettura privata;In marcia / fermata / arresto;Alfa Romeo;156;Passeggero;1963;F;Illeso;0;;Non accertato;Inesploso
3623561;15;02/01/2018 14:00:00;Strada Urbana;VIA PORTUENSE;in corrispondenza;;del civico n.;741/c;;Scontro laterale fra veicoli in marcia;Rettilineo;Una carreggiata a doppio senso;Asciutto;Asfaltata;Verticale ed orizzontale;Sereno;Normale;Buona;Ore Diurne;0;0;0;6;12,42902;41,85025;0;1;Autovettura privata;In marcia / fermata / arresto;Citroen;C4 Picasso;Conducente;1979;M;Illeso;0;;Utilizzato;Inesploso
3623561;15;02/01/2018 14:00:00;Strada Urbana;VIA PORTUENSE;in corrispondenza;;del civico n.;741/c;;Scontro laterale fra veicoli in marcia;Rettilineo;Una carreggiata a doppio senso;Asciutto;Asfaltata;Verticale ed orizzontale;Sereno;Normale;Buona;Ore Diurne;0;0;0;6;12,42902;41,85025;0;1;Autovettura privata;In marcia / fermata / arresto;Citroen;C4 Picasso;Passeggero;1993;F;Illeso;0;;Utilizzato;Inesploso
3623561;15;02/01/2018 14:00:00;Strada Urbana;VIA PORTUENSE;in corrispondenza;;del civico n.;741/c;;Scontro laterale fra veicoli in marcia;Rettilineo;Una carreggiata a doppio senso;Asciutto;Asfaltata;Verticale ed orizzontale;Sereno;Normale;Buona;Ore Diurne;0;0;0;6;12,42902;41,85025;0;1;Autovettura privata;In marcia / fermata / arresto;Citroen;C4 Picasso;Passeggero;2014;F;Illeso;0;;Utilizzato;Inesploso
3623561;15;02/01/2018 14:00:00;Strada Urbana;VIA PORTUENSE;in corrispondenza;;del civico n.;741/c;;Scontro laterale fra veicoli in marcia;Rettilineo;Una carreggiata a doppio senso;Asciutto;Asfaltata;Verticale ed orizzontale;Sereno;Normale;Buona;Ore Diurne;0;0;0;6;12,42902;41,85025;0;1;Autovettura privata;In marcia / fermata / arresto;Citroen;C4 Picasso;Passeggero;2016;M;Illeso;0;;Utilizzato;Inesploso
3623561;15;02/01/2018 14:00:00;Strada Urbana;VIA PORTUENSE;in corrispondenza;;del civico n.;741/c;;Scontro laterale fra veicoli in marcia;Rettilineo;Una carreggiata a doppio senso;Asciutto;Asfaltata;Verticale ed orizzontale;Sereno;Normale;Buona;Ore Diurne;0;0;0;6;12,42902;41,85025;0;2;Autovettura privata;In marcia / fermata / arresto;BMW;320D;Conducente;1985;M;Illeso;0;;Utilizzato;Inesploso
3623561;15;02/01/2018 14:00:00;Strada Urbana;VIA PORTUENSE;in corrispondenza;;del civico n.;741/c;;Scontro laterale fra veicoli in marcia;Rettilineo;Una carreggiata a doppio senso;Asciutto;Asfaltata;Verticale ed orizzontale;Sereno;Normale;Buona;Ore Diurne;0;0;0;6;12,42902;41,85025;0;2;Autovettura privata;In marcia / fermata / arresto;BMW;320D;Passeggero;1990;F;Illeso;0;;Utilizzato;Inesploso
3623562;8;02/01/2018 15:05:00;Strada Urbana;VIA MUSELLARO;in corrispondenza;;del civico n.;32;;Veicolo in marcia contro veicolo in sosta;Rettilineo;Una carreggiata a doppio senso;Asciutto;Asfaltata;Verticale ed orizzontale;Sereno;Normale;Buona;Ore Diurne;0;0;0;2;12,71241;41,90922;-1;2;Veicolo speciale;In marcia / fermata / arresto;Ford;tourneo;Conducente;1955;M;Illeso;0;;Non accertato;Inesploso
3623562;8;02/01/2018 15:05:00;Strada Urbana;VIA MUSELLARO;in corrispondenza;;del civico n.;32;;Veicolo in marcia contro veicolo in sosta;Rettilineo;Una carreggiata a doppio senso;Asciutto;Asfaltata;Verticale ed orizzontale;Sereno;Normale;Buona;Ore Diurne;0;0;0;2;12,71241;41,90922;-1;2;Veicolo speciale;In marcia / fermata / arresto;Ford;tourneo;Passeggero;1965;F;Illeso;0;;Non accertato;Inesploso
3623564;18;02/01/2018 19:00:00;Strada Urbana;VIA BALDO DEGLI UBALDI;in corrispondenza;;del civico n.;76;;Tamponamento Multiplo;Rettilineo;Due carreggiate;Asciutto;Asfaltata;Verticale ed orizzontale;Sereno;Normale;Sufficiente;Sufficiente;2;0;0;2;12,43243;41,89859;-1;1;Autovettura privata;In marcia / fermata / arresto;Opel;ADAM;Conducente;1997;M;Illeso;0;;Non accertato;Inesploso
3623564;18;02/01/2018 19:00:00;Strada Urbana;VIA BALDO DEGLI UBALDI;in corrispondenza;;del civico n.;76;;Tamponamento Multiplo;Rettilineo;Due carreggiate;Asciutto;Asfaltata;Verticale ed orizzontale;Sereno;Normale;Sufficiente;Sufficiente;2;0;0;2;12,43243;41,89859;-1;2;Autovettura privata;In marcia / fermata / arresto;Mini;Cooper;Conducente;1941;M;Rifiuta cure immediate;0;NON DECEDUTO;Non accertato;Inesploso
3623564;18;02/01/2018 19:00:00;Strada Urbana;VIA BALDO DEGLI UBALDI;in corrispondenza;;del civico n.;76;;Tamponamento Multiplo;Rettilineo;Due carreggiate;Asciutto;Asfaltata;Verticale ed orizzontale;Sereno;Normale;Sufficiente;Sufficiente;2;0;0;2;12,43243;41,89859;-1;2;Autovettura privata;In marcia / fermata / arresto;Mini;Cooper;Passeggero;1944;F;Illeso;0;;Non accertato;Inesploso
3623564;18;02/01/2018 19:00:00;Strada Urbana;VIA BALDO DEGLI UBALDI;in corrispondenza;;del civico n.;76;;Tamponamento Multiplo;Rettilineo;Due carreggiate;Asciutto;Asfaltata;Verticale ed orizzontale;Sereno;Normale;Sufficiente;Sufficiente;2;0;0;2;12,43243;41,89859;-1;3;Autovettura privata;In marcia / fermata / arresto;Volkswagen;Touran;Conducente;1974;M;Rifiuta cure immediate;0;NON DECEDUTO;Non accertato;Inesploso
3623568;8;02/01/2018 15:50:00;Strada Urbana;VIA VIAGRANDE;in corrispondenza;;del civico n.;15;;Tamponamento;Rettilineo;Una carreggiata a doppio senso;Asciutto;Asfaltata;Assente;Sereno;Scarso;Buona;Ore Diurne;0;0;0;2;12,68162;41,8616;-1;1;Autovettura privata;In marcia / fermata / arresto;Kia;Picanto;Conducente;1978;M;Illeso;0;;Non accertato;Inesploso
3623568;8;02/01/2018 15:50:00;Strada Urbana;VIA VIAGRANDE;in corrispondenza;;del civico n.;15;;Tamponamento;Rettilineo;Una carreggiata a doppio senso;Asciutto;Asfaltata;Assente;Sereno;Scarso;Buona;Ore Diurne;0;0;0;2;12,68162;41,8616;-1;2;Autovettura privata;In marcia / fermata / arresto;Opel;Corsa;Conducente;1961;M;Illeso;0;;Non accertato;Inesploso
3623570;8;02/01/2018 17:50:00;Provinciale entro l'abitato;VIA PRENESTINA;in prossimità;;del civico n.;1524;;Tamponamento Multiplo;Rettilineo;Una carreggiata a doppio senso;Asciutto;Asfaltata;Orizzontale;Sereno;Intenso;Sufficiente;Sufficiente;1;0;0;2;12,66542;41,8908;0;1;Autovettura privata;In marcia / fermata / arresto;Renault;Clio;Conducente;1975;M;Rimandato;0;NON DECEDUTO;Non accertato;Inesploso
3623570;8;02/01/2018 17:50:00;Provinciale entro l'abitato;VIA PRENESTINA;in prossimità;;del civico n.;1524;;Tamponamento Multiplo;Rettilineo;Una carreggiata a doppio senso;Asciutto;Asfaltata;Orizzontale;Sereno;Intenso;Sufficiente;Sufficiente;1;0;0;2;12,66542;41,8908;0;2;Autovettura privata;In marcia / fermata / arresto;Lancia;Ypsilon;Conducente;1986;M;Illeso;0;;;
3623570;8;02/01/2018 17:50:00;Provinciale entro l'abitato;VIA PRENESTINA;in prossimità;;del civico n.;1524;;Tamponamento Multiplo;Rettilineo;Una carreggiata a doppio senso;Asciutto;Asfaltata;Orizzontale;Sereno;Intenso;Sufficiente;Sufficiente;1;0;0;2;12,66542;41,8908;0;3;Autovettura privata;In marcia / fermata / arresto;Volkswagen;Touran;Conducente;1978;M;Illeso;0;;;
3623571;9;02/01/2018 19:55:00;;VIA DELLE CAVE;in corrispondenza;;del civico n.;30;;Tamponamento;;;;;;;;;;0;0;0;2;;;0;1;Autovettura privata;In marcia / fermata / arresto;Fiat-Lancia;YPSILON;Conducente;1980;M;Illeso;0;;;
3623571;9;02/01/2018 19:55:00;;VIA DELLE CAVE;in corrispondenza;;del civico n.;30;;Tamponamento;;;;;;;;;;0;0;0;2;;;0;2;Autovettura privata;In marcia / fermata / arresto;Mini;Cooper;Conducente;1969;F;Illeso;0;;;
3623572;5;02/01/2018 15:30:00;;VIA SALVIATI;in prossimità;;del civico n.;72;;Investimento di pedone;;;;;;;;;;1;0;0;0;12,58251;41,90634;0;;;;;;Pedone;0;F;Rimandato;0;NON DECEDUTO;;
3623575;8;02/01/2018 18:00:00;Strada Urbana;VIA SAN BIAGIO PLATANI;in corrispondenza;;del palo luce n.;29;;Scontro frontale/laterale SX fra veicoli in marcia;Rettilineo;Una carreggiata a doppio senso;Asciutto;Asfaltata;Verticale ed orizzontale;Sereno;Normale;Sufficiente;Sufficiente;1;0;0;1;12,64592;41,87369;0;1;Motociclo a solo;In marcia / fermata / arresto;Yamaha;YZFR1;Conducente;1990;M;Rimandato;0;NON DECEDUTO;Non accertato;
3623575;8;02/01/2018 18:00:00;Strada Urbana;VIA SAN BIAGIO PLATANI;in corrispondenza;;del palo luce n.;29;;Scontro frontale/laterale SX fra veicoli in marcia;Rettilineo;Una carreggiata a doppio senso;Asciutto;Asfaltata;Verticale ed orizzontale;Sereno;Normale;Sufficiente;Sufficiente;1;0;0;1;12,64592;41,87369;0;2;Autovettura privata;In marcia / fermata / arresto;Fiat;Punto;Conducente;1940;M;Illeso;0;;Non accertato;Inesploso
3623578;8;02/01/2018 22:40:00;Strada Urbana;VIA DELLA RISERVA NUOVA;in corrispondenza;;del civico n.;151;;Veicolo in marcia contro veicolo in sosta;Rettilineo;Una carreggiata a doppio senso;Asciutto;Asfaltata;Verticale ed orizzontale;Sereno;Scarso;Sufficiente;Sufficiente;0;0;0;1;12,68066;41,89541;0;1;Autovettura privata;In marcia / fermata / arresto;Volkswagen;Passat;Passeggero;1988;M;Illeso;0;;Non accertato;Inesploso
3623580;1;02/01/2018 11:00:00;Strada Urbana;VIA GIOVANNI GIOLITTI;all'intersezione semaforizzata con;VIA DI S. BIBIANA;VIA DI S. BIBIANA;;;Veicolo in marcia contro treno;Intersezione semaforizzata;Una carreggiata a doppio senso;Asciutto;Asfaltata;Verticale ed orizzontale;Sereno;Normale;Buona;Ore Diurne;0;0;0;3;;;0;1;Treno;In marcia / fermata / arresto;(non accertato);(non accertato);Conducente;1970;M;Illeso;0;;;
3623580;1;02/01/2018 11:00:00;Strada Urbana;VIA GIOVANNI GIOLITTI;all'intersezione semaforizzata con;VIA DI S. BIBIANA;VIA DI S. BIBIANA;;;Veicolo in marcia contro treno;Intersezione semaforizzata;Una carreggiata a doppio senso;Asciutto;Asfaltata;Verticale ed orizzontale;Sereno;Normale;Buona;Ore Diurne;0;0;0;3;;;0;2;Autovettura privata;In marcia / fermata / arresto;BMW;520 D;Conducente;1989;M;Illeso;0;;;
3623580;1;02/01/2018 11:00:00;Strada Urbana;VIA GIOVANNI GIOLITTI;all'intersezione semaforizzata con;VIA DI S. BIBIANA;VIA DI S. BIBIANA;;;Veicolo in marcia contro treno;Intersezione semaforizzata;Una carreggiata a doppio senso;Asciutto;Asfaltata;Verticale ed orizzontale;Sereno;Normale;Buona;Ore Diurne;0;0;0;3;;;0;2;Autovettura privata;In marcia / fermata / arresto;BMW;520 D;Passeggero;2017;M;Illeso;0;;;
3623581;20;02/01/2018 13:45:00;Strada Urbana;LUNGOTEVERE DELLA VITTORIA;da specificare;;;;fronte civ. 13 (su pista ciclabile);Ribaltamento senza urto contro ostacolo fisso;Rettilineo;Una carreggiata a doppio senso;Asciutto;In conglomerato cementizio;Verticale ed orizzontale;Sereno;Scarso;Buona;Ore Diurne;1;0;0;0;12,46206;41,92258;-1;1;Velocipede;In marcia / fermata / arresto;Faram;(non accertato);Conducente;1971;M;Rimandato;0;NON DECEDUTO;Esente;
3623583;20;02/01/2018 19:40:00;Regionale entro l'abitato;VIA CASSIA NUOVA;all'intersezione con;VIA CASSIA;VIA CASSIA;;;Scontro frontale fra veicoli in marcia;Intersezione stradale segnalata;Una carreggiata a doppio senso;Asciutto;Asfaltata;Verticale ed orizzontale;Sereno;Normale;Sufficiente;Sufficiente;1;0;0;2;12,46491;41,95356;-1;1;Quadriciclo leggero;In marcia / fermata / arresto;AIXAM;MEGA K34V;Conducente;2000;M;Illeso;0;;;
3623583;20;02/01/2018 19:40:00;Regionale entro l'abitato;VIA CASSIA NUOVA;all'intersezione con;VIA CASSIA;VIA CASSIA;;;Scontro frontale fra veicoli in marcia;Intersezione stradale segnalata;Una carreggiata a doppio senso;Asciutto;Asfaltata;Verticale ed orizzontale;Sereno;Normale;Sufficiente;Sufficiente;1;0;0;2;12,46491;41,95356;-1;1;Quadriciclo leggero;In marcia / fermata / arresto;AIXAM;MEGA K34V;Passeggero;1999;F;Illeso;0;;;
3623583;20;02/01/2018 19:40:00;Regionale entro l'abitato;VIA CASSIA NUOVA;all'intersezione con;VIA CASSIA;VIA CASSIA;;;Scontro frontale fra veicoli in marcia;Intersezione stradale segnalata;Una carreggiata a doppio senso;Asciutto;Asfaltata;Verticale ed orizzontale;Sereno;Normale;Sufficiente;Sufficiente;1;0;0;2;12,46491;41,95356;-1;2;Motociclo a solo;In marcia / fermata / arresto;Piaggio;Beverly;Conducente;1975;M;Rimandato;0;NON DECEDUTO;;
3623585;20;02/01/2018 08:00:00;Strada Urbana;VICOLO CESANENSE;da specificare;;;;prossimità Via Cesanense;Scontro laterale fra veicoli in marcia;Rettilineo;Una carreggiata a doppio senso;Bagnato (umidità in atto);Asfaltata;Orizzontale;Nuvoloso;Scarso;Buona;Ore Diurne;0;0;0;2;12,34697;42,09155;-1;1;Autovettura privata;In marcia / fermata / arresto;Toyota;Rav 4;Conducente;1984;M;Illeso;0;;Non accertato;Inesploso
3623585;20;02/01/2018 08:00:00;Strada Urbana;VICOLO CESANENSE;da specificare;;;;prossimità Via Cesanense;Scontro laterale fra veicoli in marcia;Rettilineo;Una carreggiata a doppio senso;Bagnato (umidità in atto);Asfaltata;Orizzontale;Nuvoloso;Scarso;Buona;Ore Diurne;0;0;0;2;12,34697;42,09155;-1;2;Autovettura privata;In marcia / fermata / arresto;Peugeot;206;Conducente;1982;M;Illeso;0;;Non accertato;Inesploso
3623589;20;02/01/2018 15:10:00;Strada Urbana;VIALE ANTONINO DI SAN GIULIANO;da specificare;;;;rampa per Via del Foro Italico dir. Salaria;Veicolo in marcia contro ostacolo fisso;Rettilineo;Una carreggiata a senso unico di marcia;Asciutto;Asfaltata;Verticale ed orizzontale;Sereno;Normale;Buona;Ore Diurne;0;0;0;2;12,4606;41,93712;0;1;Motociclo con passeggero;In marcia / fermata / arresto;Honda;SH 150;Conducente;1953;M;Illeso;0;;Non accertato;
3623589;20;02/01/2018 15:10:00;Strada Urbana;VIALE ANTONINO DI SAN GIULIANO;da specificare;;;;rampa per Via del Foro Italico dir. Salaria;Veicolo in marcia contro ostacolo fisso;Rettilineo;Una carreggiata a senso unico di marcia;Asciutto;Asfaltata;Verticale ed orizzontale;Sereno;Normale;Buona;Ore Diurne;0;0;0;2;12,4606;41,93712;0;1;Motociclo con passeggero;In marcia / fermata / arresto;Honda;SH 150;Passeggero;1982;M;Illeso;0;;Non accertato;
3623590;15;02/01/2018 13:50:00;Strada Urbana;VIA DELLE VIGNE;all'intersezione con;VIA DEL MONTE DELLE PICHE;VIA DEL MONTE DELLE PICHE;;;Scontro frontale/laterale DX fra veicoli in marcia;Incrocio;Una carreggiata a doppio senso;Asciutto;Asfaltata;Verticale;Sereno;Scarso;Buona;Ore Diurne;0;0;0;2;12,42197;41,84034;-1;1;Autovettura privata;In marcia / fermata / arresto;Suzuki;Wagon R;Conducente;1941;M;Illeso;0;;;
3623590;15;02/01/2018 13:50:00;Strada Urbana;VIA DELLE VIGNE;all'intersezione con;VIA DEL MONTE DELLE PICHE;VIA DEL MONTE DELLE PICHE;;;Scontro frontale/laterale DX fra veicoli in marcia;Incrocio;Una carreggiata a doppio senso;Asciutto;Asfaltata;Verticale;Sereno;Scarso;Buona;Ore Diurne;0;0;0;2;12,42197;41,84034;-1;2;Autovettura privata;In marcia / fermata / arresto;Opel;Zafira;Conducente;1968;M;Illeso;0;;;
3623591;11;02/01/2018 12:30:00;Strada Urbana;VIA OSTIENSE;da specificare;;;;alt. civico 131;Veicolo in marcia contro veicolo in sosta;Rettilineo;Più di due carreggiate;Asciutto;Asfaltata;Orizzontale;Sereno;Normale;Buona;Ore Diurne;0;0;0;1;;;0;2;Autovettura privata;In marcia / fermata / arresto;Mercedes;Smart Fortwo Coupè;Conducente;1960;F;Illeso;0;;Non accertato;
3623596;9;03/01/2018 00:15:00;;VIA EMILIO LONGONI;in prossimità;;del palo luce n.;37;;Tamponamento;;;;;;;;;;1;0;0;1;;;0;1;Autocarro superiore 35 q.;In marcia / fermata / arresto;Iveco;180;Conducente;1977;M;Illeso;0;;Non accertato;Inesploso
3623596;9;03/01/2018 00:15:00;;VIA EMILIO LONGONI;in prossimità;;del palo luce n.;37;;Tamponamento;;;;;;;;;;1;0;0;1;;;0;2;Autovettura privata;In marcia / fermata / arresto;Ford;KA;Conducente;1988;F;Rimandato;0;NON DECEDUTO;Non accertato;Inesploso
3623597;7;02/01/2018 17:45:00;;VIA PRENESTINA;in corrispondenza;;del civico n.;1060;;Investimento di pedone;;;;;;;;;;2;0;0;0;;;0;;;;;;Pedone;1973;M;Rimandato;0;NON DECEDUTO;;
3623597;7;02/01/2018 17:45:00;;VIA PRENESTINA;in corrispondenza;;del civico n.;1060;;Investimento di pedone;;;;;;;;;;2;0;0;0;;;0;1;Motociclo a solo;In marcia / fermata / arresto;Honda;sh300;Conducente;1984;M;Rimandato;0;NON DECEDUTO;;
3623605;15;02/01/2018 19:15:00;;VIA DELLA MAGLIANA;da specificare;;;;altezza rampa immiss. GRA dir. Fiumicino;Scontro frontale/laterale SX fra veicoli in marcia;;;;;;;;;;2;0;0;1;12,4243;41,83404;0;1;Autovettura privata;In marcia / fermata / arresto;Toyota;Yaris;Conducente;0;F;Rifiuta cure immediate;0;NON DECEDUTO;;
3623605;15;02/01/2018 19:15:00;;VIA DELLA MAGLIANA;da specificare;;;;altezza rampa immiss. GRA dir. Fiumicino;Scontro frontale/laterale SX fra veicoli in marcia;;;;;;;;;;2;0;0;1;12,4243;41,83404;0;1;Autovettura privata;In marcia / fermata / arresto;Toyota;Yaris;Passeggero;0;F;Rifiuta cure immediate;0;NON DECEDUTO;;
3623605;15;02/01/2018 19:15:00;;VIA DELLA MAGLIANA;da specificare;;;;altezza rampa immiss. GRA dir. Fiumicino;Scontro frontale/laterale SX fra veicoli in marcia;;;;;;;;;;2;0;0;1;12,4243;41,83404;0;2;Autovettura privata;In marcia / fermata / arresto;Ford;Fiesta;Conducente;0;M;Illeso;0;;;
3623606;6;02/01/2018 23:20:00;Strada Urbana;VIA AOSTA;in corrispondenza;;del civico n.;26;;Investimento di pedone;Rettilineo;Due carreggiate;Asciutto;Asfaltata;Verticale ed orizzontale;Sereno;Scarso;Sufficiente;Sufficiente;1;0;0;1;;;0;;;;;;Pedone;1985;F;Rimandato;0;NON DECEDUTO;;
3623606;6;02/01/2018 23:20:00;Strada Urbana;VIA AOSTA;in corrispondenza;;del civico n.;26;;Investimento di pedone;Rettilineo;Due carreggiate;Asciutto;Asfaltata;Verticale ed orizzontale;Sereno;Scarso;Sufficiente;Sufficiente;1;0;0;1;;;0;1;Autovettura privata;In marcia / fermata / arresto;Volkswagen;Golf;Conducente;1967;F;Illeso;0;;;
3623612;20;02/01/2018 17:15:00;Strada Urbana;VIA DI VALLE MURICANA;da specificare;;;;FRONTE CIVICO 83;Veicolo in marcia contro veicolo in sosta;Rettilineo;Una carreggiata a doppio senso;Asciutto;Asfaltata;Orizzontale;Sereno;Scarso;Buona;Ore Diurne;0;0;0;1;12,46988;42,02268;0;2;Autovettura privata;In marcia / fermata / arresto;Toyota;Aygo;Conducente;1975;F;Illeso;0;;;
3623616;13;02/01/2018 17:40:00;Strada Urbana;VIA TANCREDI CHIARALUCE;da specificare;;;;prossimità via del Ponte di Tor Boacciana;Veicolo in marcia contro ostacolo accidentale;Rettilineo;Una carreggiata a doppio senso;Asciutto;Con buche;Orizzontale;Sereno;Normale;Sufficiente;Insufficiente;0;0;0;2;12,27017;41,74707;0;1;Autovettura privata;In marcia / fermata / arresto;Ford;b max;Conducente;1971;F;Illeso;0;;Non accertato;Inesploso
3623616;13;02/01/2018 17:40:00;Strada Urbana;VIA TANCREDI CHIARALUCE;da specificare;;;;prossimità via del Ponte di Tor Boacciana;Veicolo in marcia contro ostacolo accidentale;Rettilineo;Una carreggiata a doppio senso;Asciutto;Con buche;Orizzontale;Sereno;Normale;Sufficiente;Insufficiente;0;0;0;2;12,27017;41,74707;0;1;Autovettura privata;In marcia / fermata / arresto;Ford;b max;Passeggero;1974;M;Illeso;0;;Non accertato;Inesploso
3623619;5;02/01/2018 21:30:00;;VIA TIBURTINA;da specificare;;;;altezza GRA direzione centro;Scontro laterale fra veicoli in marcia;;;;;;;;;;1;0;0;0;12,60226;41,93407;0;1;Autovettura privata;In marcia / fermata / arresto;Alfa Romeo;156;Passeggero;0;M;Rimandato;0;NON DECEDUTO;;
3623624;4;02/01/2018 15:30:00;Strada Urbana;VIALE CARMELO BENE;all'intersezione semaforizzata con;VIA ADOLFO CELI;VIA ADOLFO CELI;;;Scontro laterale fra veicoli in marcia;Intersezione semaforizzata;Più di due carreggiate;Asciutto;Asfaltata;Orizzontale;Sereno;Normale;Sufficiente;Ore Diurne;1;0;0;2;;;0;1;Autovettura di polizia;In marcia / fermata / arresto;Seat;Leon;Conducente;1982;M;Rifiuta cure immediate;0;NON DECEDUTO;;
3623624;4;02/01/2018 15:30:00;Strada Urbana;VIALE CARMELO BENE;all'intersezione semaforizzata con;VIA ADOLFO CELI;VIA ADOLFO CELI;;;Scontro laterale fra veicoli in marcia;Intersezione semaforizzata;Più di due carreggiate;Asciutto;Asfaltata;Orizzontale;Sereno;Normale;Sufficiente;Ore Diurne;1;0;0;2;;;0;1;Autovettura di polizia;In marcia / fermata / arresto;Seat;Leon;Passeggero;1973;M;Illeso;0;;;
3623624;4;02/01/2018 15:30:00;Strada Urbana;VIALE CARMELO BENE;all'intersezione semaforizzata con;VIA ADOLFO CELI;VIA ADOLFO CELI;;;Scontro laterale fra veicoli in marcia;Intersezione semaforizzata;Più di due carreggiate;Asciutto;Asfaltata;Orizzontale;Sereno;Normale;Sufficiente;Ore Diurne;1;0;0;2;;;0;2;Autovettura privata;In marcia / fermata / arresto;Citroen;C 3;Conducente;1970;F;Illeso;0;;;
3623634;1;02/01/2018 13:15:00;Strada Urbana;VIA DEL TEATRO DI MARCELLO;in corrispondenza;;del palo luce n.;5;;Scontro laterale fra veicoli in marcia;Curva senza visuale libera;Una carreggiata a doppio senso;Asciutto;In cubetti di porfido;Verticale ed orizzontale;Sereno;Normale;Buona;Ore Diurne;0;0;0;3;;;0;1;Autobus turistico;In marcia / fermata / arresto;Setra;(non accertato);Conducente;1954;M;Illeso;0;;;
3623634;1;02/01/2018 13:15:00;Strada Urbana;VIA DEL TEATRO DI MARCELLO;in corrispondenza;;del palo luce n.;5;;Scontro laterale fra veicoli in marcia;Curva senza visuale libera;Una carreggiata a doppio senso;Asciutto;In cubetti di porfido;Verticale ed orizzontale;Sereno;Normale;Buona;Ore Diurne;0;0;0;3;;;0;2;Autovettura privata;In marcia / fermata / arresto;Honda;CR-V;Conducente;1955;M;Illeso;0;;;
3623634;1;02/01/2018 13:15:00;Strada Urbana;VIA DEL TEATRO DI MARCELLO;in corrispondenza;;del palo luce n.;5;;Scontro laterale fra veicoli in marcia;Curva senza visuale libera;Una carreggiata a doppio senso;Asciutto;In cubetti di porfido;Verticale ed orizzontale;Sereno;Normale;Buona;Ore Diurne;0;0;0;3;;;0;2;Autovettura privata;In marcia / fermata / arresto;Honda;CR-V;Passeggero;1976;F;Illeso;0;;;
3623635;15;02/01/2018 12:15:00;;VIA DELLA MAGLIANA;da specificare;;;;DIR. CENTRO CORRISPONDENZA PALO LUCE 291;Tamponamento Multiplo;;;;;;;;;;2;0;0;6;;;0;1;Autovettura privata;In marcia / fermata / arresto;Peugeot; 2008;Conducente;0;F;Illeso;0;;;
3623635;15;02/01/2018 12:15:00;;VIA DELLA MAGLIANA;da specificare;;;;DIR. CENTRO CORRISPONDENZA PALO LUCE 291;Tamponamento Multiplo;;;;;;;;;;2;0;0;6;;;0;1;Autovettura privata;In marcia / fermata / arresto;Peugeot; 2008;Passeggero;0;F;Illeso;0;;;
3623635;15;02/01/2018 12:15:00;;VIA DELLA MAGLIANA;da specificare;;;;DIR. CENTRO CORRISPONDENZA PALO LUCE 291;Tamponamento Multiplo;;;;;;;;;;2;0;0;6;;;0;2;Autovettura privata;In marcia / fermata / arresto;BMW;316 i;Conducente;0;M;Illeso;0;;;
3623635;15;02/01/2018 12:15:00;;VIA DELLA MAGLIANA;da specificare;;;;DIR. CENTRO CORRISPONDENZA PALO LUCE 291;Tamponamento Multiplo;;;;;;;;;;2;0;0;6;;;0;3;Autovettura privata;In marcia / fermata / arresto;Volkswagen;Polo;Conducente;0;F;Illeso;0;;;
3623635;15;02/01/2018 12:15:00;;VIA DELLA MAGLIANA;da specificare;;;;DIR. CENTRO CORRISPONDENZA PALO LUCE 291;Tamponamento Multiplo;;;;;;;;;;2;0;0;6;;;0;3;Autovettura privata;In marcia / fermata / arresto;Volkswagen;Polo;Passeggero;0;F;Illeso;0;;;