Protocollo;Gruppo;DataOraIncidente;Localizzazione1;STRADA1;Localizzazione2;STRADA2;Strada02;Chilometrica;DaSpecificare;NaturaIncidente;particolaritastrade;TipoStrada;FondoStradale;Pavimentazione;Segnaletica;CondizioneAtmosferica;Traffico;Visibilita;Illuminazione;NUM_FERITI;NUM_RISERVATA;NUM_MORTI;NUM_ILLESI;Longitudine;Latitudine;Confermato;Progressivo;TipoVeicolo;StatoVeicolo;Marca;Modello;TipoPersona;AnnoNascita;Sesso;Tipolesione;Deceduto;DecedutoDopo;CinturaCascoUtilizzato;Airbag;
3623635;15;02/01/2018 12:15:00;;VIA DELLA MAGLIANA;da specificare;;;;DIR. CENTRO CORRISPONDENZA PALO LUCE 291;Tamponamento Multiplo;;;;;;;;;;2;0;0;6;;;0;4;Autovettura privata;In marcia / fermata / arresto;Chevrolet;Matiz;Conducente;0;M;Rimandato;0;NON DECEDUTO;;
3623635;15;02/01/2018 12:15:00;;VIA DELLA MAGLIANA;da specificare;;;;DIR. CENTRO CORRISPONDENZA PALO LUCE 291;Tamponamento Multiplo;;;;;;;;;;2;0;0;6;;;0;5;Autovettura privata;In marcia / fermata / arresto;Ford;KA;Conducente;0;F;Rifiuta cure immediate;0;NON DECEDUTO;;
3623637;19;02/01/2018 16:45:00;Strada Urbana;VIA CLEMENTE XII;all'intersezione con;VIA ALESSANDRO VII;VIA ALESSANDRO VII;;;Scontro frontale/laterale DX fra veicoli in marcia;Incrocio;Una carreggiata a doppio senso;Asciutto;Asfaltata;Verticale ed orizzontale;Sereno;Normale;Buona;Ore Diurne;0;0;0;6;12,42225;41,92137;-1;1;Autovettura privata;In marcia / fermata / arresto;Alfa Romeo;MITO;Conducente;1996;M;Illeso;0;;;
3623637;19;02/01/2018 16:45:00;Strada Urbana;VIA CLEMENTE XII;all'intersezione con;VIA ALESSANDRO VII;VIA ALESSANDRO VII;;;Scontro frontale/laterale DX fra veicoli in marcia;Incrocio;Una carreggiata a doppio senso;Asciutto;Asfaltata;Verticale ed orizzontale;Sereno;Normale;Buona;Ore Diurne;0;0;0;6;12,42225;41,92137;-1;1;Autovettura privata;In marcia / fermata / arresto;Alfa Romeo;MITO;Passeggero;1996;M;Illeso;0;;;
3623637;19;02/01/2018 16:45:00;Strada Urbana;VIA CLEMENTE XII;all'intersezione con;VIA ALESSANDRO VII;VIA ALESSANDRO VII;;;Scontro frontale/laterale DX fra veicoli in marcia;Incrocio;Una carreggiata a doppio senso;Asciutto;Asfaltata;Verticale ed orizzontale;Sereno;Normale;Buona;Ore Diurne;0;0;0;6;12,42225;41,92137;-1;2;Autovettura privata;In marcia / fermata / arresto;Ford;Fiesta;Conducente;1971;M;Illeso;0;;;
3623637;19;02/01/2018 16:45:00;Strada Urbana;VIA CLEMENTE XII;all'intersezione con;VIA ALESSANDRO VII;VIA ALESSANDRO VII;;;Scontro frontale/laterale DX fra veicoli in marcia;Incrocio;Una carreggiata a doppio senso;Asciutto;Asfaltata;Verticale ed orizzontale;Sereno;Normale;Buona;Ore Diurne;0;0;0;6;12,42225;41,92137;-1;2;Autovettura privata;In marcia / fermata / arresto;Ford;Fiesta;Passeggero;2004;M;Illeso;0;;;
3623637;19;02/01/2018 16:45:00;Strada Urbana;VIA CLEMENTE XII;all'intersezione con;VIA ALESSANDRO VII;VIA ALESSANDRO VII;;;Scontro frontale/laterale DX fra veicoli in marcia;Incrocio;Una carreggiata a doppio senso;Asciutto;Asfaltata;Verticale ed orizzontale;Sereno;Normale;Buona;Ore Diurne;0;0;0;6;12,42225;41,92137;-1;2;Autovettura privata;In marcia / fermata / arresto;Ford;Fiesta;Passeggero;2007;M;Illeso;0;;;
3623638;19;02/01/2018 11:00:00;Strada Urbana;VIA TRIONFALE;all'intersezione con;VIA GIOVANNI DELLA CASA;VIA GIOVANNI DELLA CASA;;;Scontro frontale/laterale SX fra veicoli in marcia;Incrocio;Una carreggiata a doppio senso;Asciutto;Asfaltata;Orizzontale;Sereno;Normale;Buona;Ore Diurne;1;0;0;3;12,41773;41,94545;0;1;Autovettura privata;In marcia / fermata / arresto;Fiat;Idea;Conducente;1937;M;Illeso;0;;Non accertato;Inesploso
3623638;19;02/01/2018 11:00:00;Strada Urbana;VIA TRIONFALE;all'intersezione con;VIA GIOVANNI DELLA CASA;VIA GIOVANNI DELLA CASA;;;Scontro frontale/laterale SX fra veicoli in marcia;Incrocio;Una carreggiata a doppio senso;Asciutto;Asfaltata;Orizzontale;Sereno;Normale;Buona;Ore Diurne;1;0;0;3;12,41773;41,94545;0;1;Autovettura privata;In marcia / fermata / arresto;Fiat;Idea;Passeggero;1935;F;Illeso;0;;Non accertato;Inesploso
3623638;19;02/01/2018 11:00:00;Strada Urbana;VIA TRIONFALE;all'intersezione con;VIA GIOVANNI DELLA CASA;VIA GIOVANNI DELLA CASA;;;Scontro frontale/laterale SX fra veicoli in marcia;Incrocio;Una carreggiata a doppio senso;Asciutto;Asfaltata;Orizzontale;Sereno;Normale;Buona;Ore Diurne;1;0;0;3;12,41773;41,94545;0;1;Autovettura privata;In marcia / fermata / arresto;Fiat;Idea;Passeggero;1948;F;Illeso;0;;Non accertato;Inesploso
3623638;19;02/01/2018 11:00:00;Strada Urbana;VIA TRIONFALE;all'intersezione con;VIA GIOVANNI DELLA CASA;VIA GIOVANNI DELLA CASA;;;Scontro frontale/laterale SX fra veicoli in marcia;Incrocio;Una carreggiata a doppio senso;Asciutto;Asfaltata;Orizzontale;Sereno;Normale;Buona;Ore Diurne;1;0;0;3;12,41773;41,94545;0;2;Motociclo a solo;In marcia / fermata / arresto;Honda;SH 150;Conducente;1994;M;Rimandato;0;NON DECEDUTO;Non accertato;
3623641;10;02/01/2018 09:10:00;Strada Urbana;CIRCONVALLAZIONE ORIENTALE;all'intersezione con;VIA GIUSTO FONTANINI;VIA GIUSTO FONTANINI;;;Tamponamento Multiplo;Incrocio;Una carreggiata a senso unico di marcia;Bagnato (umidità in atto);Asfaltata;Verticale ed orizzontale;Nuvoloso;Normale;Buona;Ore Diurne;0;0;0;3;12,58543;41,83016;-1;1;Autovettura privata;In marcia / fermata / arresto;Peugeot;208;Conducente;1990;F;Illeso;0;;Non accertato;Inesploso
3623641;10;02/01/2018 09:10:00;Strada Urbana;CIRCONVALLAZIONE ORIENTALE;all'intersezione con;VIA GIUSTO FONTANINI;VIA GIUSTO FONTANINI;;;Tamponamento Multiplo;Incrocio;Una carreggiata a senso unico di marcia;Bagnato (umidità in atto);Asfaltata;Verticale ed orizzontale;Nuvoloso;Normale;Buona;Ore Diurne;0;0;0;3;12,58543;41,83016;-1;2;Autovettura privata;In marcia / fermata / arresto;Citroen;C4 Picasso;Conducente;1968;F;Illeso;0;;Non accertato;Inesploso
3623641;10;02/01/2018 09:10:00;Strada Urbana;CIRCONVALLAZIONE ORIENTALE;all'intersezione con;VIA GIUSTO FONTANINI;VIA GIUSTO FONTANINI;;;Tamponamento Multiplo;Incrocio;Una carreggiata a senso unico di marcia;Bagnato (umidità in atto);Asfaltata;Verticale ed orizzontale;Nuvoloso;Normale;Buona;Ore Diurne;0;0;0;3;12,58543;41,83016;-1;3;Autovettura privata;In marcia / fermata / arresto;Mercedes;Sprinter;Conducente;1982;M;Illeso;0;;Non accertato;Inesploso
3623643;4;02/01/2018 19:00:00;Strada Urbana;VIALE GINO CERVI;da specificare;;;;prossimità f.c. 14;Scontro laterale fra veicoli in marcia;Rettilineo;Due carreggiate;Asciutto;Asfaltata;Assente;Sereno;Normale;Sufficiente;Sufficiente;0;0;0;4;12,53237;41,96296;0;1;Autovettura privata;In marcia / fermata / arresto;Opel;AGILA;Conducente;1997;M;Illeso;0;;;
3623643;4;02/01/2018 19:00:00;Strada Urbana;VIALE GINO CERVI;da specificare;;;;prossimità f.c. 14;Scontro laterale fra veicoli in marcia;Rettilineo;Due carreggiate;Asciutto;Asfaltata;Assente;Sereno;Normale;Sufficiente;Sufficiente;0;0;0;4;12,53237;41,96296;0;1;Autovettura privata;In marcia / fermata / arresto;Opel;AGILA;Passeggero;1997;M;Illeso;0;;;
3623643;4;02/01/2018 19:00:00;Strada Urbana;VIALE GINO CERVI;da specificare;;;;prossimità f.c. 14;Scontro laterale fra veicoli in marcia;Rettilineo;Due carreggiate;Asciutto;Asfaltata;Assente;Sereno;Normale;Sufficiente;Sufficiente;0;0;0;4;12,53237;41,96296;0;2;Autovettura privata;In marcia / fermata / arresto;Lancia;Ypsilon;Conducente;1998;F;Illeso;0;;Non accertato;
3623643;4;02/01/2018 19:00:00;Strada Urbana;VIALE GINO CERVI;da specificare;;;;prossimità f.c. 14;Scontro laterale fra veicoli in marcia;Rettilineo;Due carreggiate;Asciutto;Asfaltata;Assente;Sereno;Normale;Sufficiente;Sufficiente;0;0;0;4;12,53237;41,96296;0;2;Autovettura privata;In marcia / fermata / arresto;Lancia;Ypsilon;Passeggero;2000;F;Illeso;0;;;
3623647;10;02/01/2018 17:45:00;Strada Urbana;VIALE BRUNO RIZZIERI;da specificare;;;;Pross. rotatoria S. Oberto;Scontro laterale fra veicoli in marcia;Rettilineo;Due carreggiate;Asciutto;Asfaltata;Verticale ed orizzontale;Sereno;Normale;Sufficiente;Sufficiente;0;0;0;3;12,58809;41,85263;0;1;Autovettura privata;In marcia / fermata / arresto;Nissan;QASHQAI;Conducente;1985;M;Illeso;0;;;
3623647;10;02/01/2018 17:45:00;Strada Urbana;VIALE BRUNO RIZZIERI;da specificare;;;;Pross. rotatoria S. Oberto;Scontro laterale fra veicoli in marcia;Rettilineo;Due carreggiate;Asciutto;Asfaltata;Verticale ed orizzontale;Sereno;Normale;Sufficiente;Sufficiente;0;0;0;3;12,58809;41,85263;0;2;Autovettura privata;In marcia / fermata / arresto;Daimler Chrysler;A 180;Conducente;1966;M;Illeso;0;;Non accertato;Inesploso
3623647;10;02/01/2018 17:45:00;Strada Urbana;VIALE BRUNO RIZZIERI;da specificare;;;;Pross. rotatoria S. Oberto;Scontro laterale fra veicoli in marcia;Rettilineo;Due carreggiate;Asciutto;Asfaltata;Verticale ed orizzontale;Sereno;Normale;Sufficiente;Sufficiente;0;0;0;3;12,58809;41,85263;0;2;Autovettura privata;In marcia / fermata / arresto;Daimler Chrysler;A 180;Passeggero;1961;F;Illeso;0;;Non accertato;Inesploso
3623654;19;02/01/2018 19:40:00;Strada Urbana;VIA DI CASAL DEL MARMO;in prossimità;;del civico n.;397;;Investimento di pedone;Rettilineo;Una carreggiata a doppio senso;Asciutto;Asfaltata;Orizzontale;Sereno;Normale;Buona;Sufficiente;0;1;0;1;12,38251;41,93506;-1;;;;;;Pedone;2001;F;Prognosi riservata;0;NON DECEDUTO;;
3623654;19;02/01/2018 19:40:00;Strada Urbana;VIA DI CASAL DEL MARMO;in prossimità;;del civico n.;397;;Investimento di pedone;Rettilineo;Una carreggiata a doppio senso;Asciutto;Asfaltata;Orizzontale;Sereno;Normale;Buona;Sufficiente;0;1;0;1;12,38251;41,93506;-1;1;Autovettura privata;In marcia / fermata / arresto;Fiat-Lancia;Y;Conducente;1962;M;Illeso;0;;;
3623656;10;02/01/2018 12:30:00;;VIA DI VERMICINO;in prossimità;;del civico n.;562;;Investimento di pedone;;;;;;;;;;1;0;0;1;;;0;;;;;;Pedone;2028;F;Rimandato;0;NON DECEDUTO;;
3623656;10;02/01/2018 12:30:00;;VIA DI VERMICINO;in prossimità;;del civico n.;562;;Investimento di pedone;;;;;;;;;;1;0;0;1;;;0;1;Autovettura privata;In marcia / fermata / arresto;Audi;A 2;Conducente;1989;M;Illeso;0;;;
3623657;6;03/01/2018 00:15:00;Strada Urbana;VIALE DELLA SERENISSIMA;da specificare;;;;DIREZIONE VIA PRENESTINA ALT. SVINCOLO A 24;Scontro laterale fra veicoli in marcia;Rettilineo;Due carreggiate;Asciutto;Asfaltata;Verticale ed orizzontale;Sereno;Scarso;Sufficiente;Sufficiente;1;0;0;1;12,5575;41,90393;-1;1;Autovettura privata;In marcia / fermata / arresto;Citroen;C3;Conducente;1998;F;Rifiuta cure immediate;0;NON DECEDUTO;;
3623657;6;03/01/2018 00:15:00;Strada Urbana;VIALE DELLA SERENISSIMA;da specificare;;;;DIREZIONE VIA PRENESTINA ALT. SVINCOLO A 24;Scontro laterale fra veicoli in marcia;Rettilineo;Due carreggiate;Asciutto;Asfaltata;Verticale ed orizzontale;Sereno;Scarso;Sufficiente;Sufficiente;1;0;0;1;12,5575;41,90393;-1;2;Autovettura privata;In marcia / fermata / arresto;Opel;Mokka;Conducente;1958;M;Illeso;0;;;
3623670;6;03/01/2018 03:00:00;Strada Urbana;VIALE APPIO CLAUDIO;in corrispondenza;;del civico n.;45;;Veicolo in marcia contro ostacolo fisso;Rettilineo;Una carreggiata a doppio senso;Asciutto;Asfaltata;Verticale ed orizzontale;Sereno;Scarso;Buona;Sufficiente;1;0;0;0;12,55474;41,83899;0;1;Autovettura privata;In marcia / fermata / arresto;Fiat;Panda;Conducente;1998;M;Rimandato;0;NON DECEDUTO;Non accertato;Inesploso
3623673;10;03/01/2018 00:10:00;Provinciale;VIA PRENESTINA;in prossimità;;del palo luce n.;677;;Ribaltamento senza urto contro ostacolo fisso;Rettilineo;Una carreggiata a doppio senso;Asciutto;Asfaltata;Verticale;Sereno;Scarso;Sufficiente;Ore Diurne;1;0;0;1;12,66874;41,89086;0;1;Autovettura privata;In marcia / fermata / arresto;Lancia;Ypsilon;Conducente;1995;F;Rimandato;0;NON DECEDUTO;Non accertato;Inesploso
3623673;10;03/01/2018 00:10:00;Provinciale;VIA PRENESTINA;in prossimità;;del palo luce n.;677;;Ribaltamento senza urto contro ostacolo fisso;Rettilineo;Una carreggiata a doppio senso;Asciutto;Asfaltata;Verticale;Sereno;Scarso;Sufficiente;Ore Diurne;1;0;0;1;12,66874;41,89086;0;1;Autovettura privata;In marcia / fermata / arresto;Lancia;Ypsilon;Passeggero;1994;M;Illeso;0;;Non accertato;Inesploso
3623678;19;02/01/2018 14:00:00;Strada Urbana;VIA ANGELO FAVA;all'intersezione con;VIA ALESSANDRO AVOLI;VIA ALESSANDRO AVOLI;;;Scontro laterale fra veicoli in marcia;Incrocio;Una carreggiata a senso unico di marcia;Asciutto;Asfaltata;Assente;Sereno;Normale;Buona;Ore Diurne;0;0;0;2;12,42497;41,94121;-1;1;Autovettura privata;In marcia / fermata / arresto;Citroen;C 3;Conducente;1979;M;Illeso;0;;;
3623678;19;02/01/2018 14:00:00;Strada Urbana;VIA ANGELO FAVA;all'intersezione con;VIA ALESSANDRO AVOLI;VIA ALESSANDRO AVOLI;;;Scontro laterale fra veicoli in marcia;Incrocio;Una carreggiata a senso unico di marcia;Asciutto;Asfaltata;Assente;Sereno;Normale;Buona;Ore Diurne;0;0;0;2;12,42497;41,94121;-1;2;Autovettura privata;In marcia / fermata / arresto;Opel;(ignoto);Conducente;1987;M;Illeso;0;;;
3623683;3;01/01/2018;Strada Urbana;VIA GIOVANNI BATTISTA DE ROSSI;in prossimità;;del civico n.;36;;Veicolo in marcia contro veicoli in sosta;Rettilineo;Una carreggiata a senso unico di marcia;Bagnato (pioggia);Asfaltata;Verticale ed orizzontale;Nuvoloso;Scarso;Sufficiente;Sufficiente;0;0;0;1;12,51721;41,91632;0;1;Autovettura privata;In marcia / fermata / arresto;Audi;A 2;Conducente;1993;F;Illeso;0;;Non accertato;
3623688;4;02/01/2018 18:00:00;;VIA DELLO SCALO DI SETTEBAGNI;in corrispondenza;;del civico n.;11;;Veicolo in marcia contro ostacolo fisso;;;;;;;;;;0;0;0;2;;;0;1;Autovettura privata;In marcia / fermata / arresto;Nissan;Micra;Conducente;1963;F;Illeso;0;;;
3623688;4;02/01/2018 18:00:00;;VIA DELLO SCALO DI SETTEBAGNI;in corrispondenza;;del civico n.;11;;Veicolo in marcia contro ostacolo fisso;;;;;;;;;;0;0;0;2;;;0;1;Autovettura privata;In marcia / fermata / arresto;Nissan;Micra;Passeggero;1962;F;Illeso;0;;;
3623689;1;02/01/2018 16:45:00;Strada Urbana;PIAZZALE UGO LA MALFA;all'intersezione con;VIA DELLE TERME DECIANE;VIA DELLE TERME DECIANE;;;Scontro frontale/laterale DX fra veicoli in marcia;Incrocio;Due carreggiate;Asciutto;Asfaltata;Verticale ed orizzontale;Sereno;Normale;Buona;Ore Diurne;1;0;0;5;;;0;1;Autovettura privata;In marcia / fermata / arresto;Mercedes;Smart Fortwo;Conducente;1997;M;Illeso;0;;;
3623689;1;02/01/2018 16:45:00;Strada Urbana;PIAZZALE UGO LA MALFA;all'intersezione con;VIA DELLE TERME DECIANE;VIA DELLE TERME DECIANE;;;Scontro frontale/laterale DX fra veicoli in marcia;Incrocio;Due carreggiate;Asciutto;Asfaltata;Verticale ed orizzontale;Sereno;Normale;Buona;Ore Diurne;1;0;0;5;;;0;1;Autovettura privata;In marcia / fermata / arresto;Mercedes;Smart Fortwo;Passeggero;0;F;Illeso;0;;;
3623689;1;02/01/2018 16:45:00;Strada Urbana;PIAZZALE UGO LA MALFA;all'intersezione con;VIA DELLE TERME DECIANE;VIA DELLE TERME DECIANE;;;Scontro frontale/laterale DX fra veicoli in marcia;Incrocio;Due carreggiate;Asciutto;Asfaltata;Verticale ed orizzontale;Sereno;Normale;Buona;Ore Diurne;1;0;0;5;;;0;1;Autovettura privata;In marcia / fermata / arresto;Mercedes;Smart Fortwo;Passeggero;0;M;Illeso;0;;;
3623689;1;02/01/2018 16:45:00;Strada Urbana;PIAZZALE UGO LA MALFA;all'intersezione con;VIA DELLE TERME DECIANE;VIA DELLE TERME DECIANE;;;Scontro frontale/laterale DX fra veicoli in marcia;Incrocio;Due carreggiate;Asciutto;Asfaltata;Verticale ed orizzontale;Sereno;Normale;Buona;Ore Diurne;1;0;0;5;;;0;2;Motociclo con passeggero;In marcia / fermata / arresto;Piaggio;Vespa;Conducente;1979;M;Illeso;0;;;
3623689;1;02/01/2018 16:45:00;Strada Urbana;PIAZZALE UGO LA MALFA;all'intersezione con;VIA DELLE TERME DECIANE;VIA DELLE TERME DECIANE;;;Scontro frontale/laterale DX fra veicoli in marcia;Incrocio;Due carreggiate;Asciutto;Asfaltata;Verticale ed orizzontale;Sereno;Normale;Buona;Ore Diurne;1;0;0;5;;;0;2;Motociclo con passeggero;In marcia / fermata / arresto;Piaggio;Vespa;Passeggero;1990;F;Rimandato;0;NON DECEDUTO;;
3623695;3;01/01/2018 03:20:00;Strada Urbana;PIAZZALE VALERIO MASSIMO;all'intersezione semaforizzata con;VIA TIBURTINA;VIA TIBURTINA;;;Scontro frontale/laterale DX fra veicoli in marcia;Intersezione semaforizzata;Una carreggiata a doppio senso;Asciutto;Asfaltata;Verticale ed orizzontale;Sereno;Scarso;Sufficiente;Sufficiente;0;0;0;5;12,52207;41,90581;-1;1;Autovettura privata;In marcia / fermata / arresto;Fiat;Punto;Conducente;1971;F;Illeso;0;;Non accertato;
3623695;3;01/01/2018 03:20:00;Strada Urbana;PIAZZALE VALERIO MASSIMO;all'intersezione semaforizzata con;VIA TIBURTINA;VIA TIBURTINA;;;Scontro frontale/laterale DX fra veicoli in marcia;Intersezione semaforizzata;Una carreggiata a doppio senso;Asciutto;Asfaltata;Verticale ed orizzontale;Sereno;Scarso;Sufficiente;Sufficiente;0;0;0;5;12,52207;41,90581;-1;1;Autovettura privata;In marcia / fermata / arresto;Fiat;Punto;Passeggero;1975;M;Illeso;0;;Non accertato;
3623695;3;01/01/2018 03:20:00;Strada Urbana;PIAZZALE VALERIO MASSIMO;all'intersezione semaforizzata con;VIA TIBURTINA;VIA TIBURTINA;;;Scontro frontale/laterale DX fra veicoli in marcia;Intersezione semaforizzata;Una carreggiata a doppio senso;Asciutto;Asfaltata;Verticale ed orizzontale;Sereno;Scarso;Sufficiente;Sufficiente;0;0;0;5;12,52207;41,90581;-1;1;Autovettura privata;In marcia / fermata / arresto;Fiat;Punto;Passeggero;1976;M;Illeso;0;;Non accertato;
3623695;3;01/01/2018 03:20:00;Strada Urbana;PIAZZALE VALERIO MASSIMO;all'intersezione semaforizzata con;VIA TIBURTINA;VIA TIBURTINA;;;Scontro frontale/laterale DX fra veicoli in marcia;Intersezione semaforizzata;Una carreggiata a doppio senso;Asciutto;Asfaltata;Verticale ed orizzontale;Sereno;Scarso;Sufficiente;Sufficiente;0;0;0;5;12,52207;41,90581;-1;2;Autovettura privata;In marcia / fermata / arresto;Volkswagen;Golf Sw;Conducente;1985;M;Illeso;0;;Non accertato;
3623695;3;01/01/2018 03:20:00;Strada Urbana;PIAZZALE VALERIO MASSIMO;all'intersezione semaforizzata con;VIA TIBURTINA;VIA TIBURTINA;;;Scontro frontale/laterale DX fra veicoli in marcia;Intersezione semaforizzata;Una carreggiata a doppio senso;Asciutto;Asfaltata;Verticale ed orizzontale;Sereno;Scarso;Sufficiente;Sufficiente;0;0;0;5;12,52207;41,90581;-1;2;Autovettura privata;In marcia / fermata / arresto;Volkswagen;Golf Sw;Passeggero;1990;M;Illeso;0;;Non accertato;
3623717;17;03/01/2018 07:50:00;Strada Urbana;VIA ANDREA DORIA;all'intersezione con;VIA TUNISI;VIA TUNISI;;;Infortunio per sola frenata improvvisa;Intersezione semaforizzata;Una carreggiata a doppio senso;Asciutto;Asfaltata;Verticale ed orizzontale;Sereno;Normale;Buona;Ore Diurne;0;0;0;3;;;0;1;Autovettura privata;In marcia / fermata / arresto;Nissan;Micra;Conducente;1968;M;Illeso;0;;Non accertato;
3623717;17;03/01/2018 07:50:00;Strada Urbana;VIA ANDREA DORIA;all'intersezione con;VIA TUNISI;VIA TUNISI;;;Infortunio per sola frenata improvvisa;Intersezione semaforizzata;Una carreggiata a doppio senso;Asciutto;Asfaltata;Verticale ed orizzontale;Sereno;Normale;Buona;Ore Diurne;0;0;0;3;;;0;1;Autovettura privata;In marcia / fermata / arresto;Nissan;Micra;Passeggero;1962;M;Illeso;0;;;
3623717;17;03/01/2018 07:50:00;Strada Urbana;VIA ANDREA DORIA;all'intersezione con;VIA TUNISI;VIA TUNISI;;;Infortunio per sola frenata improvvisa;Intersezione semaforizzata;Una carreggiata a doppio senso;Asciutto;Asfaltata;Verticale ed orizzontale;Sereno;Normale;Buona;Ore Diurne;0;0;0;3;;;0;2;Motociclo a solo;In marcia / fermata / arresto;Honda;125 R;Conducente;1980;M;Illeso;0;;Non accertato;
3623755;23;02/01/2018 00:30:00;Provinciale;VIA DEL MARE;in corrispondenza;;della chilometrica;7.9;;Scontro laterale fra veicoli in marcia;Rettilineo;Due carreggiate;Bagnato (umidità in atto);Asfaltata;Verticale ed orizzontale;Sereno;Scarso;Buona;Inesistente;1;0;0;1;12,46323;41,84026;-1;1;Autovettura privata;In marcia / fermata / arresto;Toyota;Yaris;Conducente;1937;M;Rimandato;0;NON DECEDUTO;Non accertato;Inesploso
3623755;23;02/01/2018 00:30:00;Provinciale;VIA DEL MARE;in corrispondenza;;della chilometrica;7.9;;Scontro laterale fra veicoli in marcia;Rettilineo;Due carreggiate;Bagnato (umidità in atto);Asfaltata;Verticale ed orizzontale;Sereno;Scarso;Buona;Inesistente;1;0;0;1;12,46323;41,84026;-1;2;Autovettura privata;Allontanatosi;Ford;KA;Conducente;1993;M;Illeso;0;;Non accertato;Inesploso
3623763;19;02/01/2018 23:00:00;Strada Urbana;VIA MONTE MASSICO;all'intersezione con;VIA DELLE ISOLE CURZOLANE;VIA DELLE ISOLE CURZOLANE;;;Scontro frontale/laterale SX fra veicoli in marcia;Incrocio;Una carreggiata a doppio senso;Asciutto;Asfaltata;Verticale ed orizzontale;Sereno;Scarso;Buona;Sufficiente;1;0;0;3;12,52677;41,95047;0;1;Autovettura privata;In marcia / fermata / arresto;Ford;Fiesta;Conducente;1991;M;Illeso;0;;;
3623763;19;02/01/2018 23:00:00;Strada Urbana;VIA MONTE MASSICO;all'intersezione con;VIA DELLE ISOLE CURZOLANE;VIA DELLE ISOLE CURZOLANE;;;Scontro frontale/laterale SX fra veicoli in marcia;Incrocio;Una carreggiata a doppio senso;Asciutto;Asfaltata;Verticale ed orizzontale;Sereno;Scarso;Buona;Sufficiente;1;0;0;3;12,52677;41,95047;0;1;Autovettura privata;In marcia / fermata / arresto;Ford;Fiesta;Passeggero;1997;M;Illeso;0;;;
3623763;19;02/01/2018 23:00:00;Strada Urbana;VIA MONTE MASSICO;all'intersezione con;VIA DELLE ISOLE CURZOLANE;VIA DELLE ISOLE CURZOLANE;;;Scontro frontale/laterale SX fra veicoli in marcia;Incrocio;Una carreggiata a doppio senso;Asciutto;Asfaltata;Verticale ed orizzontale;Sereno;Scarso;Buona;Sufficiente;1;0;0;3;12,52677;41,95047;0;1;Autovettura privata;In marcia / fermata / arresto;Ford;Fiesta;Passeggero;1999;F;Illeso;0;;;
3623763;19;02/01/2018 23:00:00;Strada Urbana;VIA MONTE MASSICO;all'intersezione con;VIA DELLE ISOLE CURZOLANE;VIA DELLE ISOLE CURZOLANE;;;Scontro frontale/laterale SX fra veicoli in marcia;Incrocio;Una carreggiata a doppio senso;Asciutto;Asfaltata;Verticale ed orizzontale;Sereno;Scarso;Buona;Sufficiente;1;0;0;3;12,52677;41,95047;0;2;Motociclo a solo;In marcia / fermata / arresto;Honda;SH 125;Conducente;1999;M;Rimandato;0;NON DECEDUTO;;
3623772;3;01/01/2018 04:50:00;Strada Urbana;PIAZZA SALERNO;da specificare;;;;fronte civ. 3;Veicolo in marcia contro ostacolo fisso;Rotatoria;Una carreggiata a doppio senso;Asciutto;Asfaltata;Verticale ed orizzontale;Sereno;Scarso;Sufficiente;Insufficiente;0;0;0;1;12,51296;41,9106;0;1;Autovettura privata;In marcia / fermata / arresto;Nissan;Micra;Conducente;1995;F;Illeso;0;;Non accertato;
3623783;23;02/01/2018 18:30:00;Strada Urbana;VIA CRISTOFORO COLOMBO;all'intersezione semaforizzata con;VIA PINDARO;VIA PINDARO;;;Tamponamento Multiplo;Intersezione stradale segnalata;Più di due carreggiate;Asciutto;Asfaltata;Verticale ed orizzontale;Sereno;Normale;Buona;Sufficiente;0;0;0;3;12,41155;41,78584;-1;1;Autovettura privata;In marcia / fermata / arresto;Renault;Megane;Conducente;1987;M;Illeso;0;;Non accertato;Inesploso
3623783;23;02/01/2018 18:30:00;Strada Urbana;VIA CRISTOFORO COLOMBO;all'intersezione semaforizzata con;VIA PINDARO;VIA PINDARO;;;Tamponamento Multiplo;Intersezione stradale segnalata;Più di due carreggiate;Asciutto;Asfaltata;Verticale ed orizzontale;Sereno;Normale;Buona;Sufficiente;0;0;0;3;12,41155;41,78584;-1;2;Autovettura privata;In marcia / fermata / arresto;Ford;Mondeo;Conducente;1987;M;Illeso;0;;Non accertato;Inesploso
3623783;23;02/01/2018 18:30:00;Strada Urbana;VIA CRISTOFORO COLOMBO;all'intersezione semaforizzata con;VIA PINDARO;VIA PINDARO;;;Tamponamento Multiplo;Intersezione stradale segnalata;Più di due carreggiate;Asciutto;Asfaltata;Verticale ed orizzontale;Sereno;Normale;Buona;Sufficiente;0;0;0;3;12,41155;41,78584;-1;3;Autovettura privata;In marcia / fermata / arresto;Volkswagen;Polo;Conducente;1984;M;Illeso;0;;Non accertato;Inesploso