Protocollo;Gruppo;DataOraIncidente;Localizzazione1;STRADA1;Localizzazione2;STRADA2;Strada02;Chilometrica;DaSpecificare;NaturaIncidente;particolaritastrade;TipoStrada;FondoStradale;Pavimentazione;Segnaletica;CondizioneAtmosferica;Traffico;Visibilita;Illuminazione;NUM_FERITI;NUM_RISERVATA;NUM_MORTI;NUM_ILLESI;Longitudine;Latitudine;Confermato;Progressivo;TipoVeicolo;StatoVeicolo;Marca;Modello;TipoPersona;AnnoNascita;Sesso;Tipolesione;Deceduto;DecedutoDopo;CinturaCascoUtilizzato;Airbag;
3625478;10;04/01/2018 12:55:00;Statale entro l'abitato;VIA TUSCOLANA;in corrispondenza;;del civico n.;841;;Scontro laterale fra veicoli in marcia;Rettilineo;Due carreggiate;Asciutto;Asfaltata;Verticale ed orizzontale;Sereno;Normale;Buona;Ore Diurne;0;0;0;2;12,55932;41,85859;-1;1;Autovettura privata;In marcia / fermata / arresto;Chevrolet;spark;Conducente;1983;M;Illeso;0;;Non accertato;Inesploso
3625478;10;04/01/2018 12:55:00;Statale entro l'abitato;VIA TUSCOLANA;in corrispondenza;;del civico n.;841;;Scontro laterale fra veicoli in marcia;Rettilineo;Due carreggiate;Asciutto;Asfaltata;Verticale ed orizzontale;Sereno;Normale;Buona;Ore Diurne;0;0;0;2;12,55932;41,85859;-1;2;Motociclo a solo;In marcia / fermata / arresto;Honda;SH 300;Conducente;1970;M;Illeso;0;;Non accertato;
3625515;9;04/01/2018 13:18:00;Strada Urbana;VIA APPIA NUOVA;in prossimità;;del civico n.;38;;Veicolo in marcia contro veicolo fermo;Rettilineo;Due carreggiate;Asciutto;Asfaltata;Verticale ed orizzontale;Sereno;Normale;Buona;Ore Diurne;0;0;0;3;;;0;1;Autocarro inferiore 35 q.;In marcia / fermata / arresto;Autocarro Fiat;(non accertato);Conducente;1959;M;Illeso;0;;Utilizzato;Inesploso
3625515;9;04/01/2018 13:18:00;Strada Urbana;VIA APPIA NUOVA;in prossimità;;del civico n.;38;;Veicolo in marcia contro veicolo fermo;Rettilineo;Due carreggiate;Asciutto;Asfaltata;Verticale ed orizzontale;Sereno;Normale;Buona;Ore Diurne;0;0;0;3;;;0;1;Autocarro inferiore 35 q.;In marcia / fermata / arresto;Autocarro Fiat;(non accertato);Passeggero;1994;M;Illeso;0;;Utilizzato;Inesploso
3625515;9;04/01/2018 13:18:00;Strada Urbana;VIA APPIA NUOVA;in prossimità;;del civico n.;38;;Veicolo in marcia contro veicolo fermo;Rettilineo;Due carreggiate;Asciutto;Asfaltata;Verticale ed orizzontale;Sereno;Normale;Buona;Ore Diurne;0;0;0;3;;;0;2;Ciclomotore;In marcia / fermata / arresto;Piaggio;Vespa;Conducente;1973;M;Illeso;0;;Utilizzato;
3625552;12;04/01/2018 11:30:00;Strada Urbana;VIALE CAMILLO SABATINI;in prossimità;;del civico n.;111;;Scontro frontale/laterale SX fra veicoli in marcia;Rettilineo;Due carreggiate;Asciutto;Asfaltata;Verticale ed orizzontale;Sereno;Normale;Buona;Ore Diurne;0;0;0;4;12,44146;41,8193;0;1;Autovettura privata;In marcia / fermata / arresto;Fiat;Punto;Conducente;1939;M;Illeso;0;;Utilizzato;Inesploso
3625552;12;04/01/2018 11:30:00;Strada Urbana;VIALE CAMILLO SABATINI;in prossimità;;del civico n.;111;;Scontro frontale/laterale SX fra veicoli in marcia;Rettilineo;Due carreggiate;Asciutto;Asfaltata;Verticale ed orizzontale;Sereno;Normale;Buona;Ore Diurne;0;0;0;4;12,44146;41,8193;0;2;Autovettura privata;In marcia / fermata / arresto;Mercedes;B 200;Conducente;1991;F;Illeso;0;;;
3625552;12;04/01/2018 11:30:00;Strada Urbana;VIALE CAMILLO SABATINI;in prossimità;;del civico n.;111;;Scontro frontale/laterale SX fra veicoli in marcia;Rettilineo;Due carreggiate;Asciutto;Asfaltata;Verticale ed orizzontale;Sereno;Normale;Buona;Ore Diurne;0;0;0;4;12,44146;41,8193;0;2;Autovettura privata;In marcia / fermata / arresto;Mercedes;B 200;Passeggero;1981;F;Illeso;0;;Utilizzato;
3625552;12;04/01/2018 11:30:00;Strada Urbana;VIALE CAMILLO SABATINI;in prossimità;;del civico n.;111;;Scontro frontale/laterale SX fra veicoli in marcia;Rettilineo;Due carreggiate;Asciutto;Asfaltata;Verticale ed orizzontale;Sereno;Normale;Buona;Ore Diurne;0;0;0;4;12,44146;41,8193;0;2;Autovettura privata;In marcia / fermata / arresto;Mercedes;B 200;Passeggero;2016;F;Illeso;0;;Utilizzato;
3625558;10;04/01/2018 14:30:00;Statale entro l'abitato;VIA TUSCOLANA;da specificare;;;;tratto raccordo Anagnina Tuscolana;Tamponamento Multiplo;Rettilineo;Una carreggiata a senso unico di marcia;Asciutto;Asfaltata;Verticale ed orizzontale;Nuvoloso;Normale;Buona;Ore Diurne;0;0;0;6;12,59198;41,83851;0;1;Autovettura privata;In marcia / fermata / arresto;Opel;Meriva;Conducente;1948;M;Illeso;0;;Non accertato;Inesistente
3625558;10;04/01/2018 14:30:00;Statale entro l'abitato;VIA TUSCOLANA;da specificare;;;;tratto raccordo Anagnina Tuscolana;Tamponamento Multiplo;Rettilineo;Una carreggiata a senso unico di marcia;Asciutto;Asfaltata;Verticale ed orizzontale;Nuvoloso;Normale;Buona;Ore Diurne;0;0;0;6;12,59198;41,83851;0;1;Autovettura privata;In marcia / fermata / arresto;Opel;Meriva;Passeggero;1982;F;Illeso;0;;Non accertato;Inesploso
3625558;10;04/01/2018 14:30:00;Statale entro l'abitato;VIA TUSCOLANA;da specificare;;;;tratto raccordo Anagnina Tuscolana;Tamponamento Multiplo;Rettilineo;Una carreggiata a senso unico di marcia;Asciutto;Asfaltata;Verticale ed orizzontale;Nuvoloso;Normale;Buona;Ore Diurne;0;0;0;6;12,59198;41,83851;0;2;Autovettura privata;In marcia / fermata / arresto;Mazda;2;Conducente;1961;F;Illeso;0;;Non accertato;Inesploso
3625558;10;04/01/2018 14:30:00;Statale entro l'abitato;VIA TUSCOLANA;da specificare;;;;tratto raccordo Anagnina Tuscolana;Tamponamento Multiplo;Rettilineo;Una carreggiata a senso unico di marcia;Asciutto;Asfaltata;Verticale ed orizzontale;Nuvoloso;Normale;Buona;Ore Diurne;0;0;0;6;12,59198;41,83851;0;2;Autovettura privata;In marcia / fermata / arresto;Mazda;2;Passeggero;1935;F;Illeso;0;;Non accertato;Inesploso
3625558;10;04/01/2018 14:30:00;Statale entro l'abitato;VIA TUSCOLANA;da specificare;;;;tratto raccordo Anagnina Tuscolana;Tamponamento Multiplo;Rettilineo;Una carreggiata a senso unico di marcia;Asciutto;Asfaltata;Verticale ed orizzontale;Nuvoloso;Normale;Buona;Ore Diurne;0;0;0;6;12,59198;41,83851;0;3;Autovettura privata;In marcia / fermata / arresto;Mercedes;Smart;Conducente;1990;M;Illeso;0;;Non accertato;Inesploso
3625558;10;04/01/2018 14:30:00;Statale entro l'abitato;VIA TUSCOLANA;da specificare;;;;tratto raccordo Anagnina Tuscolana;Tamponamento Multiplo;Rettilineo;Una carreggiata a senso unico di marcia;Asciutto;Asfaltata;Verticale ed orizzontale;Nuvoloso;Normale;Buona;Ore Diurne;0;0;0;6;12,59198;41,83851;0;4;Autovettura privata;In marcia / fermata / arresto;Mercedes;(ignoto);Conducente;1987;M;Illeso;0;;;Inesploso
3625592;2;04/01/2018 10:45:00;Strada Urbana;LUNGOTEVERE DELLE NAVI;da specificare;;;;fronte Via G.V.Gravina.;Tamponamento;Rettilineo;Una carreggiata a senso unico di marcia;Asciutto;Asfaltata;Verticale ed orizzontale;Sereno;Normale;Buona;Ore Diurne;1;0;0;3;;;0;1;Autovettura privata;In marcia / fermata / arresto;Alfa Romeo;Giulietta;Conducente;1985;M;Illeso;0;;Non accertato;Inesploso
3625592;2;04/01/2018 10:45:00;Strada Urbana;LUNGOTEVERE DELLE NAVI;da specificare;;;;fronte Via G.V.Gravina.;Tamponamento;Rettilineo;Una carreggiata a senso unico di marcia;Asciutto;Asfaltata;Verticale ed orizzontale;Sereno;Normale;Buona;Ore Diurne;1;0;0;3;;;0;1;Autovettura privata;In marcia / fermata / arresto;Alfa Romeo;Giulietta;Passeggero;1955;F;Illeso;0;;Non accertato;Inesploso
3625592;2;04/01/2018 10:45:00;Strada Urbana;LUNGOTEVERE DELLE NAVI;da specificare;;;;fronte Via G.V.Gravina.;Tamponamento;Rettilineo;Una carreggiata a senso unico di marcia;Asciutto;Asfaltata;Verticale ed orizzontale;Sereno;Normale;Buona;Ore Diurne;1;0;0;3;;;0;1;Autovettura privata;In marcia / fermata / arresto;Alfa Romeo;Giulietta;Passeggero;1980;M;Illeso;0;;Non accertato;Inesploso
3625592;2;04/01/2018 10:45:00;Strada Urbana;LUNGOTEVERE DELLE NAVI;da specificare;;;;fronte Via G.V.Gravina.;Tamponamento;Rettilineo;Una carreggiata a senso unico di marcia;Asciutto;Asfaltata;Verticale ed orizzontale;Sereno;Normale;Buona;Ore Diurne;1;0;0;3;;;0;2;Motociclo a solo;In marcia / fermata / arresto;Suzuki;Burgman 400;Conducente;1959;M;Rimandato;0;NON DECEDUTO;Non accertato;
3625634;16;03/01/2018 19:10:00;;VIA PIO FOA';in corrispondenza;;del civico n.;35;;Scontro frontale/laterale SX fra veicoli in marcia;;;;;;;;;;0;0;0;2;;;0;1;Motociclo a solo;In marcia / fermata / arresto;Honda;SH 150;Conducente;0;M;Illeso;0;;;
3625634;16;03/01/2018 19:10:00;;VIA PIO FOA';in corrispondenza;;del civico n.;35;;Scontro frontale/laterale SX fra veicoli in marcia;;;;;;;;;;0;0;0;2;;;0;2;Autovettura privata;In marcia / fermata / arresto;Dacia;Duster;Conducente;0;M;Illeso;0;;;
3625645;17;04/01/2018 13:55:00;Strada Urbana;VIA DEGLI SCIPIONI;all'intersezione con;VIA SILLA;VIA SILLA;;;Investimento di pedone;Intersezione stradale segnalata;Una carreggiata a senso unico di marcia;Asciutto;Asfaltata;Verticale ed orizzontale;Sereno;Normale;Buona;Ore Diurne;0;0;0;2;;;0;;;;;;Pedone;1929;M;Illeso;0;;;
3625645;17;04/01/2018 13:55:00;Strada Urbana;VIA DEGLI SCIPIONI;all'intersezione con;VIA SILLA;VIA SILLA;;;Investimento di pedone;Intersezione stradale segnalata;Una carreggiata a senso unico di marcia;Asciutto;Asfaltata;Verticale ed orizzontale;Sereno;Normale;Buona;Ore Diurne;0;0;0;2;;;0;1;Autovettura privata;In marcia / fermata / arresto;Volkswagen;Polo;Conducente;1946;M;Illeso;0;;Non accertato;
3625655;16;04/01/2018 01:00:00;;VIA PORTUENSE;in corrispondenza;;del civico n.;451;;Scontro laterale fra veicoli in marcia;;;;;;;;;;0;0;0;3;;;0;1;Autovettura privata;In marcia / fermata / arresto;Toyota;Yaris;Conducente;0;M;Illeso;0;;;
3625655;16;04/01/2018 01:00:00;;VIA PORTUENSE;in corrispondenza;;del civico n.;451;;Scontro laterale fra veicoli in marcia;;;;;;;;;;0;0;0;3;;;0;2;Autovettura di polizia;In marcia / fermata / arresto;Seat;Leon;Conducente;0;M;Illeso;0;;;
3625655;16;04/01/2018 01:00:00;;VIA PORTUENSE;in corrispondenza;;del civico n.;451;;Scontro laterale fra veicoli in marcia;;;;;;;;;;0;0;0;3;;;0;2;Autovettura di polizia;In marcia / fermata / arresto;Seat;Leon;Passeggero;0;M;Illeso;0;;;
3625667;16;04/01/2018 01:05:00;;LARGO EMANUELE RUSPOLI;in corrispondenza;;del palo luce n.;1;;Scontro frontale/laterale SX fra veicoli in marcia;;;;;;;;;;0;0;0;2;;;0;1;Autovettura di polizia;In marcia / fermata / arresto;Seat;Leon;Conducente;0;M;Illeso;0;;;
3625667;16;04/01/2018 01:05:00;;LARGO EMANUELE RUSPOLI;in corrispondenza;;del palo luce n.;1;;Scontro frontale/laterale SX fra veicoli in marcia;;;;;;;;;;0;0;0;2;;;0;1;Autovettura di polizia;In marcia / fermata / arresto;Seat;Leon;Passeggero;0;M;Illeso;0;;;
3625775;2;01/01/2018 03:15:00;;VIA DEL FORO ITALICO;da specificare;;;;alt. rampa di immissione da SALARIA dir. S. GIOVAN;Scontro laterale fra veicoli in marcia;;;;;;;;;;0;0;0;4;;;0;1;Autovettura privata;In marcia / fermata / arresto;Opel;Meriva;Conducente;1966;M;Illeso;0;;;
3625775;2;01/01/2018 03:15:00;;VIA DEL FORO ITALICO;da specificare;;;;alt. rampa di immissione da SALARIA dir. S. GIOVAN;Scontro laterale fra veicoli in marcia;;;;;;;;;;0;0;0;4;;;0;1;Autovettura privata;In marcia / fermata / arresto;Opel;Meriva;Passeggero;1975;F;Illeso;0;;;
3625775;2;01/01/2018 03:15:00;;VIA DEL FORO ITALICO;da specificare;;;;alt. rampa di immissione da SALARIA dir. S. GIOVAN;Scontro laterale fra veicoli in marcia;;;;;;;;;;0;0;0;4;;;0;1;Autovettura privata;In marcia / fermata / arresto;Opel;Meriva;Passeggero;2012;F;Illeso;0;;;
3625775;2;01/01/2018 03:15:00;;VIA DEL FORO ITALICO;da specificare;;;;alt. rampa di immissione da SALARIA dir. S. GIOVAN;Scontro laterale fra veicoli in marcia;;;;;;;;;;0;0;0;4;;;0;1;Autovettura privata;In marcia / fermata / arresto;Opel;Meriva;Passeggero;2016;M;Illeso;0;;;
3625778;6;04/01/2018 15:15:00;Strada Urbana;VIA TEANO;in prossimità;;del civico n.;10;;Tamponamento Multiplo;Curva a visuale libera;Una carreggiata a doppio senso;Asciutto;Asfaltata;Assente;Sereno;Normale;Buona;Ore Diurne;1;0;0;3;12,54417;41,89067;-1;1;Autovettura privata;In marcia / fermata / arresto;BMW;118D;Conducente;1958;M;Illeso;0;;Non accertato;Inesploso
3625778;6;04/01/2018 15:15:00;Strada Urbana;VIA TEANO;in prossimità;;del civico n.;10;;Tamponamento Multiplo;Curva a visuale libera;Una carreggiata a doppio senso;Asciutto;Asfaltata;Assente;Sereno;Normale;Buona;Ore Diurne;1;0;0;3;12,54417;41,89067;-1;2;Autovettura privata;In marcia / fermata / arresto;Volkswagen;Polo;Conducente;1986;M;Illeso;0;;Non accertato;Inesploso
3625778;6;04/01/2018 15:15:00;Strada Urbana;VIA TEANO;in prossimità;;del civico n.;10;;Tamponamento Multiplo;Curva a visuale libera;Una carreggiata a doppio senso;Asciutto;Asfaltata;Assente;Sereno;Normale;Buona;Ore Diurne;1;0;0;3;12,54417;41,89067;-1;3;Autovettura privata;In marcia / fermata / arresto;Toyota;Aygo;Conducente;1987;F;Illeso;0;;Non accertato;Inesploso
3625778;6;04/01/2018 15:15:00;Strada Urbana;VIA TEANO;in prossimità;;del civico n.;10;;Tamponamento Multiplo;Curva a visuale libera;Una carreggiata a doppio senso;Asciutto;Asfaltata;Assente;Sereno;Normale;Buona;Ore Diurne;1;0;0;3;12,54417;41,89067;-1;4;Motociclo a solo;In marcia / fermata / arresto;Honda;SH;Conducente;1979;M;Rimandato;0;NON DECEDUTO;Non accertato;
3625799;17;04/01/2018 11:55:00;Strada Urbana;VIA MONTE SANTO;all'intersezione con;VIA SABOTINO;VIA SABOTINO;;;Scontro frontale/laterale SX fra veicoli in marcia;Intersezione stradale segnalata;Una carreggiata a senso unico di marcia;Asciutto;Asfaltata;Verticale ed orizzontale;Sereno;Normale;Buona;Ore Diurne;1;0;0;3;;;0;1;Autovettura privata;In marcia / fermata / arresto;Fiat;Panda;Conducente;1958;M;Illeso;0;;;
3625799;17;04/01/2018 11:55:00;Strada Urbana;VIA MONTE SANTO;all'intersezione con;VIA SABOTINO;VIA SABOTINO;;;Scontro frontale/laterale SX fra veicoli in marcia;Intersezione stradale segnalata;Una carreggiata a senso unico di marcia;Asciutto;Asfaltata;Verticale ed orizzontale;Sereno;Normale;Buona;Ore Diurne;1;0;0;3;;;0;1;Autovettura privata;In marcia / fermata / arresto;Fiat;Panda;Passeggero;0;M;Rimandato;0;NON DECEDUTO;;
3625799;17;04/01/2018 11:55:00;Strada Urbana;VIA MONTE SANTO;all'intersezione con;VIA SABOTINO;VIA SABOTINO;;;Scontro frontale/laterale SX fra veicoli in marcia;Intersezione stradale segnalata;Una carreggiata a senso unico di marcia;Asciutto;Asfaltata;Verticale ed orizzontale;Sereno;Normale;Buona;Ore Diurne;1;0;0;3;;;0;1;Autovettura privata;In marcia / fermata / arresto;Fiat;Panda;Passeggero;1963;F;Illeso;0;;;
3625799;17;04/01/2018 11:55:00;Strada Urbana;VIA MONTE SANTO;all'intersezione con;VIA SABOTINO;VIA SABOTINO;;;Scontro frontale/laterale SX fra veicoli in marcia;Intersezione stradale segnalata;Una carreggiata a senso unico di marcia;Asciutto;Asfaltata;Verticale ed orizzontale;Sereno;Normale;Buona;Ore Diurne;1;0;0;3;;;0;2;Motociclo a solo;In marcia / fermata / arresto;Honda;SH150;Conducente;1955;M;Illeso;0;;;
3625807;19;04/01/2018 07:00:00;Strada Urbana;VIA NERVIANO;all'intersezione con;PIAZZA NOVATE MILANESE;PIAZZA NOVATE MILANESE;;;Scontro frontale/laterale DX fra veicoli in marcia;Incrocio;Due carreggiate;Asciutto;Asfaltata;Verticale;Sereno;Scarso;Buona;Ore Diurne;0;0;0;3;12,38869;41,94643;-1;1;Autovettura privata;In marcia / fermata / arresto;Fiat;Bravo;Conducente;1950;M;Illeso;0;;Non accertato;Inesploso
3625807;19;04/01/2018 07:00:00;Strada Urbana;VIA NERVIANO;all'intersezione con;PIAZZA NOVATE MILANESE;PIAZZA NOVATE MILANESE;;;Scontro frontale/laterale DX fra veicoli in marcia;Incrocio;Due carreggiate;Asciutto;Asfaltata;Verticale;Sereno;Scarso;Buona;Ore Diurne;0;0;0;3;12,38869;41,94643;-1;1;Autovettura privata;In marcia / fermata / arresto;Fiat;Bravo;Passeggero;1948;F;Illeso;0;;Non accertato;Inesploso
3625807;19;04/01/2018 07:00:00;Strada Urbana;VIA NERVIANO;all'intersezione con;PIAZZA NOVATE MILANESE;PIAZZA NOVATE MILANESE;;;Scontro frontale/laterale DX fra veicoli in marcia;Incrocio;Due carreggiate;Asciutto;Asfaltata;Verticale;Sereno;Scarso;Buona;Ore Diurne;0;0;0;3;12,38869;41,94643;-1;2;Autovettura privata;In marcia / fermata / arresto;Volkswagen;Golf;Conducente;1991;M;Illeso;0;;Non accertato;Inesploso
3625821;13;04/01/2018 09:00:00;;VIA DELLA CORAZZATA;all'intersezione con;VIA DELL'IDROVOLANTE;VIA DELL'IDROVOLANTE;;;Scontro frontale/laterale SX fra veicoli in marcia;;;;;;;;;;1;0;0;1;;;0;1;Autovettura privata;In marcia / fermata / arresto;Volkswagen;Polo;Conducente;1997;M;Illeso;0;;Non accertato;Esploso
3625821;13;04/01/2018 09:00:00;;VIA DELLA CORAZZATA;all'intersezione con;VIA DELL'IDROVOLANTE;VIA DELL'IDROVOLANTE;;;Scontro frontale/laterale SX fra veicoli in marcia;;;;;;;;;;1;0;0;1;;;0;2;Autovettura privata;In marcia / fermata / arresto;Daewoo;Matiz;Conducente;1978;F;Rimandato;0;NON DECEDUTO;Non accertato;Inesploso
3625822;13;04/01/2018 11:15:00;;VIA DI ACILIA;in corrispondenza;;del civico n.;24;;Tamponamento;;;;;;;;;;0;0;0;4;12,36478;41,78346;0;1;Autovettura privata;In marcia / fermata / arresto;Fiat;Punto;Conducente;1997;F;Illeso;0;;;
3625822;13;04/01/2018 11:15:00;;VIA DI ACILIA;in corrispondenza;;del civico n.;24;;Tamponamento;;;;;;;;;;0;0;0;4;12,36478;41,78346;0;2;Autovettura privata;In marcia / fermata / arresto;BMW;120 D;Conducente;1975;F;Illeso;0;;;
3625822;13;04/01/2018 11:15:00;;VIA DI ACILIA;in corrispondenza;;del civico n.;24;;Tamponamento;;;;;;;;;;0;0;0;4;12,36478;41,78346;0;2;Autovettura privata;In marcia / fermata / arresto;BMW;120 D;Passeggero;2009;F;Illeso;0;;;
3625822;13;04/01/2018 11:15:00;;VIA DI ACILIA;in corrispondenza;;del civico n.;24;;Tamponamento;;;;;;;;;;0;0;0;4;12,36478;41,78346;0;2;Autovettura privata;In marcia / fermata / arresto;BMW;120 D;Passeggero;2013;F;Illeso;0;;;
3625824;19;04/01/2018 09:30:00;Strada Urbana;VIA FANNY TACCHINARDI;in prossimità;;del civico n.;40;;Investimento di pedone;Rettilineo;Una carreggiata a senso unico di marcia;Asciutto;Asfaltata;Orizzontale;Sereno;Scarso;Buona;Ore Diurne;1;0;0;1;12,42064;41,92582;0;;;;;;Pedone;1998;F;Rifiuta cure immediate;0;NON DECEDUTO;;
3625824;19;04/01/2018 09:30:00;Strada Urbana;VIA FANNY TACCHINARDI;in prossimità;;del civico n.;40;;Investimento di pedone;Rettilineo;Una carreggiata a senso unico di marcia;Asciutto;Asfaltata;Orizzontale;Sereno;Scarso;Buona;Ore Diurne;1;0;0;1;12,42064;41,92582;0;1;Autovettura privata;In marcia / fermata / arresto;Fiat;500;Conducente;1968;F;Illeso;0;;Non accertato;Inesploso
3625830;19;04/01/2018 14:40:00;Strada Urbana;VIA TRIONFALE;all'intersezione con;VIA BENEDETTO BACCHINI;VIA BENEDETTO BACCHINI;;;Scontro frontale/laterale DX fra veicoli in marcia;Intersezione non regolata/non segnalata;Una carreggiata a doppio senso;Asciutto;Asfaltata;Orizzontale;Sereno;Normale;Buona;Ore Diurne;0;0;0;2;12,42294;41,94086;-1;1;Autovettura privata;In marcia / fermata / arresto;Volkswagen;Touran;Conducente;1981;M;Illeso;0;;Non accertato;Inesploso
3625830;19;04/01/2018 14:40:00;Strada Urbana;VIA TRIONFALE;all'intersezione con;VIA BENEDETTO BACCHINI;VIA BENEDETTO BACCHINI;;;Scontro frontale/laterale DX fra veicoli in marcia;Intersezione non regolata/non segnalata;Una carreggiata a doppio senso;Asciutto;Asfaltata;Orizzontale;Sereno;Normale;Buona;Ore Diurne;0;0;0;2;12,42294;41,94086;-1;2;Autovettura privata;In marcia / fermata / arresto;Volkswagen;Golf;Conducente;1965;M;Illeso;0;;Non accertato;Inesploso
3625835;10;04/01/2018 16:55:00;Strada Urbana;VIA BERNARDINO ALIMENA;in corrispondenza;;del civico n.;6;;Scontro laterale fra veicoli in marcia;Rettilineo;Una carreggiata a doppio senso;Asciutto;Asfaltata;Orizzontale;Nuvoloso;Normale;Buona;Ore Diurne;0;0;0;2;12,5975;41,84855;-1;1;Autovettura privata;In marcia / fermata / arresto;Skoda;Felicia;Conducente;1933;M;Illeso;0;;Non accertato;Inesistente
3625835;10;04/01/2018 16:55:00;Strada Urbana;VIA BERNARDINO ALIMENA;in corrispondenza;;del civico n.;6;;Scontro laterale fra veicoli in marcia;Rettilineo;Una carreggiata a doppio senso;Asciutto;Asfaltata;Orizzontale;Nuvoloso;Normale;Buona;Ore Diurne;0;0;0;2;12,5975;41,84855;-1;2;Autovettura privata;In marcia / fermata / arresto;Fiat;Punto;Conducente;1989;F;Illeso;0;;Non accertato;Inesploso
3625836;19;04/01/2018 10:30:00;Strada Urbana;VIA CARDINAL D'AVANZO;in corrispondenza;;del civico n.;26;;Veicolo in marcia contro veicolo fermo;Rettilineo;Due carreggiate;Asciutto;Asfaltata;Verticale;Sereno;Scarso;Buona;Ore Diurne;1;0;0;1;12,41477;41,9244;0;1;Motociclo a solo;In marcia / fermata / arresto;Honda;SH-300;Conducente;1992;M;Rifiuta cure immediate;0;NON DECEDUTO;Non accertato;
3625836;19;04/01/2018 10:30:00;Strada Urbana;VIA CARDINAL D'AVANZO;in corrispondenza;;del civico n.;26;;Veicolo in marcia contro veicolo fermo;Rettilineo;Due carreggiate;Asciutto;Asfaltata;Verticale;Sereno;Scarso;Buona;Ore Diurne;1;0;0;1;12,41477;41,9244;0;2;Autovettura privata;In marcia / fermata / arresto;Lancia;Y;Conducente;1991;F;Illeso;0;;Non accertato;Inesploso
3625842;2;04/01/2018 16:25:00;Strada Urbana;LUNGOTEVERE SALVO D'ACQUISTO;all'intersezione con;VIA URUGUAY;VIA URUGUAY;;;Scontro frontale/laterale DX fra veicoli in marcia;Incrocio;Una carreggiata a doppio senso;Asciutto;Asfaltata;Verticale ed orizzontale;Sereno;Normale;Buona;Ore Diurne;0;0;0;2;;;0;1;Motociclo a solo;In marcia / fermata / arresto;Honda;@ 150;Conducente;1974;M;Illeso;0;;Non accertato;
3625842;2;04/01/2018 16:25:00;Strada Urbana;LUNGOTEVERE SALVO D'ACQUISTO;all'intersezione con;VIA URUGUAY;VIA URUGUAY;;;Scontro frontale/laterale DX fra veicoli in marcia;Incrocio;Una carreggiata a doppio senso;Asciutto;Asfaltata;Verticale ed orizzontale;Sereno;Normale;Buona;Ore Diurne;0;0;0;2;;;0;2;Autovettura privata;In marcia / fermata / arresto;Toyota;Toyota Yaris hybrid;Conducente;1969;M;Illeso;0;;Non accertato;Inesploso
3625845;13;04/01/2018 11:45:00;Strada Urbana;VIA CARLO CASINI;all'intersezione con;VIA PIETRO BENEDETTI;VIA PIETRO BENEDETTI;;;Scontro frontale/laterale SX fra veicoli in marcia;Incrocio;Una carreggiata a senso unico di marcia;Asciutto;Asfaltata;Verticale;Sereno;Normale;Buona;Ore Diurne;0;0;0;3;12,33742;41,78232;-1;1;Autovettura privata;In marcia / fermata / arresto;Chevrolet;spark;Conducente;1959;F;Illeso;0;;Non accertato;Inesploso
3625845;13;04/01/2018 11:45:00;Strada Urbana;VIA CARLO CASINI;all'intersezione con;VIA PIETRO BENEDETTI;VIA PIETRO BENEDETTI;;;Scontro frontale/laterale SX fra veicoli in marcia;Incrocio;Una carreggiata a senso unico di marcia;Asciutto;Asfaltata;Verticale;Sereno;Normale;Buona;Ore Diurne;0;0;0;3;12,33742;41,78232;-1;2;Autovettura privata;In marcia / fermata / arresto;Hyundai;Coupè;Conducente;1972;M;Illeso;0;;Non accertato;Inesploso
3625845;13;04/01/2018 11:45:00;Strada Urbana;VIA CARLO CASINI;all'intersezione con;VIA PIETRO BENEDETTI;VIA PIETRO BENEDETTI;;;Scontro frontale/laterale SX fra veicoli in marcia;Incrocio;Una carreggiata a senso unico di marcia;Asciutto;Asfaltata;Verticale;Sereno;Normale;Buona;Ore Diurne;0;0;0;3;12,33742;41,78232;-1;2;Autovettura privata;In marcia / fermata / arresto;Hyundai;Coupè;Passeggero;1970;M;Illeso;0;;Non accertato;Inesploso
3625921;13;04/01/2018 15:45:00;Strada Urbana;VIA DI ACILIA;in corrispondenza;;del civico n.;219;;Scontro laterale fra veicoli in marcia;Rettilineo;Una carreggiata a doppio senso;Asciutto;Asfaltata;Verticale;Sereno;Normale;Buona;Ore Diurne;0;0;0;2;12,37047;41,77531;-1;1;Autovettura privata;In marcia / fermata / arresto;Mercedes;Classe A 200;Conducente;1977;M;Illeso;0;;Non accertato;Inesploso
3625921;13;04/01/2018 15:45:00;Strada Urbana;VIA DI ACILIA;in corrispondenza;;del civico n.;219;;Scontro laterale fra veicoli in marcia;Rettilineo;Una carreggiata a doppio senso;Asciutto;Asfaltata;Verticale;Sereno;Normale;Buona;Ore Diurne;0;0;0;2;12,37047;41,77531;-1;2;Autovettura privata;In marcia / fermata / arresto;Chevrolet;spark;Conducente;1940;F;Illeso;0;;Non accertato;Inesploso