Protocollo;Gruppo;DataOraIncidente;Localizzazione1;STRADA1;Localizzazione2;STRADA2;Strada02;Chilometrica;DaSpecificare;NaturaIncidente;particolaritastrade;TipoStrada;FondoStradale;Pavimentazione;Segnaletica;CondizioneAtmosferica;Traffico;Visibilita;Illuminazione;NUM_FERITI;NUM_RISERVATA;NUM_MORTI;NUM_ILLESI;Longitudine;Latitudine;Confermato;Progressivo;TipoVeicolo;StatoVeicolo;Marca;Modello;TipoPersona;AnnoNascita;Sesso;Tipolesione;Deceduto;DecedutoDopo;CinturaCascoUtilizzato;Airbag;
3628007;20;05/01/2018 14:30:00;Strada Urbana;VIA DI BACCANELLO;in prossimità;;del civico n.;119;;Scontro frontale/laterale DX fra veicoli in marcia;Rettilineo;Una carreggiata a doppio senso;Asciutto;Asfaltata;Orizzontale;Sereno;Normale;Buona;Ore Diurne;2;0;0;1;12,35695;42,0629;-1;2;Autocarro inferiore 35 q.;In marcia / fermata / arresto;Fiat;Doblo;Passeggero;1955;F;Rimandato;0;NON DECEDUTO;;
3628009;6;06/01/2018 17:40:00;Strada Urbana;LARGO TELESE;all'intersezione semaforizzata con;VIA PRENESTINA;VIA PRENESTINA;;;Scontro frontale/laterale DX fra veicoli in marcia;Intersezione semaforizzata;Una carreggiata a doppio senso;Asciutto;Asfaltata;Verticale ed orizzontale;Sereno;Normale;Sufficiente;Sufficiente;0;0;0;3;12,54706;41,89321;-1;1;Autovettura privata;In marcia / fermata / arresto;Citroen;C 3;Conducente;1977;F;Illeso;0;;;
3628009;6;06/01/2018 17:40:00;Strada Urbana;LARGO TELESE;all'intersezione semaforizzata con;VIA PRENESTINA;VIA PRENESTINA;;;Scontro frontale/laterale DX fra veicoli in marcia;Intersezione semaforizzata;Una carreggiata a doppio senso;Asciutto;Asfaltata;Verticale ed orizzontale;Sereno;Normale;Sufficiente;Sufficiente;0;0;0;3;12,54706;41,89321;-1;2;Autovettura privata;In marcia / fermata / arresto;Chrysler;dodge;Conducente;1949;M;Illeso;0;;;
3628009;6;06/01/2018 17:40:00;Strada Urbana;LARGO TELESE;all'intersezione semaforizzata con;VIA PRENESTINA;VIA PRENESTINA;;;Scontro frontale/laterale DX fra veicoli in marcia;Intersezione semaforizzata;Una carreggiata a doppio senso;Asciutto;Asfaltata;Verticale ed orizzontale;Sereno;Normale;Sufficiente;Sufficiente;0;0;0;3;12,54706;41,89321;-1;2;Autovettura privata;In marcia / fermata / arresto;Chrysler;dodge;Passeggero;1937;F;Illeso;0;;;
3628038;20;05/01/2018 20:15:00;Strada Urbana;PIAZZALE MARESCIALLO DIAZ;all'intersezione con;VIALE ANTONINO DI SAN GIULIANO;VIALE ANTONINO DI SAN GIULIANO;;;Tamponamento;Intersezione semaforizzata;Due carreggiate;Asciutto;Asfaltata;Verticale ed orizzontale;Sereno;Scarso;Sufficiente;Sufficiente;1;0;0;1;12,4606;41,93712;0;1;Motociclo a solo;In marcia / fermata / arresto;KTM;Duke;Conducente;2000;M;Rifiuta cure immediate;0;NON DECEDUTO;Non accertato;
3628038;20;05/01/2018 20:15:00;Strada Urbana;PIAZZALE MARESCIALLO DIAZ;all'intersezione con;VIALE ANTONINO DI SAN GIULIANO;VIALE ANTONINO DI SAN GIULIANO;;;Tamponamento;Intersezione semaforizzata;Due carreggiate;Asciutto;Asfaltata;Verticale ed orizzontale;Sereno;Scarso;Sufficiente;Sufficiente;1;0;0;1;12,4606;41,93712;0;2;Autovettura privata;In marcia / fermata / arresto;Nissan;Micra;Conducente;1972;M;Illeso;0;;;
3628311;13;06/01/2018 10:45:00;;VIALE DI CASTEL PORZIANO;all'intersezione con;VIA DOBBIACO;VIA DOBBIACO;;;Scontro frontale/laterale DX fra veicoli in marcia;;;;;;;;;;1;0;0;1;;;0;1;Autovettura privata;In marcia / fermata / arresto;Suzuki;Jimmy;Conducente;1949;M;Rimandato;0;NON DECEDUTO;Non accertato;Inesploso
3628311;13;06/01/2018 10:45:00;;VIALE DI CASTEL PORZIANO;all'intersezione con;VIA DOBBIACO;VIA DOBBIACO;;;Scontro frontale/laterale DX fra veicoli in marcia;;;;;;;;;;1;0;0;1;;;0;2;Autovettura privata;In marcia / fermata / arresto;Fiat;Bravo;Conducente;1949;M;Illeso;0;;Non accertato;Inesploso
3628342;11;06/01/2018 13:00:00;Strada Urbana;VIA DELLE CONCE;all'intersezione con;VIA GIOVANNI DA EMPOLI;VIA GIOVANNI DA EMPOLI;;;Scontro frontale fra veicoli in marcia;Incrocio;Una carreggiata a doppio senso;Asciutto;Asfaltata;Verticale ed orizzontale;Sereno;Scarso;Buona;Ore Diurne;1;1;0;0;12,47833;41,87339;0;1;Autovettura privata;In marcia / fermata / arresto;Volkswagen;Polo;Conducente;1993;M;Rifiuta cure immediate;0;NON DECEDUTO;Non accertato;Inesploso
3628342;11;06/01/2018 13:00:00;Strada Urbana;VIA DELLE CONCE;all'intersezione con;VIA GIOVANNI DA EMPOLI;VIA GIOVANNI DA EMPOLI;;;Scontro frontale fra veicoli in marcia;Incrocio;Una carreggiata a doppio senso;Asciutto;Asfaltata;Verticale ed orizzontale;Sereno;Scarso;Buona;Ore Diurne;1;1;0;0;12,47833;41,87339;0;2;Motociclo a solo;In marcia / fermata / arresto;S.Y.M.;Joyride;Conducente;1985;M;Prognosi riservata;0;NON DECEDUTO;;
3628348;20;06/01/2018 14:10:00;Strada Urbana;VIA CASSIA;in prossimità;;del civico n.;344;;Scontro frontale/laterale SX fra veicoli in marcia;Curva a visuale libera;Una carreggiata a doppio senso;Asciutto;Asfaltata;Verticale ed orizzontale;Sereno;Normale;Buona;Ore Diurne;1;0;0;1;12,45649;41,95392;-1;1;Motociclo a solo;In marcia / fermata / arresto;Honda;Jazz;Conducente;1987;M;Rimandato;0;NON DECEDUTO;;
3628348;20;06/01/2018 14:10:00;Strada Urbana;VIA CASSIA;in prossimità;;del civico n.;344;;Scontro frontale/laterale SX fra veicoli in marcia;Curva a visuale libera;Una carreggiata a doppio senso;Asciutto;Asfaltata;Verticale ed orizzontale;Sereno;Normale;Buona;Ore Diurne;1;0;0;1;12,45649;41,95392;-1;2;Autovettura privata;In marcia / fermata / arresto;Hyundai;Tucson;Conducente;1969;M;Illeso;0;;;
3628351;1;05/01/2018 18:15:00;Strada Urbana;VIA CESARE BATTISTI;in prossimità;;del civico n.;121;;Investimento di pedone;Rettilineo;Una carreggiata a doppio senso;Asciutto;Acciotolata;Verticale ed orizzontale;Sereno;Intenso;Sufficiente;Sufficiente;0;0;0;2;;;0;;;;;;Pedone;1971;M;Illeso;0;;;
3628351;1;05/01/2018 18:15:00;Strada Urbana;VIA CESARE BATTISTI;in prossimità;;del civico n.;121;;Investimento di pedone;Rettilineo;Una carreggiata a doppio senso;Asciutto;Acciotolata;Verticale ed orizzontale;Sereno;Intenso;Sufficiente;Sufficiente;0;0;0;2;;;0;1;Autovettura privata;In marcia / fermata / arresto;Mercedes;Smart;Conducente;1968;F;Illeso;0;;;
3628364;1;05/01/2018 15:45:00;Strada Urbana;PIAZZA VENEZIA;all'intersezione con;VIA DEL PLEBISCITO;VIA DEL PLEBISCITO;;;Tamponamento;Intersezione non regolata/non segnalata;Una carreggiata a senso unico di marcia;Asciutto;In cubetti di porfido;Verticale ed orizzontale;Sereno;Normale;Buona;Ore Diurne;0;0;0;2;;;0;1;Autovettura privata;In marcia / fermata / arresto;Opel;Zafira;Conducente;1971;M;Illeso;0;;Non accertato;Inesploso
3628364;1;05/01/2018 15:45:00;Strada Urbana;PIAZZA VENEZIA;all'intersezione con;VIA DEL PLEBISCITO;VIA DEL PLEBISCITO;;;Tamponamento;Intersezione non regolata/non segnalata;Una carreggiata a senso unico di marcia;Asciutto;In cubetti di porfido;Verticale ed orizzontale;Sereno;Normale;Buona;Ore Diurne;0;0;0;2;;;0;2;Autovettura pubblica;In marcia / fermata / arresto;Jaguar;XF;Conducente;1978;M;Illeso;0;;Non accertato;Inesploso
3628381;1;06/01/2018 09:40:00;Strada Urbana;VIA CELIO VIBENNA;in corrispondenza;;del palo luce n.;13;;Tamponamento;Curva a visuale libera;Due carreggiate;Bagnato (umidità in atto);Asfaltata;Assente;Sereno;Scarso;Buona;Ore Diurne;0;0;0;3;;;0;1;Autovettura privata;In marcia / fermata / arresto;Lancia;Y;Conducente;1947;F;Illeso;0;;Non accertato;Inesploso
3628381;1;06/01/2018 09:40:00;Strada Urbana;VIA CELIO VIBENNA;in corrispondenza;;del palo luce n.;13;;Tamponamento;Curva a visuale libera;Due carreggiate;Bagnato (umidità in atto);Asfaltata;Assente;Sereno;Scarso;Buona;Ore Diurne;0;0;0;3;;;0;1;Autovettura privata;In marcia / fermata / arresto;Lancia;Y;Passeggero;1946;F;Illeso;0;;Non accertato;Inesploso
3628381;1;06/01/2018 09:40:00;Strada Urbana;VIA CELIO VIBENNA;in corrispondenza;;del palo luce n.;13;;Tamponamento;Curva a visuale libera;Due carreggiate;Bagnato (umidità in atto);Asfaltata;Assente;Sereno;Scarso;Buona;Ore Diurne;0;0;0;3;;;0;2;Motociclo a solo;In marcia / fermata / arresto;Honda;SH 125;Conducente;1975;M;Illeso;0;;Non accertato;
3628387;1;06/01/2018 01:15:00;Strada Urbana;VIALE DELLE TERME DI CARACALLA;in prossimità;;del civico n.;83;;Fuoriuscita dalla sede stradale;Curva a visuale libera;Più di due carreggiate;Asciutto;Asfaltata;Orizzontale;Sereno;Scarso;Sufficiente;Sufficiente;1;0;0;0;12,49553;41,87703;0;1;Motociclo a solo;In marcia / fermata / arresto;Ducati;Hypermotard;Conducente;1988;M;Ricoverato;0;NON DECEDUTO;Non accertato;
3628393;20;07/01/2018 02:10:00;Strada Urbana;VIA TOMMASO TITTONI;all'intersezione con;VIA ALBERTO BLANC;VIA ALBERTO BLANC;;;Scontro frontale fra veicoli in marcia;Intersezione non regolata/non segnalata;Una carreggiata a doppio senso;Asciutto;Asfaltata;Orizzontale;Sereno;Scarso;Sufficiente;Sufficiente;1;0;0;2;12,45758;41,93593;0;1;Autovettura privata;In marcia / fermata / arresto;Fiat;500;Conducente;1998;M;Illeso;0;;Non accertato;
3628393;20;07/01/2018 02:10:00;Strada Urbana;VIA TOMMASO TITTONI;all'intersezione con;VIA ALBERTO BLANC;VIA ALBERTO BLANC;;;Scontro frontale fra veicoli in marcia;Intersezione non regolata/non segnalata;Una carreggiata a doppio senso;Asciutto;Asfaltata;Orizzontale;Sereno;Scarso;Sufficiente;Sufficiente;1;0;0;2;12,45758;41,93593;0;2;Quadriciclo;In marcia / fermata / arresto;Automobiles;liger;Conducente;1999;M;Illeso;0;;Non accertato;
3628393;20;07/01/2018 02:10:00;Strada Urbana;VIA TOMMASO TITTONI;all'intersezione con;VIA ALBERTO BLANC;VIA ALBERTO BLANC;;;Scontro frontale fra veicoli in marcia;Intersezione non regolata/non segnalata;Una carreggiata a doppio senso;Asciutto;Asfaltata;Orizzontale;Sereno;Scarso;Sufficiente;Sufficiente;1;0;0;2;12,45758;41,93593;0;2;Quadriciclo;In marcia / fermata / arresto;Automobiles;liger;Passeggero;1996;F;Rimandato;0;NON DECEDUTO;Non accertato;
3628399;1;07/01/2018 01:45:00;Strada Urbana;VIA DI S. MARIA IN COSMEDIN;all'intersezione semaforizzata con;VIA DELLA GRECA;VIA DELLA GRECA;;;Scontro frontale/laterale DX fra veicoli in marcia;Intersezione semaforizzata;Una carreggiata a doppio senso;Bagnato (umidità in atto);Asfaltata;Verticale ed orizzontale;Nuvoloso;Normale;Buona;Sufficiente;0;0;0;6;12,48056;41,88706;-1;1;Autovettura privata;In marcia / fermata / arresto;Fiat;500;Conducente;1998;M;Illeso;0;;Non accertato;Inesploso
3628399;1;07/01/2018 01:45:00;Strada Urbana;VIA DI S. MARIA IN COSMEDIN;all'intersezione semaforizzata con;VIA DELLA GRECA;VIA DELLA GRECA;;;Scontro frontale/laterale DX fra veicoli in marcia;Intersezione semaforizzata;Una carreggiata a doppio senso;Bagnato (umidità in atto);Asfaltata;Verticale ed orizzontale;Nuvoloso;Normale;Buona;Sufficiente;0;0;0;6;12,48056;41,88706;-1;1;Autovettura privata;In marcia / fermata / arresto;Fiat;500;Passeggero;1998;M;Illeso;0;;Non accertato;Inesistente
3628399;1;07/01/2018 01:45:00;Strada Urbana;VIA DI S. MARIA IN COSMEDIN;all'intersezione semaforizzata con;VIA DELLA GRECA;VIA DELLA GRECA;;;Scontro frontale/laterale DX fra veicoli in marcia;Intersezione semaforizzata;Una carreggiata a doppio senso;Bagnato (umidità in atto);Asfaltata;Verticale ed orizzontale;Nuvoloso;Normale;Buona;Sufficiente;0;0;0;6;12,48056;41,88706;-1;1;Autovettura privata;In marcia / fermata / arresto;Fiat;500;Passeggero;1998;M;Illeso;0;;Non accertato;Inesploso
3628399;1;07/01/2018 01:45:00;Strada Urbana;VIA DI S. MARIA IN COSMEDIN;all'intersezione semaforizzata con;VIA DELLA GRECA;VIA DELLA GRECA;;;Scontro frontale/laterale DX fra veicoli in marcia;Intersezione semaforizzata;Una carreggiata a doppio senso;Bagnato (umidità in atto);Asfaltata;Verticale ed orizzontale;Nuvoloso;Normale;Buona;Sufficiente;0;0;0;6;12,48056;41,88706;-1;1;Autovettura privata;In marcia / fermata / arresto;Fiat;500;Passeggero;1999;M;Illeso;0;;Non accertato;Inesistente
3628399;1;07/01/2018 01:45:00;Strada Urbana;VIA DI S. MARIA IN COSMEDIN;all'intersezione semaforizzata con;VIA DELLA GRECA;VIA DELLA GRECA;;;Scontro frontale/laterale DX fra veicoli in marcia;Intersezione semaforizzata;Una carreggiata a doppio senso;Bagnato (umidità in atto);Asfaltata;Verticale ed orizzontale;Nuvoloso;Normale;Buona;Sufficiente;0;0;0;6;12,48056;41,88706;-1;2;Autovettura privata;In marcia / fermata / arresto;Chrysler;Jeep Wrangler;Conducente;1962;M;Illeso;0;;Non accertato;Inesploso
3628416;1;06/01/2018 23:00:00;Strada Urbana;LUNGOTEVERE AVENTINO;in prossimità;;del palo luce n.;8;;Veicolo in marcia contro ostacolo fisso;Rettilineo;Una carreggiata a senso unico di marcia;Asciutto;Asfaltata;Verticale ed orizzontale;Sereno;Normale;Sufficiente;Sufficiente;0;0;0;3;;;0;1;Autovettura privata;In marcia / fermata / arresto;Audi;4;Conducente;1978;M;Illeso;0;;Non accertato;Inesploso
3628416;1;06/01/2018 23:00:00;Strada Urbana;LUNGOTEVERE AVENTINO;in prossimità;;del palo luce n.;8;;Veicolo in marcia contro ostacolo fisso;Rettilineo;Una carreggiata a senso unico di marcia;Asciutto;Asfaltata;Verticale ed orizzontale;Sereno;Normale;Sufficiente;Sufficiente;0;0;0;3;;;0;1;Autovettura privata;In marcia / fermata / arresto;Audi;4;Passeggero;2008;F;Illeso;0;;Non accertato;Inesploso
3628417;2;04/01/2018 12:40:00;;LARGO GIULIO ONESTI;in prossimità;;del civico n.;fr. 3;;Scontro laterale fra veicoli in marcia;;;;;;;;;;0;0;0;3;;;0;1;Autovettura privata;In marcia / fermata / arresto;Kia;Sportage;Conducente;1949;M;Illeso;0;;;
3628417;2;04/01/2018 12:40:00;;LARGO GIULIO ONESTI;in prossimità;;del civico n.;fr. 3;;Scontro laterale fra veicoli in marcia;;;;;;;;;;0;0;0;3;;;0;2;Autovettura privata;In marcia / fermata / arresto;Jaguar;X F;Conducente;1967;M;Illeso;0;;;
3628417;2;04/01/2018 12:40:00;;LARGO GIULIO ONESTI;in prossimità;;del civico n.;fr. 3;;Scontro laterale fra veicoli in marcia;;;;;;;;;;0;0;0;3;;;0;2;Autovettura privata;In marcia / fermata / arresto;Jaguar;X F;Passeggero;1996;M;Illeso;0;;;
3628420;2;05/01/2018 18:40:00;;PIAZZALE FLAMINIO;all'intersezione con;VIA GIAMBATTISTA VICO;VIA GIAMBATTISTA VICO;;;Tamponamento;;;;;;;;;;1;0;0;1;;;0;1;Autovettura privata;In marcia / fermata / arresto;Mercedes;SLK;Conducente;1975;M;Illeso;0;;;
3628420;2;05/01/2018 18:40:00;;PIAZZALE FLAMINIO;all'intersezione con;VIA GIAMBATTISTA VICO;VIA GIAMBATTISTA VICO;;;Tamponamento;;;;;;;;;;1;0;0;1;;;0;2;Motociclo a solo;In marcia / fermata / arresto;Honda;SH 150;Conducente;0;M;Rimandato;0;NON DECEDUTO;;
3628423;2;05/01/2018 09:50:00;;VIA NOMENTANA;in prossimità;;del civico n.;387;;Tamponamento;;;;;;;;;;1;0;0;2;;;0;1;Autovettura privata;In marcia / fermata / arresto;Renault;Clio;Conducente;1973;M;Illeso;0;;;
3628423;2;05/01/2018 09:50:00;;VIA NOMENTANA;in prossimità;;del civico n.;387;;Tamponamento;;;;;;;;;;1;0;0;2;;;0;1;Autovettura privata;In marcia / fermata / arresto;Renault;Clio;Passeggero;1977;F;Rimandato;0;NON DECEDUTO;;
3628423;2;05/01/2018 09:50:00;;VIA NOMENTANA;in prossimità;;del civico n.;387;;Tamponamento;;;;;;;;;;1;0;0;2;;;0;2;Autovettura privata;In marcia / fermata / arresto;Fiat;500;Conducente;1990;F;Illeso;0;;;
3628424;2;05/01/2018 11:45:00;;VIALE LIBIA;in prossimità;;del civico n.;43;;Investimento di pedone;;;;;;;;;;2;0;0;1;;;0;;;;;;Pedone;1980;F;Rimandato;0;NON DECEDUTO;;
3628424;2;05/01/2018 11:45:00;;VIALE LIBIA;in prossimità;;del civico n.;43;;Investimento di pedone;;;;;;;;;;2;0;0;1;;;0;;;;;;Pedone;2008;F;Rimandato;0;NON DECEDUTO;;
3628424;2;05/01/2018 11:45:00;;VIALE LIBIA;in prossimità;;del civico n.;43;;Investimento di pedone;;;;;;;;;;2;0;0;1;;;0;1;Motociclo a solo;In marcia / fermata / arresto;Piaggio;Liberty 125;Conducente;1994;M;Illeso;0;;;
3628425;2;06/01/2018 09:30:00;Strada Urbana;VIA ARGENTINA;all'intersezione con;VIA INDIA;VIA INDIA;;;Scontro frontale/laterale SX fra veicoli in marcia;Incrocio;Una carreggiata a doppio senso;Asciutto;Asfaltata;Verticale ed orizzontale;Nuvoloso;Scarso;Buona;Ore Diurne;0;0;0;2;12,47626;41,93279;0;1;Autovettura privata;In marcia / fermata / arresto;Hyundai;Atos;Conducente;1959;M;Illeso;0;;;
3628425;2;06/01/2018 09:30:00;Strada Urbana;VIA ARGENTINA;all'intersezione con;VIA INDIA;VIA INDIA;;;Scontro frontale/laterale SX fra veicoli in marcia;Incrocio;Una carreggiata a doppio senso;Asciutto;Asfaltata;Verticale ed orizzontale;Nuvoloso;Scarso;Buona;Ore Diurne;0;0;0;2;12,47626;41,93279;0;2;Autovettura privata;In marcia / fermata / arresto;Fiat;Punto;Conducente;1950;F;Illeso;0;;;
3628428;2;06/01/2018 14:30:00;;LUNGOTEVERE GRANDE A.GLIO THAON DI REVEL;da specificare;;;;pross. VIA MARTINO LONGHI;Tamponamento;;;;;;;;;;1;0;0;3;;;0;1;Autovettura privata;In marcia / fermata / arresto;Daimler;Smart;Conducente;1996;F;Rimandato;0;NON DECEDUTO;;
3628428;2;06/01/2018 14:30:00;;LUNGOTEVERE GRANDE A.GLIO THAON DI REVEL;da specificare;;;;pross. VIA MARTINO LONGHI;Tamponamento;;;;;;;;;;1;0;0;3;;;0;2;Autovettura privata;In marcia / fermata / arresto;Mercedes;Smart Forfour;Conducente;1986;M;Illeso;0;;;
3628428;2;06/01/2018 14:30:00;;LUNGOTEVERE GRANDE A.GLIO THAON DI REVEL;da specificare;;;;pross. VIA MARTINO LONGHI;Tamponamento;;;;;;;;;;1;0;0;3;;;0;2;Autovettura privata;In marcia / fermata / arresto;Mercedes;Smart Forfour;Passeggero;1982;F;Illeso;0;;;
3628428;2;06/01/2018 14:30:00;;LUNGOTEVERE GRANDE A.GLIO THAON DI REVEL;da specificare;;;;pross. VIA MARTINO LONGHI;Tamponamento;;;;;;;;;;1;0;0;3;;;0;2;Autovettura privata;In marcia / fermata / arresto;Mercedes;Smart Forfour;Passeggero;2016;F;Illeso;0;;;
3628430;2;06/01/2018 10:00:00;;VIA DEL FORO ITALICO;in prossimità;;del civico n.;435;;Scontro laterale fra veicoli in marcia;;;;;;;;;;1;0;0;0;;;0;1;Motociclo a solo;In marcia / fermata / arresto;Triumph;(ignoto);Conducente;1952;M;Ricoverato;0;NON DECEDUTO;;
3628431;2;06/01/2018 19:45:00;;VIA TOMMASO SALVINI;in prossimità;;del civico n.;31C;;Veicolo in marcia contro veicoli in sosta;;;;;;;;;;0;0;0;1;;;0;1;Quadriciclo leggero;In marcia / fermata / arresto;AIXAM;(ignoto);Conducente;2003;M;Illeso;0;;;
3628433;2;06/01/2018 23:35:00;Strada Urbana;VIA LUISA DI SAVOIA;all'intersezione con;VIA MARIA ADELAIDE;VIA MARIA ADELAIDE;;;Scontro laterale fra veicoli in marcia;Intersezione stradale segnalata;Due carreggiate;Asciutto;Asfaltata;Verticale ed orizzontale;Sereno;Normale;Sufficiente;Sufficiente;0;0;0;3;12,47379;41,91122;0;1;Autovettura privata;In marcia / fermata / arresto;Land Rover;Range Rover;Conducente;1941;M;Illeso;0;;Non accertato;Inesploso
3628433;2;06/01/2018 23:35:00;Strada Urbana;VIA LUISA DI SAVOIA;all'intersezione con;VIA MARIA ADELAIDE;VIA MARIA ADELAIDE;;;Scontro laterale fra veicoli in marcia;Intersezione stradale segnalata;Due carreggiate;Asciutto;Asfaltata;Verticale ed orizzontale;Sereno;Normale;Sufficiente;Sufficiente;0;0;0;3;12,47379;41,91122;0;1;Autovettura privata;In marcia / fermata / arresto;Land Rover;Range Rover;Passeggero;1944;F;Illeso;0;;Non accertato;Inesploso
3628433;2;06/01/2018 23:35:00;Strada Urbana;VIA LUISA DI SAVOIA;all'intersezione con;VIA MARIA ADELAIDE;VIA MARIA ADELAIDE;;;Scontro laterale fra veicoli in marcia;Intersezione stradale segnalata;Due carreggiate;Asciutto;Asfaltata;Verticale ed orizzontale;Sereno;Normale;Sufficiente;Sufficiente;0;0;0;3;12,47379;41,91122;0;2;Autovettura privata;In marcia / fermata / arresto;BMW;320 D;Conducente;1963;F;Illeso;0;;Non accertato;Inesploso
3628437;1;06/01/2018 16:20:00;Strada Urbana;LUNGOTEVERE DEI FIORENTINI;in corrispondenza;;del civico n.;1;;Tamponamento;Rettilineo;Una carreggiata a senso unico di marcia;Asciutto;Asfaltata;Verticale ed orizzontale;Sereno;Intenso;Buona;Ore Diurne;0;0;0;2;;;0;1;Autovettura privata;In marcia / fermata / arresto;Smart ;-;Conducente;1985;F;Illeso;0;;Non accertato;Inesploso
3628437;1;06/01/2018 16:20:00;Strada Urbana;LUNGOTEVERE DEI FIORENTINI;in corrispondenza;;del civico n.;1;;Tamponamento;Rettilineo;Una carreggiata a senso unico di marcia;Asciutto;Asfaltata;Verticale ed orizzontale;Sereno;Intenso;Buona;Ore Diurne;0;0;0;2;;;0;1;Autovettura privata;In marcia / fermata / arresto;Smart ;-;Passeggero;1985;F;Illeso;0;;Non accertato;Inesploso
3628453;1;06/01/2018 13:50:00;Strada Urbana;VIA DI S. MARIA IN VIA;in prossimità;;del civico n.;2;;Scontro frontale/laterale DX fra veicoli in marcia;Rettilineo;Una carreggiata a senso unico di marcia;Asciutto;In cubetti di porfido;Verticale ed orizzontale;Sereno;Normale;Buona;Ore Diurne;1;0;0;1;;;0;;;;;;Pedone;1966;F;Rimandato;0;NON DECEDUTO;;
3628453;1;06/01/2018 13:50:00;Strada Urbana;VIA DI S. MARIA IN VIA;in prossimità;;del civico n.;2;;Scontro frontale/laterale DX fra veicoli in marcia;Rettilineo;Una carreggiata a senso unico di marcia;Asciutto;In cubetti di porfido;Verticale ed orizzontale;Sereno;Normale;Buona;Ore Diurne;1;0;0;1;;;0;1;Autovettura privata;In marcia / fermata / arresto;Mini;Cooper;Conducente;1935;M;Illeso;0;;Non accertato;Inesploso
3628591;6;07/01/2018 01:35:00;Strada Urbana;Tangenziale Est;da specificare;;;;svincolo Tiburtina Camesena;Tamponamento;Rettilineo;Una carreggiata a senso unico di marcia;Asciutto;Asfaltata;Verticale ed orizzontale;Sereno;Scarso;Buona;Sufficiente;0;0;0;3;12,53385;41,9083;-1;1;Autovettura privata;In marcia / fermata / arresto;Fiat;Panda;Conducente;1988;F;Illeso;0;;;
3628591;6;07/01/2018 01:35:00;Strada Urbana;Tangenziale Est;da specificare;;;;svincolo Tiburtina Camesena;Tamponamento;Rettilineo;Una carreggiata a senso unico di marcia;Asciutto;Asfaltata;Verticale ed orizzontale;Sereno;Scarso;Buona;Sufficiente;0;0;0;3;12,53385;41,9083;-1;2;Autovettura privata;In marcia / fermata / arresto;Citroen;C 3;Conducente;1996;M;Illeso;0;;;
3628591;6;07/01/2018 01:35:00;Strada Urbana;Tangenziale Est;da specificare;;;;svincolo Tiburtina Camesena;Tamponamento;Rettilineo;Una carreggiata a senso unico di marcia;Asciutto;Asfaltata;Verticale ed orizzontale;Sereno;Scarso;Buona;Sufficiente;0;0;0;3;12,53385;41,9083;-1;2;Autovettura privata;In marcia / fermata / arresto;Citroen;C 3;Passeggero;1991;F;Illeso;0;;;
3628595;6;07/01/2018 12:40:00;Strada Urbana;VIA CHERSO;in prossimità;;del civico n.;104;;Scontro laterale fra veicoli in marcia;Rettilineo;Una carreggiata a doppio senso;Asciutto;Asfaltata;Verticale ed orizzontale;Nuvoloso;Normale;Buona;Ore Diurne;0;0;0;4;12,56001;41,89599;0;1;Autovettura privata;In marcia / fermata / arresto;Lancia;Ypsilon;Conducente;1968;F;Illeso;0;;;
3628595;6;07/01/2018 12:40:00;Strada Urbana;VIA CHERSO;in prossimità;;del civico n.;104;;Scontro laterale fra veicoli in marcia;Rettilineo;Una carreggiata a doppio senso;Asciutto;Asfaltata;Verticale ed orizzontale;Nuvoloso;Normale;Buona;Ore Diurne;0;0;0;4;12,56001;41,89599;0;2;Autovettura privata;In marcia / fermata / arresto;Fiat;Panda;Conducente;1970;F;Illeso;0;;;
3628595;6;07/01/2018 12:40:00;Strada Urbana;VIA CHERSO;in prossimità;;del civico n.;104;;Scontro laterale fra veicoli in marcia;Rettilineo;Una carreggiata a doppio senso;Asciutto;Asfaltata;Verticale ed orizzontale;Nuvoloso;Normale;Buona;Ore Diurne;0;0;0;4;12,56001;41,89599;0;2;Autovettura privata;In marcia / fermata / arresto;Fiat;Panda;Passeggero;2002;M;Illeso;0;;;
3628595;6;07/01/2018 12:40:00;Strada Urbana;VIA CHERSO;in prossimità;;del civico n.;104;;Scontro laterale fra veicoli in marcia;Rettilineo;Una carreggiata a doppio senso;Asciutto;Asfaltata;Verticale ed orizzontale;Nuvoloso;Normale;Buona;Ore Diurne;0;0;0;4;12,56001;41,89599;0;2;Autovettura privata;In marcia / fermata / arresto;Fiat;Panda;Passeggero;2003;M;Illeso;0;;;
3628741;12;05/01/2018 18:20:00;Strada Urbana;VIA DI MEZZOCAMMINO;all'intersezione semaforizzata con;VIALE DEGLI EROI DI RODI;VIALE DEGLI EROI DI RODI;;;Scontro frontale fra veicoli in marcia;Intersezione semaforizzata;Una carreggiata a doppio senso;Asciutto;Asfaltata;Verticale ed orizzontale;Sereno;Normale;Buona;Sufficiente;0;0;0;2;12,43488;41,78785;0;1;Autovettura privata;In marcia / fermata / arresto;Citroen;C 3;Conducente;1993;M;Illeso;0;;Utilizzato;Inesploso