Protocollo;Gruppo;DataOraIncidente;Localizzazione1;STRADA1;Localizzazione2;STRADA2;Strada02;Chilometrica;DaSpecificare;NaturaIncidente;particolaritastrade;TipoStrada;FondoStradale;Pavimentazione;Segnaletica;CondizioneAtmosferica;Traffico;Visibilita;Illuminazione;NUM_FERITI;NUM_RISERVATA;NUM_MORTI;NUM_ILLESI;Longitudine;Latitudine;Confermato;Progressivo;TipoVeicolo;StatoVeicolo;Marca;Modello;TipoPersona;AnnoNascita;Sesso;Tipolesione;Deceduto;DecedutoDopo;CinturaCascoUtilizzato;Airbag;
3628741;12;05/01/2018 18:20:00;Strada Urbana;VIA DI MEZZOCAMMINO;all'intersezione semaforizzata con;VIALE DEGLI EROI DI RODI;VIALE DEGLI EROI DI RODI;;;Scontro frontale fra veicoli in marcia;Intersezione semaforizzata;Una carreggiata a doppio senso;Asciutto;Asfaltata;Verticale ed orizzontale;Sereno;Normale;Buona;Sufficiente;0;0;0;2;12,43488;41,78785;0;2;Autovettura privata;In marcia / fermata / arresto;Daimler Smart;FORTWO COUPE;Conducente;1994;M;Illeso;0;;Utilizzato;Inesploso
3628798;6;07/01/2018 17:50:00;Strada Urbana;VIALE DELL'ACQUEDOTTO ALESSANDRINO;all'intersezione con;VIA DI TOR PIGNATTARA;VIA DI TOR PIGNATTARA;;;Scontro frontale/laterale DX fra veicoli in marcia;Incrocio;Una carreggiata a senso unico di marcia;Asciutto;Asfaltata;Verticale;Nuvoloso;Normale;Sufficiente;Sufficiente;0;0;0;2;12,54148;41,87559;0;1;Autovettura privata;In marcia / fermata / arresto;Fiat;Punto;Conducente;1998;M;Illeso;0;;;
3628798;6;07/01/2018 17:50:00;Strada Urbana;VIALE DELL'ACQUEDOTTO ALESSANDRINO;all'intersezione con;VIA DI TOR PIGNATTARA;VIA DI TOR PIGNATTARA;;;Scontro frontale/laterale DX fra veicoli in marcia;Incrocio;Una carreggiata a senso unico di marcia;Asciutto;Asfaltata;Verticale;Nuvoloso;Normale;Sufficiente;Sufficiente;0;0;0;2;12,54148;41,87559;0;2;Autovettura privata;In marcia / fermata / arresto;Fiat;Panda;Conducente;1987;F;Illeso;0;;;
3628845;9;06/01/2018 09:15:00;;VIA MONZA;da specificare;;;;fronte civico 9;Scontro laterale fra veicoli in marcia;;;;;;;;;;0;0;0;2;;;0;1;Autovettura privata;In marcia / fermata / arresto;Renault;Clio;Conducente;1978;M;Illeso;0;;;
3628845;9;06/01/2018 09:15:00;;VIA MONZA;da specificare;;;;fronte civico 9;Scontro laterale fra veicoli in marcia;;;;;;;;;;0;0;0;2;;;0;2;Autovettura privata;In marcia / fermata / arresto;Smart ;-;Conducente;1933;M;Illeso;0;;;
3628851;9;06/01/2018 14:00:00;;VIA TARANTO;all'intersezione semaforizzata con;VIA ORVIETO;VIA ORVIETO;;;Scontro frontale/laterale DX fra veicoli in marcia;;;;;;;;;;2;0;0;1;;;0;1;Autovettura privata;In marcia / fermata / arresto;Audi;A 3;Conducente;1984;M;Illeso;0;;;
3628851;9;06/01/2018 14:00:00;;VIA TARANTO;all'intersezione semaforizzata con;VIA ORVIETO;VIA ORVIETO;;;Scontro frontale/laterale DX fra veicoli in marcia;;;;;;;;;;2;0;0;1;;;0;1;Autovettura privata;In marcia / fermata / arresto;Audi;A 3;Passeggero;0;F;Rimandato;0;NON DECEDUTO;;
3628851;9;06/01/2018 14:00:00;;VIA TARANTO;all'intersezione semaforizzata con;VIA ORVIETO;VIA ORVIETO;;;Scontro frontale/laterale DX fra veicoli in marcia;;;;;;;;;;2;0;0;1;;;0;2;Autovettura privata;In marcia / fermata / arresto;Fiat;Panda;Conducente;1966;M;Rimandato;0;NON DECEDUTO;;
3628856;9;07/01/2018 02:00:00;;VIA PRENESTINA;in corrispondenza;;del civico n.;366;;Veicolo in marcia contro veicolo in sosta;;;;;;;;;;0;0;0;1;;;0;1;Autovettura privata;In marcia / fermata / arresto;Hyundai;i 20;Conducente;1973;F;Illeso;0;;;
3628948;18;05/01/2018 20:00:00;Strada Urbana;VIA CORNELIA;in corrispondenza;;del civico n.;136;;Scontro frontale/laterale SX fra veicoli in marcia;Rettilineo;Una carreggiata a doppio senso;Asciutto;Asfaltata;Orizzontale;Sereno;Scarso;Buona;Sufficiente;1;0;0;1;12,39096;41,90338;-1;1;Autovettura privata;In marcia / fermata / arresto;Toyota;Aygo;Conducente;1958;F;Illeso;0;;Non accertato;Inesploso
3628948;18;05/01/2018 20:00:00;Strada Urbana;VIA CORNELIA;in corrispondenza;;del civico n.;136;;Scontro frontale/laterale SX fra veicoli in marcia;Rettilineo;Una carreggiata a doppio senso;Asciutto;Asfaltata;Orizzontale;Sereno;Scarso;Buona;Sufficiente;1;0;0;1;12,39096;41,90338;-1;2;Motociclo a solo;In marcia / fermata / arresto;Honda;SH 150;Conducente;1991;M;Rifiuta cure immediate;0;NON DECEDUTO;Non accertato;
3628950;18;05/01/2018 10:55:00;Strada Urbana;VIA AURELIA;da specificare;;;;CAVALCAVIA ACQUAFREDDA DIR. AURELIA CENTRO;Scontro frontale fra veicoli in marcia;Curva senza visuale libera;Una carreggiata a doppio senso;Asciutto;Asfaltata;Verticale ed orizzontale;Sereno;Normale;Buona;Ore Diurne;0;0;0;2;12,38873;41,88752;0;1;Autovettura privata;In marcia / fermata / arresto;Ford;Focus;Conducente;1971;M;Illeso;0;;;
3628950;18;05/01/2018 10:55:00;Strada Urbana;VIA AURELIA;da specificare;;;;CAVALCAVIA ACQUAFREDDA DIR. AURELIA CENTRO;Scontro frontale fra veicoli in marcia;Curva senza visuale libera;Una carreggiata a doppio senso;Asciutto;Asfaltata;Verticale ed orizzontale;Sereno;Normale;Buona;Ore Diurne;0;0;0;2;12,38873;41,88752;0;2;Autovettura privata;In marcia / fermata / arresto;SSangyong;ACTYON;Conducente;1965;M;Illeso;0;;;
3628952;18;05/01/2018 10:35:00;Strada Urbana;VIA GREGORIO VII;in prossimità;;del civico n.;190;;Scontro laterale fra veicoli in marcia;Rettilineo;Più di due carreggiate;Asciutto;Asfaltata;Verticale ed orizzontale;Sereno;Normale;Buona;Ore Diurne;0;0;0;3;12,44346;41,89624;0;1;Autocarro inferiore 35 q.;In marcia / fermata / arresto;Ford;WAG;Conducente;1990;M;Illeso;0;;;
3628952;18;05/01/2018 10:35:00;Strada Urbana;VIA GREGORIO VII;in prossimità;;del civico n.;190;;Scontro laterale fra veicoli in marcia;Rettilineo;Più di due carreggiate;Asciutto;Asfaltata;Verticale ed orizzontale;Sereno;Normale;Buona;Ore Diurne;0;0;0;3;12,44346;41,89624;0;2;Autovettura privata;In marcia / fermata / arresto;Fiat;Freemont;Conducente;1972;M;Illeso;0;;;
3628952;18;05/01/2018 10:35:00;Strada Urbana;VIA GREGORIO VII;in prossimità;;del civico n.;190;;Scontro laterale fra veicoli in marcia;Rettilineo;Più di due carreggiate;Asciutto;Asfaltata;Verticale ed orizzontale;Sereno;Normale;Buona;Ore Diurne;0;0;0;3;12,44346;41,89624;0;2;Autovettura privata;In marcia / fermata / arresto;Fiat;Freemont;Passeggero;1971;F;Illeso;0;;;
3629103;10;07/01/2018 13:05:00;;VIA DI CASAL MORENA;in prossimità;;del civico n.;19/A;;Tamponamento Multiplo;;;;;;;;;;4;0;0;7;;;0;1;Autovettura privata;In marcia / fermata / arresto;Suzuki;Jimmy;Conducente;1965;F;Illeso;0;;;
3629103;10;07/01/2018 13:05:00;;VIA DI CASAL MORENA;in prossimità;;del civico n.;19/A;;Tamponamento Multiplo;;;;;;;;;;4;0;0;7;;;0;1;Autovettura privata;In marcia / fermata / arresto;Suzuki;Jimmy;Passeggero;1970;M;Illeso;0;;;
3629103;10;07/01/2018 13:05:00;;VIA DI CASAL MORENA;in prossimità;;del civico n.;19/A;;Tamponamento Multiplo;;;;;;;;;;4;0;0;7;;;0;2;Autovettura privata;In marcia / fermata / arresto;Ford;Fiesta;Conducente;1973;M;Illeso;0;;;
3629103;10;07/01/2018 13:05:00;;VIA DI CASAL MORENA;in prossimità;;del civico n.;19/A;;Tamponamento Multiplo;;;;;;;;;;4;0;0;7;;;0;2;Autovettura privata;In marcia / fermata / arresto;Ford;Fiesta;Passeggero;1973;F;Rimandato;0;NON DECEDUTO;;
3629103;10;07/01/2018 13:05:00;;VIA DI CASAL MORENA;in prossimità;;del civico n.;19/A;;Tamponamento Multiplo;;;;;;;;;;4;0;0;7;;;0;2;Autovettura privata;In marcia / fermata / arresto;Ford;Fiesta;Passeggero;2001;M;Illeso;0;;;
3629103;10;07/01/2018 13:05:00;;VIA DI CASAL MORENA;in prossimità;;del civico n.;19/A;;Tamponamento Multiplo;;;;;;;;;;4;0;0;7;;;0;2;Autovettura privata;In marcia / fermata / arresto;Ford;Fiesta;Passeggero;2008;F;Illeso;0;;;
3629103;10;07/01/2018 13:05:00;;VIA DI CASAL MORENA;in prossimità;;del civico n.;19/A;;Tamponamento Multiplo;;;;;;;;;;4;0;0;7;;;0;3;Autovettura privata;In marcia / fermata / arresto;Volkswagen;Golf;Conducente;1972;M;Illeso;0;;;
3629103;10;07/01/2018 13:05:00;;VIA DI CASAL MORENA;in prossimità;;del civico n.;19/A;;Tamponamento Multiplo;;;;;;;;;;4;0;0;7;;;0;3;Autovettura privata;In marcia / fermata / arresto;Volkswagen;Golf;Passeggero;1975;F;Rimandato;0;NON DECEDUTO;;
3629103;10;07/01/2018 13:05:00;;VIA DI CASAL MORENA;in prossimità;;del civico n.;19/A;;Tamponamento Multiplo;;;;;;;;;;4;0;0;7;;;0;3;Autovettura privata;In marcia / fermata / arresto;Volkswagen;Golf;Passeggero;2001;M;Rimandato;0;NON DECEDUTO;;
3629103;10;07/01/2018 13:05:00;;VIA DI CASAL MORENA;in prossimità;;del civico n.;19/A;;Tamponamento Multiplo;;;;;;;;;;4;0;0;7;;;0;3;Autovettura privata;In marcia / fermata / arresto;Volkswagen;Golf;Passeggero;2004;M;Illeso;0;;;
3629103;10;07/01/2018 13:05:00;;VIA DI CASAL MORENA;in prossimità;;del civico n.;19/A;;Tamponamento Multiplo;;;;;;;;;;4;0;0;7;;;0;4;Autovettura privata;In marcia / fermata / arresto;Peugeot;206;Conducente;1983;M;Rimandato;0;NON DECEDUTO;;
3629123;18;06/01/2018 07:00:00;Statale;VIA AURELIA;in prossimità;;della chilometrica;20.2;;Veicolo in marcia contro veicolo fermo;Rettilineo;Due carreggiate;Bagnato (brina);Asfaltata;Orizzontale;Sereno;Scarso;Buona;Sufficiente;0;0;0;7;12,38873;41,88752;0;1;Autovettura privata;In marcia / fermata / arresto;Citroen;C 3;Conducente;1966;M;Illeso;0;;;
3629123;18;06/01/2018 07:00:00;Statale;VIA AURELIA;in prossimità;;della chilometrica;20.2;;Veicolo in marcia contro veicolo fermo;Rettilineo;Due carreggiate;Bagnato (brina);Asfaltata;Orizzontale;Sereno;Scarso;Buona;Sufficiente;0;0;0;7;12,38873;41,88752;0;2;Autovettura privata;In marcia / fermata / arresto;Volkswagen;Transporter;Conducente;1969;M;Illeso;0;;;
3629123;18;06/01/2018 07:00:00;Statale;VIA AURELIA;in prossimità;;della chilometrica;20.2;;Veicolo in marcia contro veicolo fermo;Rettilineo;Due carreggiate;Bagnato (brina);Asfaltata;Orizzontale;Sereno;Scarso;Buona;Sufficiente;0;0;0;7;12,38873;41,88752;0;2;Autovettura privata;In marcia / fermata / arresto;Volkswagen;Transporter;Passeggero;1970;M;Illeso;0;;;
3629123;18;06/01/2018 07:00:00;Statale;VIA AURELIA;in prossimità;;della chilometrica;20.2;;Veicolo in marcia contro veicolo fermo;Rettilineo;Due carreggiate;Bagnato (brina);Asfaltata;Orizzontale;Sereno;Scarso;Buona;Sufficiente;0;0;0;7;12,38873;41,88752;0;2;Autovettura privata;In marcia / fermata / arresto;Volkswagen;Transporter;Passeggero;1973;M;Illeso;0;;;
3629123;18;06/01/2018 07:00:00;Statale;VIA AURELIA;in prossimità;;della chilometrica;20.2;;Veicolo in marcia contro veicolo fermo;Rettilineo;Due carreggiate;Bagnato (brina);Asfaltata;Orizzontale;Sereno;Scarso;Buona;Sufficiente;0;0;0;7;12,38873;41,88752;0;2;Autovettura privata;In marcia / fermata / arresto;Volkswagen;Transporter;Passeggero;1975;M;Illeso;0;;;
3629123;18;06/01/2018 07:00:00;Statale;VIA AURELIA;in prossimità;;della chilometrica;20.2;;Veicolo in marcia contro veicolo fermo;Rettilineo;Due carreggiate;Bagnato (brina);Asfaltata;Orizzontale;Sereno;Scarso;Buona;Sufficiente;0;0;0;7;12,38873;41,88752;0;2;Autovettura privata;In marcia / fermata / arresto;Volkswagen;Transporter;Passeggero;1979;M;Illeso;0;;;
3629123;18;06/01/2018 07:00:00;Statale;VIA AURELIA;in prossimità;;della chilometrica;20.2;;Veicolo in marcia contro veicolo fermo;Rettilineo;Due carreggiate;Bagnato (brina);Asfaltata;Orizzontale;Sereno;Scarso;Buona;Sufficiente;0;0;0;7;12,38873;41,88752;0;2;Autovettura privata;In marcia / fermata / arresto;Volkswagen;Transporter;Passeggero;1984;M;Illeso;0;;;
3629124;11;07/01/2018 11:35:00;Strada Urbana;VIA APPIA PIGNATELLI;da specificare;;;;fronte civico 198;Veicolo in marcia contro ostacolo accidentale;Rettilineo;Una carreggiata a doppio senso;Asciutto;Asfaltata;Verticale ed orizzontale;Sereno;Normale;Buona;Ore Diurne;0;0;0;3;12,52829;41,85116;0;1;Autovettura privata;In marcia / fermata / arresto;Audi;A1;Conducente;1965;F;Illeso;0;;;
3629124;11;07/01/2018 11:35:00;Strada Urbana;VIA APPIA PIGNATELLI;da specificare;;;;fronte civico 198;Veicolo in marcia contro ostacolo accidentale;Rettilineo;Una carreggiata a doppio senso;Asciutto;Asfaltata;Verticale ed orizzontale;Sereno;Normale;Buona;Ore Diurne;0;0;0;3;12,52829;41,85116;0;1;Autovettura privata;In marcia / fermata / arresto;Audi;A1;Passeggero;1932;M;Illeso;0;;;
3629124;11;07/01/2018 11:35:00;Strada Urbana;VIA APPIA PIGNATELLI;da specificare;;;;fronte civico 198;Veicolo in marcia contro ostacolo accidentale;Rettilineo;Una carreggiata a doppio senso;Asciutto;Asfaltata;Verticale ed orizzontale;Sereno;Normale;Buona;Ore Diurne;0;0;0;3;12,52829;41,85116;0;1;Autovettura privata;In marcia / fermata / arresto;Audi;A1;Passeggero;1936;F;Illeso;0;;;
3629125;11;07/01/2018 13:20:00;Strada Urbana;VIA DI TOR CARBONE;da specificare;;;;altezza fermata BUS "Ardeatina";Tamponamento;Rettilineo;Una carreggiata a senso unico di marcia;Asciutto;Asfaltata;Orizzontale;Sereno;Normale;Buona;Ore Diurne;1;0;0;1;;;0;1;Autovettura privata;In marcia / fermata / arresto;Nissan;Micra;Conducente;1994;F;Illeso;0;;Non accertato;
3629125;11;07/01/2018 13:20:00;Strada Urbana;VIA DI TOR CARBONE;da specificare;;;;altezza fermata BUS "Ardeatina";Tamponamento;Rettilineo;Una carreggiata a senso unico di marcia;Asciutto;Asfaltata;Orizzontale;Sereno;Normale;Buona;Ore Diurne;1;0;0;1;;;0;2;Motociclo a solo;In marcia / fermata / arresto;Honda;CBR;Conducente;1966;M;Rimandato;0;NON DECEDUTO;;
3629128;15;07/01/2018 11:50:00;;VIA PORTUENSE;in corrispondenza;;del civico n.;1419;;Veicolo in marcia contro ostacolo accidentale;;;;;;;;;;0;0;0;2;;;0;1;Autovettura privata;In marcia / fermata / arresto;Peugeot;207 CC;Conducente;0;M;Illeso;0;;;
3629128;15;07/01/2018 11:50:00;;VIA PORTUENSE;in corrispondenza;;del civico n.;1419;;Veicolo in marcia contro ostacolo accidentale;;;;;;;;;;0;0;0;2;;;0;1;Autovettura privata;In marcia / fermata / arresto;Peugeot;207 CC;Passeggero;0;M;Illeso;0;;;
3629132;20;07/01/2018 19:40:00;Strada Urbana;VIA FRASSINETO;da specificare;;;;prossimità Via delle Galline Bianche;Scontro frontale/laterale DX fra veicoli in marcia;Rettilineo;Una carreggiata a doppio senso;Asciutto;Asfaltata;Verticale ed orizzontale;Sereno;Normale;Sufficiente;Sufficiente;0;0;0;2;12,49407;41,99876;-1;1;Autovettura privata;In marcia / fermata / arresto;Jeep;Renegade;Conducente;1992;M;Illeso;0;;Non accertato;
3629132;20;07/01/2018 19:40:00;Strada Urbana;VIA FRASSINETO;da specificare;;;;prossimità Via delle Galline Bianche;Scontro frontale/laterale DX fra veicoli in marcia;Rettilineo;Una carreggiata a doppio senso;Asciutto;Asfaltata;Verticale ed orizzontale;Sereno;Normale;Sufficiente;Sufficiente;0;0;0;2;12,49407;41,99876;-1;2;Autovettura privata;In marcia / fermata / arresto;Ford;Fiesta;Conducente;1992;M;Illeso;0;;Non accertato;
3629135;18;06/01/2018 14:20:00;;VIA DI BOCCEA;in prossimità;;del civico n.;530;;Scontro laterale fra veicoli in marcia;;;;;;;;;;0;0;0;2;12,38003;41,91661;0;1;Motociclo a solo;In marcia / fermata / arresto;Piaggio;Beverly;Conducente;0;M;Illeso;0;;;
3629135;18;06/01/2018 14:20:00;;VIA DI BOCCEA;in prossimità;;del civico n.;530;;Scontro laterale fra veicoli in marcia;;;;;;;;;;0;0;0;2;12,38003;41,91661;0;2;Autovettura privata;In marcia / fermata / arresto;Fiat;Seicento;Conducente;0;F;Illeso;0;;;
3629137;13;05/01/2018 17:30:00;;VIA ALESSANDRO STRADELLA;all'intersezione con;VIA CESARE PASCUCCI;VIA CESARE PASCUCCI;;;Scontro frontale/laterale DX fra veicoli in marcia;;;;;;;;;;0;0;0;2;;;0;1;Autovettura privata;In marcia / fermata / arresto;Toyota;Yaris;Conducente;1989;F;Illeso;0;;Non accertato;Inesploso
3629137;13;05/01/2018 17:30:00;;VIA ALESSANDRO STRADELLA;all'intersezione con;VIA CESARE PASCUCCI;VIA CESARE PASCUCCI;;;Scontro frontale/laterale DX fra veicoli in marcia;;;;;;;;;;0;0;0;2;;;0;2;Quadriciclo leggero;In marcia / fermata / arresto;quadriciclo;Ligier;Conducente;2000;F;Illeso;0;;Non accertato;Inesploso
3629138;11;05/01/2018 13:15:00;Strada Urbana;VIA ALESSIO BALDOVINETTI;in corrispondenza;;del civico n.;104;;Scontro laterale fra veicoli in marcia;Rettilineo;Una carreggiata a doppio senso;Asciutto;Asfaltata;Orizzontale;Sereno;Normale;Buona;Ore Diurne;1;0;0;3;12,49433;41,83137;-1;1;Autovettura privata;In marcia / fermata / arresto;Ford;Fiesta;Conducente;1972;F;Illeso;0;;;
3629138;11;05/01/2018 13:15:00;Strada Urbana;VIA ALESSIO BALDOVINETTI;in corrispondenza;;del civico n.;104;;Scontro laterale fra veicoli in marcia;Rettilineo;Una carreggiata a doppio senso;Asciutto;Asfaltata;Orizzontale;Sereno;Normale;Buona;Ore Diurne;1;0;0;3;12,49433;41,83137;-1;1;Autovettura privata;In marcia / fermata / arresto;Ford;Fiesta;Passeggero;2001;F;Illeso;0;;;
3629138;11;05/01/2018 13:15:00;Strada Urbana;VIA ALESSIO BALDOVINETTI;in corrispondenza;;del civico n.;104;;Scontro laterale fra veicoli in marcia;Rettilineo;Una carreggiata a doppio senso;Asciutto;Asfaltata;Orizzontale;Sereno;Normale;Buona;Ore Diurne;1;0;0;3;12,49433;41,83137;-1;1;Autovettura privata;In marcia / fermata / arresto;Ford;Fiesta;Passeggero;2006;F;Illeso;0;;;
3629138;11;05/01/2018 13:15:00;Strada Urbana;VIA ALESSIO BALDOVINETTI;in corrispondenza;;del civico n.;104;;Scontro laterale fra veicoli in marcia;Rettilineo;Una carreggiata a doppio senso;Asciutto;Asfaltata;Orizzontale;Sereno;Normale;Buona;Ore Diurne;1;0;0;3;12,49433;41,83137;-1;2;Motociclo a solo;In marcia / fermata / arresto;Honda;SH 300;Conducente;1979;M;Rifiuta cure immediate;0;NON DECEDUTO;;
3629142;18;06/01/2018 15:45:00;Strada Urbana;CIRCONVALLAZIONE CORNELIA;all'intersezione semaforizzata con;PIAZZA DEI GIURECONSULTI;PIAZZA DEI GIURECONSULTI;;;Scontro frontale/laterale SX fra veicoli in marcia;Intersezione semaforizzata;Più di due carreggiate;Asciutto;Asfaltata;Verticale ed orizzontale;Sereno;Scarso;Buona;Ore Diurne;1;0;0;1;12,42584;41,90203;0;1;Autovettura privata;In marcia / fermata / arresto;Renault;Megane;Conducente;1980;M;Illeso;0;;;
3629142;18;06/01/2018 15:45:00;Strada Urbana;CIRCONVALLAZIONE CORNELIA;all'intersezione semaforizzata con;PIAZZA DEI GIURECONSULTI;PIAZZA DEI GIURECONSULTI;;;Scontro frontale/laterale SX fra veicoli in marcia;Intersezione semaforizzata;Più di due carreggiate;Asciutto;Asfaltata;Verticale ed orizzontale;Sereno;Scarso;Buona;Ore Diurne;1;0;0;1;12,42584;41,90203;0;2;Motociclo a solo;In marcia / fermata / arresto;Yamaha;900 cc.;Conducente;1992;M;Rifiuta cure immediate;0;NON DECEDUTO;;
3629144;1;07/01/2018 16:50:00;Strada Urbana;LUNGOTEVERE TOR DI NONA;all'intersezione semaforizzata con;PONTE UMBERTO I;PONTE UMBERTO I;;;Scontro laterale fra veicoli in marcia;Intersezione semaforizzata;Una carreggiata a senso unico di marcia;Asciutto;Asfaltata;Verticale ed orizzontale;Sereno;Intenso;Buona;Sufficiente;0;0;0;2;;;0;1;Motociclo a solo;In marcia / fermata / arresto;Honda;CB 600 F;Conducente;1957;M;Illeso;0;;Non accertato;
3629144;1;07/01/2018 16:50:00;Strada Urbana;LUNGOTEVERE TOR DI NONA;all'intersezione semaforizzata con;PONTE UMBERTO I;PONTE UMBERTO I;;;Scontro laterale fra veicoli in marcia;Intersezione semaforizzata;Una carreggiata a senso unico di marcia;Asciutto;Asfaltata;Verticale ed orizzontale;Sereno;Intenso;Buona;Sufficiente;0;0;0;2;;;0;2;Autovettura privata;In marcia / fermata / arresto;Fiat;Punto;Conducente;1951;M;Illeso;0;;Non accertato;Inesistente
3629149;11;05/01/2018 17:50:00;Strada Urbana;VIA APPIA PIGNATELLI;in corrispondenza;;del civico n.;88;;Tamponamento Multiplo;Rettilineo;Una carreggiata a doppio senso;Asciutto;Asfaltata;Verticale ed orizzontale;Sereno;Normale;Buona;Sufficiente;1;0;0;2;12,5264;41,85333;0;1;Autovettura privata;In marcia / fermata / arresto;Opel;Meriva;Conducente;1954;F;Rifiuta cure immediate;0;NON DECEDUTO;;
3629149;11;05/01/2018 17:50:00;Strada Urbana;VIA APPIA PIGNATELLI;in corrispondenza;;del civico n.;88;;Tamponamento Multiplo;Rettilineo;Una carreggiata a doppio senso;Asciutto;Asfaltata;Verticale ed orizzontale;Sereno;Normale;Buona;Sufficiente;1;0;0;2;12,5264;41,85333;0;2;Autovettura privata;In marcia / fermata / arresto;Ford;Fiesta;Conducente;1970;M;Illeso;0;;;
3629149;11;05/01/2018 17:50:00;Strada Urbana;VIA APPIA PIGNATELLI;in corrispondenza;;del civico n.;88;;Tamponamento Multiplo;Rettilineo;Una carreggiata a doppio senso;Asciutto;Asfaltata;Verticale ed orizzontale;Sereno;Normale;Buona;Sufficiente;1;0;0;2;12,5264;41,85333;0;3;Autovettura privata;In marcia / fermata / arresto;Honda;Insight;Conducente;1940;M;Illeso;0;;;
3629165;19;05/01/2018 19:00:00;Strada Urbana;VIA UGO DE CAROLIS;in corrispondenza;;del civico n.;77;;Tamponamento;Rettilineo;Una carreggiata a doppio senso;Asciutto;Asfaltata;Assente;Sereno;Normale;Buona;Sufficiente;0;0;0;2;12,43953;41,91605;0;1;Autovettura privata;In marcia / fermata / arresto;Mercedes;Smart;Conducente;1951;M;Illeso;0;;Non accertato;
3629165;19;05/01/2018 19:00:00;Strada Urbana;VIA UGO DE CAROLIS;in corrispondenza;;del civico n.;77;;Tamponamento;Rettilineo;Una carreggiata a doppio senso;Asciutto;Asfaltata;Assente;Sereno;Normale;Buona;Sufficiente;0;0;0;2;12,43953;41,91605;0;2;Motociclo a solo;In marcia / fermata / arresto;Honda;SH 150;Conducente;1970;M;Illeso;0;;Non accertato;
3629172;18;07/01/2018 17:40:00;Statale entro l'abitato;VIA AURELIA;all'intersezione semaforizzata con;VIA NICOLA LOMBARDI;VIA NICOLA LOMBARDI;;;Scontro laterale fra veicoli in marcia;Intersezione semaforizzata;Due carreggiate;Asciutto;Asfaltata;Verticale ed orizzontale;Nuvoloso;Normale;Buona;Sufficiente;0;0;0;4;12,38873;41,88752;-1;1;Autovettura privata;In marcia / fermata / arresto;Nissan;Juke;Conducente;1959;M;Illeso;0;;Non accertato;Inesploso
3629172;18;07/01/2018 17:40:00;Statale entro l'abitato;VIA AURELIA;all'intersezione semaforizzata con;VIA NICOLA LOMBARDI;VIA NICOLA LOMBARDI;;;Scontro laterale fra veicoli in marcia;Intersezione semaforizzata;Due carreggiate;Asciutto;Asfaltata;Verticale ed orizzontale;Nuvoloso;Normale;Buona;Sufficiente;0;0;0;4;12,38873;41,88752;-1;1;Autovettura privata;In marcia / fermata / arresto;Nissan;Juke;Passeggero;1962;M;Illeso;0;;Non accertato;Inesploso
3629172;18;07/01/2018 17:40:00;Statale entro l'abitato;VIA AURELIA;all'intersezione semaforizzata con;VIA NICOLA LOMBARDI;VIA NICOLA LOMBARDI;;;Scontro laterale fra veicoli in marcia;Intersezione semaforizzata;Due carreggiate;Asciutto;Asfaltata;Verticale ed orizzontale;Nuvoloso;Normale;Buona;Sufficiente;0;0;0;4;12,38873;41,88752;-1;2;Autovettura privata;In marcia / fermata / arresto;Volkswagen;UP;Conducente;1975;M;Illeso;0;;Non accertato;Inesploso
3629172;18;07/01/2018 17:40:00;Statale entro l'abitato;VIA AURELIA;all'intersezione semaforizzata con;VIA NICOLA LOMBARDI;VIA NICOLA LOMBARDI;;;Scontro laterale fra veicoli in marcia;Intersezione semaforizzata;Due carreggiate;Asciutto;Asfaltata;Verticale ed orizzontale;Nuvoloso;Normale;Buona;Sufficiente;0;0;0;4;12,38873;41,88752;-1;2;Autovettura privata;In marcia / fermata / arresto;Volkswagen;UP;Passeggero;1978;M;Illeso;0;;Non accertato;Inesploso
3629177;5;06/01/2018 02:20:00;;VIA ACQUAVIVA D'ISERNIA;da specificare;;;;via G. Casoni;Scontro frontale/laterale SX fra veicoli in marcia;;;;;;;;;;1;0;0;0;12,66817;41,92133;0;2;Motociclo a solo;In marcia / fermata / arresto;Honda;350 cc.;Conducente;0;M;Rimandato;0;NON DECEDUTO;;
3629178;19;05/01/2018 15:40:00;Strada Urbana;VIA TRIONFALE;in corrispondenza;;del civico n.;8741;;Scontro laterale fra veicoli in marcia;Rettilineo;Una carreggiata a senso unico di marcia;Asciutto;Asfaltata;Orizzontale;Sereno;Normale;Buona;Ore Diurne;0;0;0;5;;;0;1;Motociclo a solo;In marcia / fermata / arresto;Yamaha;XJ;Conducente;1996;M;Illeso;0;;;
3629178;19;05/01/2018 15:40:00;Strada Urbana;VIA TRIONFALE;in corrispondenza;;del civico n.;8741;;Scontro laterale fra veicoli in marcia;Rettilineo;Una carreggiata a senso unico di marcia;Asciutto;Asfaltata;Orizzontale;Sereno;Normale;Buona;Ore Diurne;0;0;0;5;;;0;2;Motociclo a solo;In marcia / fermata / arresto;Honda;SH 300;Conducente;1985;M;Illeso;0;;;