Protocollo;Gruppo;DataOraIncidente;Localizzazione1;STRADA1;Localizzazione2;STRADA2;Strada02;Chilometrica;DaSpecificare;NaturaIncidente;particolaritastrade;TipoStrada;FondoStradale;Pavimentazione;Segnaletica;CondizioneAtmosferica;Traffico;Visibilita;Illuminazione;NUM_FERITI;NUM_RISERVATA;NUM_MORTI;NUM_ILLESI;Longitudine;Latitudine;Confermato;Progressivo;TipoVeicolo;StatoVeicolo;Marca;Modello;TipoPersona;AnnoNascita;Sesso;Tipolesione;Deceduto;DecedutoDopo;CinturaCascoUtilizzato;Airbag;
3629178;19;05/01/2018 15:40:00;Strada Urbana;VIA TRIONFALE;in corrispondenza;;del civico n.;8741;;Scontro laterale fra veicoli in marcia;Rettilineo;Una carreggiata a senso unico di marcia;Asciutto;Asfaltata;Orizzontale;Sereno;Normale;Buona;Ore Diurne;0;0;0;5;;;0;3;Autovettura privata;In marcia / fermata / arresto;Renault;Super 5;Conducente;1947;M;Illeso;0;;;
3629178;19;05/01/2018 15:40:00;Strada Urbana;VIA TRIONFALE;in corrispondenza;;del civico n.;8741;;Scontro laterale fra veicoli in marcia;Rettilineo;Una carreggiata a senso unico di marcia;Asciutto;Asfaltata;Orizzontale;Sereno;Normale;Buona;Ore Diurne;0;0;0;5;;;0;3;Autovettura privata;In marcia / fermata / arresto;Renault;Super 5;Passeggero;1949;F;Illeso;0;;;
3629178;19;05/01/2018 15:40:00;Strada Urbana;VIA TRIONFALE;in corrispondenza;;del civico n.;8741;;Scontro laterale fra veicoli in marcia;Rettilineo;Una carreggiata a senso unico di marcia;Asciutto;Asfaltata;Orizzontale;Sereno;Normale;Buona;Ore Diurne;0;0;0;5;;;0;3;Autovettura privata;In marcia / fermata / arresto;Renault;Super 5;Passeggero;1983;F;Illeso;0;;;
3629185;19;05/01/2018 20:00:00;Strada Urbana;VIALE DELLE MEDAGLIE D'ORO;in prossimità;;del civico n.;79;;Tamponamento Multiplo;Rettilineo;Una carreggiata a doppio senso;Asciutto;Asfaltata;Orizzontale;Sereno;Scarso;Buona;Sufficiente;0;0;0;3;12,4442;41,91137;0;1;Autocarro inferiore 35 q.;In marcia / fermata / arresto;Fiat;Doblo';Conducente;1995;M;Illeso;0;;Non accertato;Inesploso
3629185;19;05/01/2018 20:00:00;Strada Urbana;VIALE DELLE MEDAGLIE D'ORO;in prossimità;;del civico n.;79;;Tamponamento Multiplo;Rettilineo;Una carreggiata a doppio senso;Asciutto;Asfaltata;Orizzontale;Sereno;Scarso;Buona;Sufficiente;0;0;0;3;12,4442;41,91137;0;2;Autovettura privata;In marcia / fermata / arresto;Opel;Corsa;Conducente;1980;M;Illeso;0;;Non accertato;Inesploso
3629185;19;05/01/2018 20:00:00;Strada Urbana;VIALE DELLE MEDAGLIE D'ORO;in prossimità;;del civico n.;79;;Tamponamento Multiplo;Rettilineo;Una carreggiata a doppio senso;Asciutto;Asfaltata;Orizzontale;Sereno;Scarso;Buona;Sufficiente;0;0;0;3;12,4442;41,91137;0;3;Autovettura privata;In marcia / fermata / arresto;Lancia;Ypsilon;Conducente;1984;F;Illeso;0;;Non accertato;Inesploso
3629193;19;05/01/2018 10:45:00;Strada Urbana;VIA S. GIUSEPPE DA COPERTINO;da specificare;;;;altezza Via Ipogeo degli Ottavi;Scontro laterale fra veicoli in marcia;Rettilineo;Una carreggiata a senso unico di marcia;Asciutto;Asfaltata;Orizzontale;Sereno;Normale;Buona;Ore Diurne;0;0;0;2;12,48445;41,8171;-1;1;Autovettura privata;In marcia / fermata / arresto;Hyundai;Tucson;Conducente;1968;F;Illeso;0;;;
3629193;19;05/01/2018 10:45:00;Strada Urbana;VIA S. GIUSEPPE DA COPERTINO;da specificare;;;;altezza Via Ipogeo degli Ottavi;Scontro laterale fra veicoli in marcia;Rettilineo;Una carreggiata a senso unico di marcia;Asciutto;Asfaltata;Orizzontale;Sereno;Normale;Buona;Ore Diurne;0;0;0;2;12,48445;41,8171;-1;2;Autovettura privata;In marcia / fermata / arresto;Fiat;Panda;Conducente;1931;M;Illeso;0;;;
3629197;18;07/01/2018 06:45:00;Strada Urbana;PIAZZA S. GIOVANNI BATTISTA DE LA SALLE;all'intersezione semaforizzata con;VIA AURELIA;VIA AURELIA;;;Scontro frontale/laterale SX fra veicoli in marcia;Intersezione semaforizzata;Più di due carreggiate;Asciutto;Asfaltata;Verticale ed orizzontale;Sereno;Scarso;Buona;Sufficiente;2;0;0;1;12,42753;41,89842;0;1;Autovettura privata;In marcia / fermata / arresto;Nissan;Micra;Conducente;1985;F;Rifiuta cure immediate;0;NON DECEDUTO;;
3629197;18;07/01/2018 06:45:00;Strada Urbana;PIAZZA S. GIOVANNI BATTISTA DE LA SALLE;all'intersezione semaforizzata con;VIA AURELIA;VIA AURELIA;;;Scontro frontale/laterale SX fra veicoli in marcia;Intersezione semaforizzata;Più di due carreggiate;Asciutto;Asfaltata;Verticale ed orizzontale;Sereno;Scarso;Buona;Sufficiente;2;0;0;1;12,42753;41,89842;0;2;Autovettura privata;In marcia / fermata / arresto;Toyota;Yaris;Conducente;1978;F;Rimandato;0;NON DECEDUTO;;
3629197;18;07/01/2018 06:45:00;Strada Urbana;PIAZZA S. GIOVANNI BATTISTA DE LA SALLE;all'intersezione semaforizzata con;VIA AURELIA;VIA AURELIA;;;Scontro frontale/laterale SX fra veicoli in marcia;Intersezione semaforizzata;Più di due carreggiate;Asciutto;Asfaltata;Verticale ed orizzontale;Sereno;Scarso;Buona;Sufficiente;2;0;0;1;12,42753;41,89842;0;3;Autovettura privata;In marcia / fermata / arresto;Fiat;Punto;Conducente;1988;M;Illeso;0;;;
3629201;5;06/01/2018 13:30:00;Strada Urbana;VIA RICCARDO ZAMPIERI;all'intersezione con;VIA SILVIO NEGRO;VIA SILVIO NEGRO;;;Scontro frontale/laterale SX fra veicoli in marcia;Incrocio;Una carreggiata a doppio senso;Asciutto;Asfaltata;Verticale ed orizzontale;Sereno;Normale;Buona;Ore Diurne;0;0;0;2;12,54873;41,90503;-1;1;Autovettura privata;In marcia / fermata / arresto;Smart ;for two;Conducente;1990;F;Illeso;0;;Non accertato;Inesploso
3629201;5;06/01/2018 13:30:00;Strada Urbana;VIA RICCARDO ZAMPIERI;all'intersezione con;VIA SILVIO NEGRO;VIA SILVIO NEGRO;;;Scontro frontale/laterale SX fra veicoli in marcia;Incrocio;Una carreggiata a doppio senso;Asciutto;Asfaltata;Verticale ed orizzontale;Sereno;Normale;Buona;Ore Diurne;0;0;0;2;12,54873;41,90503;-1;2;Autovettura privata;In marcia / fermata / arresto;Fiat;Panda;Conducente;1986;F;Illeso;0;;Non accertato;Inesploso
3629213;7;05/01/2018 10:30:00;Strada Urbana;VIALE PALMIRO TOGLIATTI;da specificare;;;;50 metri dopo Via C. Fadda;Scontro frontale/laterale SX fra veicoli in marcia;Rettilineo;Una carreggiata a senso unico di marcia;Asciutto;Asfaltata;Verticale ed orizzontale;Sereno;Normale;Buona;Ore Diurne;0;0;0;3;;;0;2;Autocarro inferiore 35 q.;In marcia / fermata / arresto;Fiat Iveco;Daily;Conducente;1988;M;Illeso;0;;;
3629213;7;05/01/2018 10:30:00;Strada Urbana;VIALE PALMIRO TOGLIATTI;da specificare;;;;50 metri dopo Via C. Fadda;Scontro frontale/laterale SX fra veicoli in marcia;Rettilineo;Una carreggiata a senso unico di marcia;Asciutto;Asfaltata;Verticale ed orizzontale;Sereno;Normale;Buona;Ore Diurne;0;0;0;3;;;0;3;Autovettura privata;In marcia / fermata / arresto;Fiat;Doblò;Conducente;1963;M;Illeso;0;;;
3629213;7;05/01/2018 10:30:00;Strada Urbana;VIALE PALMIRO TOGLIATTI;da specificare;;;;50 metri dopo Via C. Fadda;Scontro frontale/laterale SX fra veicoli in marcia;Rettilineo;Una carreggiata a senso unico di marcia;Asciutto;Asfaltata;Verticale ed orizzontale;Sereno;Normale;Buona;Ore Diurne;0;0;0;3;;;0;3;Autovettura privata;In marcia / fermata / arresto;Fiat;Doblò;Passeggero;2000;M;Illeso;0;;;
3629222;19;07/01/2018 20:50:00;Strada Urbana;VIA CASSIA;da specificare;;;;civ. 340 alt. Via Cortina D'Ampezzo;Infortunio per sola frenata improvvisa;Rettilineo;Una carreggiata a doppio senso;Asciutto;Asfaltata;Orizzontale;Sereno;Normale;Buona;Sufficiente;1;0;0;1;12,41323;41,98292;-1;1;Autovettura privata;In marcia / fermata / arresto;Fiat;500;Conducente;1968;M;Illeso;0;;;
3629222;19;07/01/2018 20:50:00;Strada Urbana;VIA CASSIA;da specificare;;;;civ. 340 alt. Via Cortina D'Ampezzo;Infortunio per sola frenata improvvisa;Rettilineo;Una carreggiata a doppio senso;Asciutto;Asfaltata;Orizzontale;Sereno;Normale;Buona;Sufficiente;1;0;0;1;12,41323;41,98292;-1;2;Motociclo a solo;In marcia / fermata / arresto;Honda;125 cc.;Conducente;1996;M;Rimandato;0;NON DECEDUTO;;
3629224;13;05/01/2018 22:07:00;Strada Urbana;VIA ERMANNO WOLF FERRARI;in corrispondenza;;del civico n.;180;;Veicolo in marcia contro ostacolo accidentale;Rettilineo;Una carreggiata a doppio senso;Asciutto;Asfaltata;Verticale;Sereno;Scarso;Buona;Insufficiente;0;0;0;1;12,37773;41,74878;0;1;Autovettura privata;In marcia / fermata / arresto;Mercedes;A 180;Conducente;1985;M;Illeso;0;;Non accertato;Inesploso
3629236;18;07/01/2018 03:00:00;Strada Urbana;VIA ANASTASIO II;in corrispondenza;;del civico n.;163;;Veicolo in marcia contro ostacolo fisso;Curva senza visuale libera;Due carreggiate;Asciutto;Asfaltata;Verticale ed orizzontale;Sereno;Scarso;Sufficiente;Sufficiente;0;0;0;1;12,44234;41,8976;0;1;Autovettura privata;In marcia / fermata / arresto;Fiat;500;Conducente;1995;M;Illeso;0;;Non accertato;Inesploso
3629240;13;05/01/2018 18:35:00;;LUNGOMARE PAOLO TOSCANELLI;in corrispondenza;;del civico n.;25;;Veicolo in marcia contro veicolo in sosta;;;;;;;;;;0;0;0;1;;;0;1;Motociclo a solo;In marcia / fermata / arresto;Yamaha;Magestic;Conducente;0;M;Illeso;0;;;
3629242;19;07/01/2018 11:20:00;Strada Urbana;VIA ENRICO PESTALOZZI;da specificare;;;;alt. Via dell'Acquedotto Paolo;Tamponamento Multiplo;Rettilineo;Una carreggiata a senso unico di marcia;Asciutto;Asfaltata;Verticale ed orizzontale;Nuvoloso;Normale;Buona;Ore Diurne;0;0;0;3;12,43179;41,93649;-1;1;Autovettura privata;In marcia / fermata / arresto;Opel;Corsa;Conducente;1959;M;Illeso;0;;Non accertato;
3629242;19;07/01/2018 11:20:00;Strada Urbana;VIA ENRICO PESTALOZZI;da specificare;;;;alt. Via dell'Acquedotto Paolo;Tamponamento Multiplo;Rettilineo;Una carreggiata a senso unico di marcia;Asciutto;Asfaltata;Verticale ed orizzontale;Nuvoloso;Normale;Buona;Ore Diurne;0;0;0;3;12,43179;41,93649;-1;2;Autovettura privata;In marcia / fermata / arresto;Mercedes;C 220;Conducente;1944;M;Illeso;0;;Non accertato;
3629242;19;07/01/2018 11:20:00;Strada Urbana;VIA ENRICO PESTALOZZI;da specificare;;;;alt. Via dell'Acquedotto Paolo;Tamponamento Multiplo;Rettilineo;Una carreggiata a senso unico di marcia;Asciutto;Asfaltata;Verticale ed orizzontale;Nuvoloso;Normale;Buona;Ore Diurne;0;0;0;3;12,43179;41,93649;-1;3;Autovettura privata;In marcia / fermata / arresto;Fiat;Panda;Conducente;1956;M;Illeso;0;;Non accertato;
3629244;19;05/01/2018 18:30:00;Strada Urbana;VIA TRIONFALE;da specificare;;;;frinte civ. 8872;Veicolo in marcia contro veicolo in sosta;Rettilineo;Una carreggiata a senso unico di marcia;Asciutto;Asfaltata;Assente;Sereno;Normale;Buona;Sufficiente;0;0;0;1;12,42294;41,94086;0;1;Autovettura privata;Sosta;Fiat;500 X;Passeggero;1992;M;Illeso;0;;Non accertato;Inesploso
3629251;13;06/01/2018 15:35:00;;VIA TELEMACO SIGNORINI;all'intersezione con;VIA GINO BONICHI;VIA GINO BONICHI;;;Scontro frontale/laterale DX fra veicoli in marcia;;;;;;;;;;0;0;0;2;;;0;1;Autovettura privata;In marcia / fermata / arresto;Fiat;500;Conducente;1987;F;Illeso;0;;Non accertato;Inesploso
3629251;13;06/01/2018 15:35:00;;VIA TELEMACO SIGNORINI;all'intersezione con;VIA GINO BONICHI;VIA GINO BONICHI;;;Scontro frontale/laterale DX fra veicoli in marcia;;;;;;;;;;0;0;0;2;;;0;2;Autovettura privata;In marcia / fermata / arresto;Audi;A 4;Conducente;1984;M;Illeso;0;;Non accertato;
3629255;8;06/01/2018 09:30:00;;VIA DI ROCCA CENCIA;all'intersezione con;VIA PRENESTINA;VIA PRENESTINA;;;Scontro laterale fra veicoli in marcia;;;;;;;;;;1;0;0;0;12,69575;41,88864;0;2;Autovettura privata;In marcia / fermata / arresto;Audi;A3;Conducente;1965;M;Rifiuta cure immediate;0;NON DECEDUTO;Non accertato;Inesploso
3629258;13;05/01/2018 19:30:00;;VIA ERMANNO WOLF FERRARI;da specificare;;;;altezza Via Scontrino;Veicolo in marcia contro ostacolo accidentale;;;;;;;;;;0;0;0;1;;;0;1;Autovettura privata;In marcia / fermata / arresto;Audi;A3;Conducente;1987;M;Illeso;0;;Non accertato;Inesploso
3629264;8;07/01/2018 15:25:00;;VIA PRENESTINA;da specificare;;;;alt. via Montemarano;Tamponamento;;;;;;;;;;1;0;0;3;12,63206;41,89271;0;1;Autovettura privata;In marcia / fermata / arresto;Renault;Clio;Conducente;1997;F;Illeso;0;;;
3629264;8;07/01/2018 15:25:00;;VIA PRENESTINA;da specificare;;;;alt. via Montemarano;Tamponamento;;;;;;;;;;1;0;0;3;12,63206;41,89271;0;2;Autovettura privata;In marcia / fermata / arresto;Peugeot;107;Conducente;1973;M;Illeso;0;;;
3629264;8;07/01/2018 15:25:00;;VIA PRENESTINA;da specificare;;;;alt. via Montemarano;Tamponamento;;;;;;;;;;1;0;0;3;12,63206;41,89271;0;2;Autovettura privata;In marcia / fermata / arresto;Peugeot;107;Passeggero;1976;F;Illeso;0;;;
3629264;8;07/01/2018 15:25:00;;VIA PRENESTINA;da specificare;;;;alt. via Montemarano;Tamponamento;;;;;;;;;;1;0;0;3;12,63206;41,89271;0;2;Autovettura privata;In marcia / fermata / arresto;Peugeot;107;Passeggero;2011;F;Rimandato;0;NON DECEDUTO;;
3629275;8;07/01/2018 17:50:00;Strada Urbana;VIA DI ROCCA CENCIA;da specificare;;;;altezza VIA GUASILA;Tamponamento;Rettilineo;Una carreggiata a doppio senso;Asciutto;Asfaltata;Assente;Sereno;Normale;Buona;Sufficiente;1;0;0;0;12,69591;41,8868;0;1;Ciclomotore;In marcia / fermata / arresto;Aprilia;Scarabeo;Conducente;1964;M;Ricoverato;0;NON DECEDUTO;Non accertato;
3629281;8;05/01/2018 08:00:00;;VIA CASILINA;in corrispondenza;;del civico n.;1561;;Veicolo in marcia contro ostacolo accidentale;;;;;;;;;;0;0;0;1;;;0;1;Autovettura privata;In marcia / fermata / arresto;Mercedes;2000;Conducente;1968;;Illeso;0;;;
3629286;7;05/01/2018 18:30:00;Strada Urbana;VIA PRENESTINA;all'intersezione con;VIA DEL MAGGIOLINO;VIA DEL MAGGIOLINO;;;Scontro laterale fra veicoli in marcia;Incrocio;Una carreggiata a doppio senso;Asciutto;Asfaltata;Verticale ed orizzontale;Sereno;Normale;Buona;Sufficiente;0;0;0;4;12,61059;41,89346;0;1;Autovettura privata;In marcia / fermata / arresto;Fiat;Panda;Conducente;1993;M;Illeso;0;;;
3629286;7;05/01/2018 18:30:00;Strada Urbana;VIA PRENESTINA;all'intersezione con;VIA DEL MAGGIOLINO;VIA DEL MAGGIOLINO;;;Scontro laterale fra veicoli in marcia;Incrocio;Una carreggiata a doppio senso;Asciutto;Asfaltata;Verticale ed orizzontale;Sereno;Normale;Buona;Sufficiente;0;0;0;4;12,61059;41,89346;0;2;Autovettura privata;In marcia / fermata / arresto;Renault;Twingo;Conducente;1982;M;Illeso;0;;;
3629286;7;05/01/2018 18:30:00;Strada Urbana;VIA PRENESTINA;all'intersezione con;VIA DEL MAGGIOLINO;VIA DEL MAGGIOLINO;;;Scontro laterale fra veicoli in marcia;Incrocio;Una carreggiata a doppio senso;Asciutto;Asfaltata;Verticale ed orizzontale;Sereno;Normale;Buona;Sufficiente;0;0;0;4;12,61059;41,89346;0;2;Autovettura privata;In marcia / fermata / arresto;Renault;Twingo;Passeggero;2008;M;Illeso;0;;;
3629286;7;05/01/2018 18:30:00;Strada Urbana;VIA PRENESTINA;all'intersezione con;VIA DEL MAGGIOLINO;VIA DEL MAGGIOLINO;;;Scontro laterale fra veicoli in marcia;Incrocio;Una carreggiata a doppio senso;Asciutto;Asfaltata;Verticale ed orizzontale;Sereno;Normale;Buona;Sufficiente;0;0;0;4;12,61059;41,89346;0;2;Autovettura privata;In marcia / fermata / arresto;Renault;Twingo;Passeggero;2016;M;Illeso;0;;;
3629287;8;05/01/2018 10:50:00;;VIA DEL PONTE DI NONA;da specificare;;;;alt via mosca;Veicolo in marcia contro ostacolo accidentale;;;;;;;;;;0;0;0;1;;;0;1;Autovettura privata;In marcia / fermata / arresto;Toyota;Aygo;Conducente;1987;M;Illeso;0;;Non accertato;
3629289;8;07/01/2018 01:00:00;;VIA CASILINA;da specificare;;;;alt. via silicella;Scontro laterale fra veicoli in marcia;;;;;;;;;;1;0;0;0;12,59844;41,86588;0;1;Motociclo a solo;In marcia / fermata / arresto;Honda;SH 150;Conducente;1973;M;Ricoverato;0;NON DECEDUTO;;
3629291;8;07/01/2018 13:25:00;;VIA CASILINA;in corrispondenza;;del civico n.;1920;;Scontro frontale fra veicoli in marcia;;;;;;;;;;1;0;0;4;12,69623;41,86373;0;1;Autovettura privata;In marcia / fermata / arresto;Volkswagen;Golf;Conducente;1954;M;Illeso;0;;;
3629291;8;07/01/2018 13:25:00;;VIA CASILINA;in corrispondenza;;del civico n.;1920;;Scontro frontale fra veicoli in marcia;;;;;;;;;;1;0;0;4;12,69623;41,86373;0;1;Autovettura privata;In marcia / fermata / arresto;Volkswagen;Golf;Passeggero;1964;F;Rifiuta cure immediate;0;NON DECEDUTO;;
3629291;8;07/01/2018 13:25:00;;VIA CASILINA;in corrispondenza;;del civico n.;1920;;Scontro frontale fra veicoli in marcia;;;;;;;;;;1;0;0;4;12,69623;41,86373;0;1;Autovettura privata;In marcia / fermata / arresto;Volkswagen;Golf;Passeggero;1991;F;Illeso;0;;;
3629291;8;07/01/2018 13:25:00;;VIA CASILINA;in corrispondenza;;del civico n.;1920;;Scontro frontale fra veicoli in marcia;;;;;;;;;;1;0;0;4;12,69623;41,86373;0;2;Autovettura privata;In marcia / fermata / arresto;Citroen;C8;Conducente;1979;M;Illeso;0;;;
3629291;8;07/01/2018 13:25:00;;VIA CASILINA;in corrispondenza;;del civico n.;1920;;Scontro frontale fra veicoli in marcia;;;;;;;;;;1;0;0;4;12,69623;41,86373;0;2;Autovettura privata;In marcia / fermata / arresto;Citroen;C8;Passeggero;1974;F;Illeso;0;;;
3629292;8;06/01/2018 00:30:00;;VIA CASILINA;da specificare;;;;via T.B. MONACA;Veicolo in marcia contro ostacolo accidentale;;;;;;;;;;0;0;0;1;;;0;1;Autovettura privata;In marcia / fermata / arresto;Ford;Fiesta;Conducente;1979;M;Illeso;0;;;
3629293;1;07/01/2018 15:20:00;Strada Urbana;VIA DELL'AMBA ARADAM;in corrispondenza;;del palo luce n.;3;;Veicolo in marcia contro veicolo in sosta;Rettilineo;Una carreggiata a doppio senso;Asciutto;Asfaltata;Verticale ed orizzontale;Nuvoloso;Normale;Buona;Ore Diurne;2;0;0;0;12,50197;41,88496;-1;2;Ciclomotore con passeggero;In marcia / fermata / arresto;Kymco;Agility 50;Conducente;1966;F;Rimandato;0;NON DECEDUTO;Non accertato;
3629293;1;07/01/2018 15:20:00;Strada Urbana;VIA DELL'AMBA ARADAM;in corrispondenza;;del palo luce n.;3;;Veicolo in marcia contro veicolo in sosta;Rettilineo;Una carreggiata a doppio senso;Asciutto;Asfaltata;Verticale ed orizzontale;Nuvoloso;Normale;Buona;Ore Diurne;2;0;0;0;12,50197;41,88496;-1;2;Ciclomotore con passeggero;In marcia / fermata / arresto;Kymco;Agility 50;Passeggero;1960;M;Rimandato;0;NON DECEDUTO;Non accertato;
3629296;4;07/01/2018 16:29:00;Strada Urbana;VIA MARIO SOLDATI;da specificare;;;;Prossimità Via Moser;Scontro laterale fra veicoli in marcia;Rettilineo;Una carreggiata a doppio senso;Asciutto;Asfaltata;Verticale ed orizzontale;Sereno;Normale;Buona;Ore Diurne;0;0;0;2;12,53491;41,9699;0;1;Autovettura privata;In marcia / fermata / arresto;Nissan;Note;Conducente;1963;M;Illeso;0;;Non accertato;
3629296;4;07/01/2018 16:29:00;Strada Urbana;VIA MARIO SOLDATI;da specificare;;;;Prossimità Via Moser;Scontro laterale fra veicoli in marcia;Rettilineo;Una carreggiata a doppio senso;Asciutto;Asfaltata;Verticale ed orizzontale;Sereno;Normale;Buona;Ore Diurne;0;0;0;2;12,53491;41,9699;0;2;Autovettura pubblica;In marcia / fermata / arresto;Fiat;Qubo;Conducente;1940;M;Illeso;0;;Non accertato;
3629297;8;07/01/2018 16:00:00;;VIALE OXFORD;all'intersezione con;VIALE DELLA SORBONA;VIALE DELLA SORBONA;;;Scontro laterale fra veicoli in marcia;;;;;;;;;;0;0;0;5;12,62475;41,85699;0;1;Autovettura privata;In marcia / fermata / arresto;Nissan;quashquai;Conducente;1956;M;Illeso;0;;;
3629297;8;07/01/2018 16:00:00;;VIALE OXFORD;all'intersezione con;VIALE DELLA SORBONA;VIALE DELLA SORBONA;;;Scontro laterale fra veicoli in marcia;;;;;;;;;;0;0;0;5;12,62475;41,85699;0;1;Autovettura privata;In marcia / fermata / arresto;Nissan;quashquai;Passeggero;1941;F;Illeso;0;;;
3629297;8;07/01/2018 16:00:00;;VIALE OXFORD;all'intersezione con;VIALE DELLA SORBONA;VIALE DELLA SORBONA;;;Scontro laterale fra veicoli in marcia;;;;;;;;;;0;0;0;5;12,62475;41,85699;0;2;Autovettura privata;In marcia / fermata / arresto;Fiat;Punto;Conducente;1967;M;Illeso;0;;;
3629297;8;07/01/2018 16:00:00;;VIALE OXFORD;all'intersezione con;VIALE DELLA SORBONA;VIALE DELLA SORBONA;;;Scontro laterale fra veicoli in marcia;;;;;;;;;;0;0;0;5;12,62475;41,85699;0;2;Autovettura privata;In marcia / fermata / arresto;Fiat;Punto;Passeggero;1977;M;Illeso;0;;;
3629297;8;07/01/2018 16:00:00;;VIALE OXFORD;all'intersezione con;VIALE DELLA SORBONA;VIALE DELLA SORBONA;;;Scontro laterale fra veicoli in marcia;;;;;;;;;;0;0;0;5;12,62475;41,85699;0;2;Autovettura privata;In marcia / fermata / arresto;Fiat;Punto;Passeggero;2013;F;Illeso;0;;;
3629298;8;06/01/2018 11:50:00;Strada Urbana;VIA DELL'ACQUA VERGINE;all'intersezione con;VIA COLLATINA;VIA COLLATINA;;;Tamponamento;Incrocio;Una carreggiata a doppio senso;Asciutto;Asfaltata;Verticale ed orizzontale;Sereno;Scarso;Buona;Ore Diurne;0;0;0;3;;;0;1;Autovettura privata;In marcia / fermata / arresto;Fiat;500 L;Conducente;1978;M;Illeso;0;;Non accertato;Inesploso
3629298;8;06/01/2018 11:50:00;Strada Urbana;VIA DELL'ACQUA VERGINE;all'intersezione con;VIA COLLATINA;VIA COLLATINA;;;Tamponamento;Incrocio;Una carreggiata a doppio senso;Asciutto;Asfaltata;Verticale ed orizzontale;Sereno;Scarso;Buona;Ore Diurne;0;0;0;3;;;0;1;Autovettura privata;In marcia / fermata / arresto;Fiat;500 L;Passeggero;1958;F;Illeso;0;;Non accertato;Inesploso
3629298;8;06/01/2018 11:50:00;Strada Urbana;VIA DELL'ACQUA VERGINE;all'intersezione con;VIA COLLATINA;VIA COLLATINA;;;Tamponamento;Incrocio;Una carreggiata a doppio senso;Asciutto;Asfaltata;Verticale ed orizzontale;Sereno;Scarso;Buona;Ore Diurne;0;0;0;3;;;0;2;Autovettura privata;In marcia / fermata / arresto;Mercedes;180;Conducente;1954;M;Illeso;0;;Non accertato;Inesploso
3629301;8;06/01/2018 12:30:00;Strada Urbana;VIA DELL'ACQUA VERGINE;all'intersezione con;VIA COLLATINA;VIA COLLATINA;;;Scontro frontale/laterale SX fra veicoli in marcia;Incrocio;Una carreggiata a doppio senso;Asciutto;Asfaltata;Verticale ed orizzontale;Sereno;Scarso;Sufficiente;Ore Diurne;0;0;0;2;12,62718;41,90785;-1;1;Autovettura privata;In marcia / fermata / arresto;Fiat;Punto;Conducente;1954;M;Illeso;0;;Non accertato;Inesploso
3629301;8;06/01/2018 12:30:00;Strada Urbana;VIA DELL'ACQUA VERGINE;all'intersezione con;VIA COLLATINA;VIA COLLATINA;;;Scontro frontale/laterale SX fra veicoli in marcia;Incrocio;Una carreggiata a doppio senso;Asciutto;Asfaltata;Verticale ed orizzontale;Sereno;Scarso;Sufficiente;Ore Diurne;0;0;0;2;12,62718;41,90785;-1;2;Autovettura privata;In marcia / fermata / arresto;Opel;Corsa;Conducente;1988;M;Illeso;0;;Non accertato;Inesploso
3629302;13;06/01/2018 19:00:00;;VIA GIUSEPPE FIORELLI;in corrispondenza;;del civico n.;41b;;Veicoli in marcia contro veicolo fermo;;;;;;;;;;0;0;0;3;;;0;1;Autocarro inferiore 35 q.;In marcia / fermata / arresto;Fiat;Ducato;Conducente;1972;M;Illeso;0;;Non accertato;Inesploso
3629302;13;06/01/2018 19:00:00;;VIA GIUSEPPE FIORELLI;in corrispondenza;;del civico n.;41b;;Veicoli in marcia contro veicolo fermo;;;;;;;;;;0;0;0;3;;;0;2;Autovettura privata;In marcia / fermata / arresto;Alfa Romeo;147;Conducente;1982;M;Illeso;0;;Non accertato;Inesploso
3629302;13;06/01/2018 19:00:00;;VIA GIUSEPPE FIORELLI;in corrispondenza;;del civico n.;41b;;Veicoli in marcia contro veicolo fermo;;;;;;;;;;0;0;0;3;;;0;2;Autovettura privata;In marcia / fermata / arresto;Alfa Romeo;147;Passeggero;1998;M;Illeso;0;;Non accertato;Inesploso
3629306;8;07/01/2018 19:30:00;;VIA PRENESTINA;da specificare;;;;alt. palo Acea 664;Veicolo in marcia contro ostacolo accidentale;;;;;;;;;;0;0;0;4;12,67136;41,8909;0;1;Autovettura privata;In marcia / fermata / arresto;Fiat;Multipla;Conducente;1957;M;Illeso;0;;;
3629306;8;07/01/2018 19:30:00;;VIA PRENESTINA;da specificare;;;;alt. palo Acea 664;Veicolo in marcia contro ostacolo accidentale;;;;;;;;;;0;0;0;4;12,67136;41,8909;0;1;Autovettura privata;In marcia / fermata / arresto;Fiat;Multipla;Passeggero;1962;F;Illeso;0;;;
3629306;8;07/01/2018 19:30:00;;VIA PRENESTINA;da specificare;;;;alt. palo Acea 664;Veicolo in marcia contro ostacolo accidentale;;;;;;;;;;0;0;0;4;12,67136;41,8909;0;1;Autovettura privata;In marcia / fermata / arresto;Fiat;Multipla;Passeggero;2009;M;Illeso;0;;;
3629308;4;07/01/2018 19:40:00;Provinciale entro l'abitato;VIA NOMENTANA;all'intersezione con;VIA VAL TROMPIA;VIA VAL TROMPIA;;;Scontro frontale/laterale SX fra veicoli in marcia;Incrocio;Una carreggiata a doppio senso;Asciutto;Asfaltata;Verticale ed orizzontale;Sereno;Normale;Sufficiente;Sufficiente;1;0;0;1;12,52953;41,93326;0;1;Autovettura privata;In marcia / fermata / arresto;Toyota;Yaris;Conducente;1975;M;Rifiuta cure immediate;0;NON DECEDUTO;Non accertato;Esploso