Protocollo;Gruppo;DataOraIncidente;Localizzazione1;STRADA1;Localizzazione2;STRADA2;Strada02;Chilometrica;DaSpecificare;NaturaIncidente;particolaritastrade;TipoStrada;FondoStradale;Pavimentazione;Segnaletica;CondizioneAtmosferica;Traffico;Visibilita;Illuminazione;NUM_FERITI;NUM_RISERVATA;NUM_MORTI;NUM_ILLESI;Longitudine;Latitudine;Confermato;Progressivo;TipoVeicolo;StatoVeicolo;Marca;Modello;TipoPersona;AnnoNascita;Sesso;Tipolesione;Deceduto;DecedutoDopo;CinturaCascoUtilizzato;Airbag;
3630563;11;08/01/2018 15:15:00;Strada Urbana;VIA DEL SERAFICO;all'intersezione semaforizzata con;VIA SIMONE MARTINI;VIA SIMONE MARTINI;;;Scontro frontale/laterale SX fra veicoli in marcia;Incrocio;Due carreggiate;Asciutto;Asfaltata;Verticale ed orizzontale;Sereno;Scarso;Buona;Ore Diurne;2;0;0;2;;;0;1;Motociclo con passeggero;In marcia / fermata / arresto;Honda;SH 150;Conducente;1968;M;Rimandato;0;NON DECEDUTO;;
3630563;11;08/01/2018 15:15:00;Strada Urbana;VIA DEL SERAFICO;all'intersezione semaforizzata con;VIA SIMONE MARTINI;VIA SIMONE MARTINI;;;Scontro frontale/laterale SX fra veicoli in marcia;Incrocio;Due carreggiate;Asciutto;Asfaltata;Verticale ed orizzontale;Sereno;Scarso;Buona;Ore Diurne;2;0;0;2;;;0;1;Motociclo con passeggero;In marcia / fermata / arresto;Honda;SH 150;Passeggero;1968;F;Rimandato;0;NON DECEDUTO;;
3630563;11;08/01/2018 15:15:00;Strada Urbana;VIA DEL SERAFICO;all'intersezione semaforizzata con;VIA SIMONE MARTINI;VIA SIMONE MARTINI;;;Scontro frontale/laterale SX fra veicoli in marcia;Incrocio;Due carreggiate;Asciutto;Asfaltata;Verticale ed orizzontale;Sereno;Scarso;Buona;Ore Diurne;2;0;0;2;;;0;2;Autovettura privata;In marcia / fermata / arresto;Fiat;500;Conducente;1999;F;Illeso;0;;Non accertato;
3630563;11;08/01/2018 15:15:00;Strada Urbana;VIA DEL SERAFICO;all'intersezione semaforizzata con;VIA SIMONE MARTINI;VIA SIMONE MARTINI;;;Scontro frontale/laterale SX fra veicoli in marcia;Incrocio;Due carreggiate;Asciutto;Asfaltata;Verticale ed orizzontale;Sereno;Scarso;Buona;Ore Diurne;2;0;0;2;;;0;2;Autovettura privata;In marcia / fermata / arresto;Fiat;500;Passeggero;1999;F;Illeso;0;;Non accertato;
3630566;8;08/01/2018 13:20:00;Strada Urbana;VIA MICHELE BUONORI;da specificare;;;;pross. Via D. Cambellotti;Scontro frontale fra veicoli in marcia;Rettilineo;Una carreggiata a doppio senso;Asciutto;Asfaltata;Verticale ed orizzontale;Sereno;Scarso;Buona;Ore Diurne;0;0;0;1;;;0;1;Autovettura privata;In marcia / fermata / arresto;Renault;Kangoo;Conducente;1957;M;Illeso;0;;Non accertato;Inesploso
3630567;8;09/01/2018 00:10:00;Strada Urbana;VIA ERNESTO BREDA;all'intersezione con;VIA AMBROGIO NECCHI;VIA AMBROGIO NECCHI;;;Scontro frontale/laterale DX fra veicoli in marcia;Intersezione stradale segnalata;Una carreggiata a doppio senso;Asciutto;Asfaltata;Verticale ed orizzontale;Nuvoloso;Scarso;Sufficiente;Sufficiente;0;0;0;9;12,64326;41,86086;-1;1;Autovettura privata;In marcia / fermata / arresto;Renault;Modus;Conducente;1995;M;Illeso;0;;Non accertato;Inesploso
3630567;8;09/01/2018 00:10:00;Strada Urbana;VIA ERNESTO BREDA;all'intersezione con;VIA AMBROGIO NECCHI;VIA AMBROGIO NECCHI;;;Scontro frontale/laterale DX fra veicoli in marcia;Intersezione stradale segnalata;Una carreggiata a doppio senso;Asciutto;Asfaltata;Verticale ed orizzontale;Nuvoloso;Scarso;Sufficiente;Sufficiente;0;0;0;9;12,64326;41,86086;-1;1;Autovettura privata;In marcia / fermata / arresto;Renault;Modus;Passeggero;1998;M;Illeso;0;;Non accertato;Inesploso
3630567;8;09/01/2018 00:10:00;Strada Urbana;VIA ERNESTO BREDA;all'intersezione con;VIA AMBROGIO NECCHI;VIA AMBROGIO NECCHI;;;Scontro frontale/laterale DX fra veicoli in marcia;Intersezione stradale segnalata;Una carreggiata a doppio senso;Asciutto;Asfaltata;Verticale ed orizzontale;Nuvoloso;Scarso;Sufficiente;Sufficiente;0;0;0;9;12,64326;41,86086;-1;1;Autovettura privata;In marcia / fermata / arresto;Renault;Modus;Passeggero;2001;M;Illeso;0;;Non accertato;Inesploso
3630567;8;09/01/2018 00:10:00;Strada Urbana;VIA ERNESTO BREDA;all'intersezione con;VIA AMBROGIO NECCHI;VIA AMBROGIO NECCHI;;;Scontro frontale/laterale DX fra veicoli in marcia;Intersezione stradale segnalata;Una carreggiata a doppio senso;Asciutto;Asfaltata;Verticale ed orizzontale;Nuvoloso;Scarso;Sufficiente;Sufficiente;0;0;0;9;12,64326;41,86086;-1;2;Autovettura privata;In marcia / fermata / arresto;Fiat;Punto;Conducente;1975;M;Illeso;0;;Non accertato;Inesploso
3630567;8;09/01/2018 00:10:00;Strada Urbana;VIA ERNESTO BREDA;all'intersezione con;VIA AMBROGIO NECCHI;VIA AMBROGIO NECCHI;;;Scontro frontale/laterale DX fra veicoli in marcia;Intersezione stradale segnalata;Una carreggiata a doppio senso;Asciutto;Asfaltata;Verticale ed orizzontale;Nuvoloso;Scarso;Sufficiente;Sufficiente;0;0;0;9;12,64326;41,86086;-1;2;Autovettura privata;In marcia / fermata / arresto;Fiat;Punto;Passeggero;1900;M;Illeso;0;;Non accertato;Inesploso
3630567;8;09/01/2018 00:10:00;Strada Urbana;VIA ERNESTO BREDA;all'intersezione con;VIA AMBROGIO NECCHI;VIA AMBROGIO NECCHI;;;Scontro frontale/laterale DX fra veicoli in marcia;Intersezione stradale segnalata;Una carreggiata a doppio senso;Asciutto;Asfaltata;Verticale ed orizzontale;Nuvoloso;Scarso;Sufficiente;Sufficiente;0;0;0;9;12,64326;41,86086;-1;2;Autovettura privata;In marcia / fermata / arresto;Fiat;Punto;Passeggero;1987;M;Illeso;0;;Non accertato;Inesploso
3630567;8;09/01/2018 00:10:00;Strada Urbana;VIA ERNESTO BREDA;all'intersezione con;VIA AMBROGIO NECCHI;VIA AMBROGIO NECCHI;;;Scontro frontale/laterale DX fra veicoli in marcia;Intersezione stradale segnalata;Una carreggiata a doppio senso;Asciutto;Asfaltata;Verticale ed orizzontale;Nuvoloso;Scarso;Sufficiente;Sufficiente;0;0;0;9;12,64326;41,86086;-1;2;Autovettura privata;In marcia / fermata / arresto;Fiat;Punto;Passeggero;1995;F;Illeso;0;;Non accertato;Inesploso
3630573;11;08/01/2018 09:15:00;Strada Urbana;VIA LAURENTINA;in corrispondenza;;del civico n.;460;;Scontro laterale fra veicoli in marcia;Rettilineo;Due carreggiate;Asciutto;Asfaltata;Assente;Nuvoloso;Normale;Buona;Ore Diurne;0;0;0;2;12,48046;41,83184;-1;1;Autovettura privata;In marcia / fermata / arresto;Land Rover;Range Rover;Conducente;1976;M;Illeso;0;;;
3630573;11;08/01/2018 09:15:00;Strada Urbana;VIA LAURENTINA;in corrispondenza;;del civico n.;460;;Scontro laterale fra veicoli in marcia;Rettilineo;Due carreggiate;Asciutto;Asfaltata;Assente;Nuvoloso;Normale;Buona;Ore Diurne;0;0;0;2;12,48046;41,83184;-1;2;Autovettura privata;In marcia / fermata / arresto;Volkswagen;Polo;Conducente;1969;F;Illeso;0;;;
3630575;10;08/01/2018 21:05:00;Strada Urbana;VIA TUSCOLANA;in corrispondenza;;del palo luce n.;775;;Veicolo in marcia contro ostacolo fisso;Rettilineo;Due carreggiate;Asciutto;Asfaltata;Verticale ed orizzontale;Sereno;Normale;Buona;Sufficiente;0;0;0;1;12,57675;41,84791;0;1;Autovettura privata;In marcia / fermata / arresto;Peugeot;206;Conducente;1988;F;Illeso;0;;Non accertato;Esploso
3630579;11;08/01/2018 09:45:00;Strada Urbana;VIALE DI TOR MARANCIA;in prossimità;;del civico n.;82;;Tamponamento;Rettilineo;Due carreggiate;Asciutto;Asfaltata;Verticale ed orizzontale;Sereno;Normale;Buona;Ore Diurne;1;0;0;1;12,49785;41,85261;-1;1;Motociclo a solo;In marcia / fermata / arresto;Yamaha;T MAX;Conducente;1962;M;Rimandato;0;NON DECEDUTO;Non accertato;
3630579;11;08/01/2018 09:45:00;Strada Urbana;VIALE DI TOR MARANCIA;in prossimità;;del civico n.;82;;Tamponamento;Rettilineo;Due carreggiate;Asciutto;Asfaltata;Verticale ed orizzontale;Sereno;Normale;Buona;Ore Diurne;1;0;0;1;12,49785;41,85261;-1;2;Autovettura privata;In marcia / fermata / arresto;Toyota;Land Cruiser;Conducente;1960;M;Illeso;0;;Non accertato;Inesploso
3630588;1;08/01/2018 15:40:00;Strada Urbana;VIALE MARCO POLO;in prossimità;;del palo luce n.;60;;Veicolo in marcia contro ostacolo fisso;Rettilineo;Una carreggiata a senso unico di marcia;Asciutto;Asfaltata;Verticale ed orizzontale;Sereno;Normale;Buona;Ore Diurne;1;0;0;1;;;0;1;Autovettura privata;In marcia / fermata / arresto;Ford;Fiesta;Conducente;1962;M;Rifiuta cure immediate;0;NON DECEDUTO;;
3630588;1;08/01/2018 15:40:00;Strada Urbana;VIALE MARCO POLO;in prossimità;;del palo luce n.;60;;Veicolo in marcia contro ostacolo fisso;Rettilineo;Una carreggiata a senso unico di marcia;Asciutto;Asfaltata;Verticale ed orizzontale;Sereno;Normale;Buona;Ore Diurne;1;0;0;1;;;0;2;Autovettura privata;In marcia / fermata / arresto;Citroen;C 1;Conducente;1980;F;Illeso;0;;;
3630594;13;08/01/2018 19:30:00;;VIALE DEI ROMAGNOLI;in prossimità;;del civico n.;748;;Veicolo in marcia contro ostacolo fisso;;;;;;;;;;0;0;0;2;12,30122;41,75988;0;1;Autovettura privata;In marcia / fermata / arresto;Citroen;C 3;Conducente;1961;M;Illeso;0;;Non accertato;Inesploso
3630594;13;08/01/2018 19:30:00;;VIALE DEI ROMAGNOLI;in prossimità;;del civico n.;748;;Veicolo in marcia contro ostacolo fisso;;;;;;;;;;0;0;0;2;12,30122;41,75988;0;1;Autovettura privata;In marcia / fermata / arresto;Citroen;C 3;Passeggero;1964;F;Illeso;0;;Non accertato;Inesploso
3630599;9;09/01/2018 02:20:00;;VIA TUSCOLANA;all'intersezione semaforizzata con;VIA DI PORTA FURBA;VIA DI PORTA FURBA;;;Scontro frontale/laterale DX fra veicoli in marcia;;;;;;;;;;2;0;0;2;;;0;1;Autovettura privata;In marcia / fermata / arresto;Fiat;600;Conducente;1996;M;Rimandato;0;NON DECEDUTO;;
3630599;9;09/01/2018 02:20:00;;VIA TUSCOLANA;all'intersezione semaforizzata con;VIA DI PORTA FURBA;VIA DI PORTA FURBA;;;Scontro frontale/laterale DX fra veicoli in marcia;;;;;;;;;;2;0;0;2;;;0;2;Autovettura privata;In marcia / fermata / arresto;Renault;Clio;Conducente;1995;M;Illeso;0;;;
3630599;9;09/01/2018 02:20:00;;VIA TUSCOLANA;all'intersezione semaforizzata con;VIA DI PORTA FURBA;VIA DI PORTA FURBA;;;Scontro frontale/laterale DX fra veicoli in marcia;;;;;;;;;;2;0;0;2;;;0;2;Autovettura privata;In marcia / fermata / arresto;Renault;Clio;Passeggero;1991;M;Rimandato;0;NON DECEDUTO;;
3630599;9;09/01/2018 02:20:00;;VIA TUSCOLANA;all'intersezione semaforizzata con;VIA DI PORTA FURBA;VIA DI PORTA FURBA;;;Scontro frontale/laterale DX fra veicoli in marcia;;;;;;;;;;2;0;0;2;;;0;2;Autovettura privata;In marcia / fermata / arresto;Renault;Clio;Passeggero;1994;M;Illeso;0;;;
3630600;18;08/01/2018 15:30:00;Strada Urbana;VIA AURELIA;all'intersezione con;VIA DI PORTA PERTUSA;VIA DI PORTA PERTUSA;;;Scontro frontale/laterale SX fra veicoli in marcia;Intersezione stradale segnalata;Una carreggiata a doppio senso;Asciutto;Asfaltata;Verticale ed orizzontale;Nuvoloso;Normale;Buona;Ore Diurne;0;0;0;2;12,44539;41,90119;-1;1;Autovettura pubblica;In marcia / fermata / arresto;Toyota;Auris;Conducente;1971;M;Illeso;0;;Non accertato;Inesploso
3630600;18;08/01/2018 15:30:00;Strada Urbana;VIA AURELIA;all'intersezione con;VIA DI PORTA PERTUSA;VIA DI PORTA PERTUSA;;;Scontro frontale/laterale SX fra veicoli in marcia;Intersezione stradale segnalata;Una carreggiata a doppio senso;Asciutto;Asfaltata;Verticale ed orizzontale;Nuvoloso;Normale;Buona;Ore Diurne;0;0;0;2;12,44539;41,90119;-1;2;Motociclo a solo;In marcia / fermata / arresto;Honda;SH 150;Conducente;1959;M;Illeso;0;;Non accertato;
3630614;18;08/01/2018 16:50:00;Strada Urbana;VIA ENNIO BONIFAZI;in corrispondenza;;del civico n.;64;;Scontro laterale fra veicoli in marcia;Rettilineo;Una carreggiata a doppio senso;Asciutto;Asfaltata;Verticale ed orizzontale;Nuvoloso;Normale;Buona;Sufficiente;1;0;0;2;12,41682;41,90603;-1;1;Autovettura privata;In marcia / fermata / arresto;Renault;Clio;Conducente;1946;F;Illeso;0;;Non accertato;Inesploso
3630614;18;08/01/2018 16:50:00;Strada Urbana;VIA ENNIO BONIFAZI;in corrispondenza;;del civico n.;64;;Scontro laterale fra veicoli in marcia;Rettilineo;Una carreggiata a doppio senso;Asciutto;Asfaltata;Verticale ed orizzontale;Nuvoloso;Normale;Buona;Sufficiente;1;0;0;2;12,41682;41,90603;-1;2;Motociclo a solo;In marcia / fermata / arresto;Yamaha;MT 03;Conducente;1992;M;Rimandato;0;NON DECEDUTO;;
3630614;18;08/01/2018 16:50:00;Strada Urbana;VIA ENNIO BONIFAZI;in corrispondenza;;del civico n.;64;;Scontro laterale fra veicoli in marcia;Rettilineo;Una carreggiata a doppio senso;Asciutto;Asfaltata;Verticale ed orizzontale;Nuvoloso;Normale;Buona;Sufficiente;1;0;0;2;12,41682;41,90603;-1;3;Autovettura pubblica;In marcia / fermata / arresto;Toyota;prius;Conducente;1971;M;Illeso;0;;Non accertato;Inesploso
3630620;17;08/01/2018 13:30:00;Strada Urbana;PIAZZALE MARESCIALLO GIARDINO;all'intersezione con;VIA CAPOPRATI;VIA CAPOPRATI;;;Scontro laterale fra veicoli in marcia;Intersezione semaforizzata;Più di due carreggiate;Asciutto;Asfaltata;Assente;Sereno;Normale;Buona;Ore Diurne;0;0;0;1;12,45929;41,92357;0;1;Autovettura privata;In marcia / fermata / arresto;Alfa Romeo;147;Conducente;1967;M;Illeso;0;;;
3630621;19;08/01/2018 09:15:00;Strada Urbana;PIAZZALE DELLE MEDAGLIE D'ORO;da specificare;;;;in prossimità alt. civ. 13 - incrocio Via Cadlolo ;Scontro frontale/laterale DX fra veicoli in marcia;Rettilineo;Una carreggiata a doppio senso;Asciutto;Asfaltata;Verticale ed orizzontale;Sereno;Normale;Buona;Ore Diurne;0;0;0;2;12,44719;41,92366;-1;1;Autovettura privata;In marcia / fermata / arresto;Toyota;Aygo;Conducente;1983;M;Illeso;0;;;
3630621;19;08/01/2018 09:15:00;Strada Urbana;PIAZZALE DELLE MEDAGLIE D'ORO;da specificare;;;;in prossimità alt. civ. 13 - incrocio Via Cadlolo ;Scontro frontale/laterale DX fra veicoli in marcia;Rettilineo;Una carreggiata a doppio senso;Asciutto;Asfaltata;Verticale ed orizzontale;Sereno;Normale;Buona;Ore Diurne;0;0;0;2;12,44719;41,92366;-1;2;Autovettura privata;In marcia / fermata / arresto;Volkswagen;Polo;Conducente;1982;F;Illeso;0;;Non accertato;
3630625;17;08/01/2018 17:00:00;Strada Urbana;PIAZZALE MARESCIALLO GIARDINO;da specificare;;;;PROSEGUIMENTO DI VIALE ANGELICO;Tamponamento;Rettilineo;Una carreggiata a doppio senso;Asciutto;Asfaltata;Verticale ed orizzontale;Sereno;Normale;Buona;Sufficiente;0;0;0;2;12,45868;41,92405;0;1;Autovettura privata;In marcia / fermata / arresto;Fiat;Panda;Conducente;1964;F;Illeso;0;;;
3630625;17;08/01/2018 17:00:00;Strada Urbana;PIAZZALE MARESCIALLO GIARDINO;da specificare;;;;PROSEGUIMENTO DI VIALE ANGELICO;Tamponamento;Rettilineo;Una carreggiata a doppio senso;Asciutto;Asfaltata;Verticale ed orizzontale;Sereno;Normale;Buona;Sufficiente;0;0;0;2;12,45868;41,92405;0;2;Autovettura privata;In marcia / fermata / arresto;BMW;318 D;Conducente;1991;F;Illeso;0;;;
3630628;9;08/01/2018 09:30:00;;VIA SIRIA;in corrispondenza;;del civico n.;52;;Scontro laterale fra veicoli in marcia;;;;;;;;;;0;0;0;3;;;0;1;Autocarro inferiore 35 q.;In marcia / fermata / arresto;Ford;Transit;Conducente;1952;M;Illeso;0;;Non accertato;Inesploso
3630628;9;08/01/2018 09:30:00;;VIA SIRIA;in corrispondenza;;del civico n.;52;;Scontro laterale fra veicoli in marcia;;;;;;;;;;0;0;0;3;;;0;2;Autovettura privata;In marcia / fermata / arresto;Fiat;Panda;Conducente;1974;M;Illeso;0;;Non accertato;Inesploso
3630628;9;08/01/2018 09:30:00;;VIA SIRIA;in corrispondenza;;del civico n.;52;;Scontro laterale fra veicoli in marcia;;;;;;;;;;0;0;0;3;;;0;2;Autovettura privata;In marcia / fermata / arresto;Fiat;Panda;Passeggero;1977;M;Illeso;0;;Non accertato;Inesploso
3630629;13;08/01/2018 19:40:00;Strada Urbana;VIA DI ACQUA ROSSA;da specificare;;;;via dei romagnoli alt. metà tra palo luce 285114/2;Veicolo in marcia contro ostacolo accidentale;Rettilineo;Una carreggiata a doppio senso;Asciutto;Asfaltata;Assente;Sereno;Scarso;Buona;Sufficiente;0;0;0;1;12,27533;41,74245;-1;1;Autovettura privata;In marcia / fermata / arresto;Alfa Lancia;Delta;Conducente;1934;M;Illeso;0;;;
3630631;7;08/01/2018 11:30:00;;VIA DEI MELI;in corrispondenza;;del civico n.;32;;Scontro frontale/laterale SX fra veicoli in marcia;;;;;;;;;;0;0;0;2;;;0;1;Motociclo a solo;In marcia / fermata / arresto;Honda;(non accertato);Conducente;1984;M;Illeso;0;;Non accertato;
3630631;7;08/01/2018 11:30:00;;VIA DEI MELI;in corrispondenza;;del civico n.;32;;Scontro frontale/laterale SX fra veicoli in marcia;;;;;;;;;;0;0;0;2;;;0;2;Autocarro inferiore 35 q.;In marcia / fermata / arresto;Renault;Trafic;Conducente;1993;M;Illeso;0;;Non accertato;Inesploso
3630632;7;08/01/2018 12:15:00;Strada Urbana;VIA TUSCOLANA;in prossimità;;del civico n.;1114;;Veicolo in marcia contro veicolo fermo;Rettilineo;Due carreggiate;Asciutto;Asfaltata;Verticale ed orizzontale;Sereno;Normale;Buona;Ore Diurne;0;0;0;3;12,55958;41,85804;0;1;Autocarro inferiore 35 q.;In marcia / fermata / arresto;Fiat;Iveco;Conducente;1973;M;Illeso;0;;;
3630632;7;08/01/2018 12:15:00;Strada Urbana;VIA TUSCOLANA;in prossimità;;del civico n.;1114;;Veicolo in marcia contro veicolo fermo;Rettilineo;Due carreggiate;Asciutto;Asfaltata;Verticale ed orizzontale;Sereno;Normale;Buona;Ore Diurne;0;0;0;3;12,55958;41,85804;0;2;Autovettura privata;In marcia / fermata / arresto;Peugeot;208;Conducente;1963;F;Illeso;0;;;
3630632;7;08/01/2018 12:15:00;Strada Urbana;VIA TUSCOLANA;in prossimità;;del civico n.;1114;;Veicolo in marcia contro veicolo fermo;Rettilineo;Due carreggiate;Asciutto;Asfaltata;Verticale ed orizzontale;Sereno;Normale;Buona;Ore Diurne;0;0;0;3;12,55958;41,85804;0;2;Autovettura privata;In marcia / fermata / arresto;Peugeot;208;Passeggero;1964;M;Illeso;0;;;
3630634;13;08/01/2018 22:45:00;Strada Urbana;VIA DEL FOSSO DI DRAGONCELLO;da specificare;;;;prox via di macchia palocco;Veicolo in marcia contro ostacolo accidentale;Rettilineo;Una carreggiata a doppio senso;Asciutto;Asfaltata;Assente;Sereno;Scarso;Buona;Sufficiente;0;0;0;2;12,32913;41,76104;-1;1;Autovettura privata;In marcia / fermata / arresto;Alfa Lancia;Y;Conducente;1997;M;Illeso;0;;Non accertato;Inesploso
3630634;13;08/01/2018 22:45:00;Strada Urbana;VIA DEL FOSSO DI DRAGONCELLO;da specificare;;;;prox via di macchia palocco;Veicolo in marcia contro ostacolo accidentale;Rettilineo;Una carreggiata a doppio senso;Asciutto;Asfaltata;Assente;Sereno;Scarso;Buona;Sufficiente;0;0;0;2;12,32913;41,76104;-1;1;Autovettura privata;In marcia / fermata / arresto;Alfa Lancia;Y;Passeggero;1999;F;Illeso;0;;Non accertato;Inesploso
3630635;7;08/01/2018 19:15:00;;VIA DEGLI OLIVI;all'intersezione con;VIA DEI FIORI;VIA DEI FIORI;;;Veicolo in marcia contro veicolo fermo;;;;;;;;;;0;0;0;2;;;0;1;Autovettura privata;In marcia / fermata / arresto;Peugeot;208;Conducente;1950;F;Illeso;0;;Non accertato;Inesploso
3630635;7;08/01/2018 19:15:00;;VIA DEGLI OLIVI;all'intersezione con;VIA DEI FIORI;VIA DEI FIORI;;;Veicolo in marcia contro veicolo fermo;;;;;;;;;;0;0;0;2;;;0;1;Autovettura privata;In marcia / fermata / arresto;Peugeot;208;Passeggero;1987;F;Illeso;0;;Non accertato;Inesploso
3630636;1;08/01/2018 18:50:00;Strada Urbana;PIAZZA DEL COLOSSEO;all'intersezione con;VIA NICOLA SALVI;VIA NICOLA SALVI;;;Scontro laterale fra veicoli in marcia;Intersezione semaforizzata;Una carreggiata a senso unico di marcia;Asciutto;Asfaltata;Verticale ed orizzontale;Sereno;Normale;Buona;Sufficiente;0;0;0;5;;;0;1;Autovettura privata;In marcia / fermata / arresto;Nissan;QASHQAI;Conducente;1970;M;Illeso;0;;;
3630636;1;08/01/2018 18:50:00;Strada Urbana;PIAZZA DEL COLOSSEO;all'intersezione con;VIA NICOLA SALVI;VIA NICOLA SALVI;;;Scontro laterale fra veicoli in marcia;Intersezione semaforizzata;Una carreggiata a senso unico di marcia;Asciutto;Asfaltata;Verticale ed orizzontale;Sereno;Normale;Buona;Sufficiente;0;0;0;5;;;0;1;Autovettura privata;In marcia / fermata / arresto;Nissan;QASHQAI;Passeggero;1967;F;Illeso;0;;;
3630636;1;08/01/2018 18:50:00;Strada Urbana;PIAZZA DEL COLOSSEO;all'intersezione con;VIA NICOLA SALVI;VIA NICOLA SALVI;;;Scontro laterale fra veicoli in marcia;Intersezione semaforizzata;Una carreggiata a senso unico di marcia;Asciutto;Asfaltata;Verticale ed orizzontale;Sereno;Normale;Buona;Sufficiente;0;0;0;5;;;0;1;Autovettura privata;In marcia / fermata / arresto;Nissan;QASHQAI;Passeggero;2001;M;Illeso;0;;;
3630636;1;08/01/2018 18:50:00;Strada Urbana;PIAZZA DEL COLOSSEO;all'intersezione con;VIA NICOLA SALVI;VIA NICOLA SALVI;;;Scontro laterale fra veicoli in marcia;Intersezione semaforizzata;Una carreggiata a senso unico di marcia;Asciutto;Asfaltata;Verticale ed orizzontale;Sereno;Normale;Buona;Sufficiente;0;0;0;5;;;0;1;Autovettura privata;In marcia / fermata / arresto;Nissan;QASHQAI;Passeggero;2003;M;Illeso;0;;;
3630636;1;08/01/2018 18:50:00;Strada Urbana;PIAZZA DEL COLOSSEO;all'intersezione con;VIA NICOLA SALVI;VIA NICOLA SALVI;;;Scontro laterale fra veicoli in marcia;Intersezione semaforizzata;Una carreggiata a senso unico di marcia;Asciutto;Asfaltata;Verticale ed orizzontale;Sereno;Normale;Buona;Sufficiente;0;0;0;5;;;0;2;Autovettura pubblica;In marcia / fermata / arresto;Opel;Vivaro;Conducente;1970;M;Illeso;0;;;
3630637;17;08/01/2018 13:00:00;Strada Urbana;VIA VIRGINIO ORSINI;all'intersezione con;VIA DEGLI SCIPIONI;VIA DEGLI SCIPIONI;;;Scontro laterale fra veicoli in marcia;Intersezione stradale segnalata;Una carreggiata a doppio senso;Bagnato (pioggia);Strada pavimentata dissestata;Temporanea di cantiere;Nebbia;Scarso;Buona;Ore Diurne;0;0;0;2;12,46924;41,91093;0;1;Autovettura privata;In marcia / fermata / arresto;Dacia;Duster;Conducente;1958;F;Illeso;0;;;
3630637;17;08/01/2018 13:00:00;Strada Urbana;VIA VIRGINIO ORSINI;all'intersezione con;VIA DEGLI SCIPIONI;VIA DEGLI SCIPIONI;;;Scontro laterale fra veicoli in marcia;Intersezione stradale segnalata;Una carreggiata a doppio senso;Bagnato (pioggia);Strada pavimentata dissestata;Temporanea di cantiere;Nebbia;Scarso;Buona;Ore Diurne;0;0;0;2;12,46924;41,91093;0;2;Autovettura privata;In marcia / fermata / arresto;Renault;Clio;Conducente;1948;M;Illeso;0;;;
3630638;7;08/01/2018 17:50:00;Strada Urbana;VIA DI TOR SAPIENZA;all'intersezione con;PIAZZA CESARE DE CUPIS;PIAZZA CESARE DE CUPIS;;;Scontro laterale fra veicoli in marcia;Rotatoria;Una carreggiata a senso unico di marcia;Asciutto;Asfaltata;Verticale ed orizzontale;Nuvoloso;Normale;Buona;Sufficiente;0;0;0;3;12,58985;41,90401;0;1;Autovettura privata;In marcia / fermata / arresto;Fiat;Panda;Conducente;1963;M;Illeso;0;;Non accertato;Inesploso
3630638;7;08/01/2018 17:50:00;Strada Urbana;VIA DI TOR SAPIENZA;all'intersezione con;PIAZZA CESARE DE CUPIS;PIAZZA CESARE DE CUPIS;;;Scontro laterale fra veicoli in marcia;Rotatoria;Una carreggiata a senso unico di marcia;Asciutto;Asfaltata;Verticale ed orizzontale;Nuvoloso;Normale;Buona;Sufficiente;0;0;0;3;12,58985;41,90401;0;2;Autovettura privata;In marcia / fermata / arresto;Seat;M I I;Conducente;1978;F;Illeso;0;;Non accertato;Inesploso
3630638;7;08/01/2018 17:50:00;Strada Urbana;VIA DI TOR SAPIENZA;all'intersezione con;PIAZZA CESARE DE CUPIS;PIAZZA CESARE DE CUPIS;;;Scontro laterale fra veicoli in marcia;Rotatoria;Una carreggiata a senso unico di marcia;Asciutto;Asfaltata;Verticale ed orizzontale;Nuvoloso;Normale;Buona;Sufficiente;0;0;0;3;12,58985;41,90401;0;2;Autovettura privata;In marcia / fermata / arresto;Seat;M I I;Passeggero;2007;M;Illeso;0;;Non accertato;Inesploso
3630642;18;08/01/2018 14:45:00;;VIA GREGORIO VII;da specificare;;;;PROSSIMITA' LARGO MICARA;Investimento di pedone;;;;;;;;;;1;0;0;1;;;0;;;;;;Pedone;1970;F;Rimandato;0;NON DECEDUTO;;
3630642;18;08/01/2018 14:45:00;;VIA GREGORIO VII;da specificare;;;;PROSSIMITA' LARGO MICARA;Investimento di pedone;;;;;;;;;;1;0;0;1;;;0;1;Autovettura privata;In marcia / fermata / arresto;Peugeot;107;Conducente;1958;M;Illeso;0;;;
3630646;20;08/01/2018 07:50:00;Regionale entro l'abitato;VIA FLAMINIA;in prossimità;;del civico n.;1113;;Tamponamento;Curva a visuale libera;Due carreggiate;Asciutto;Asfaltata;Verticale ed orizzontale;Sereno;Intenso;Buona;Ore Diurne;0;0;0;2;12,49168;41,9837;-1;1;Autovettura privata;In marcia / fermata / arresto;Citroen;C 1;Conducente;1986;M;Illeso;0;;Non accertato;Inesploso