Protocollo;Gruppo;DataOraIncidente;Localizzazione1;STRADA1;Localizzazione2;STRADA2;Strada02;Chilometrica;DaSpecificare;NaturaIncidente;particolaritastrade;TipoStrada;FondoStradale;Pavimentazione;Segnaletica;CondizioneAtmosferica;Traffico;Visibilita;Illuminazione;NUM_FERITI;NUM_RISERVATA;NUM_MORTI;NUM_ILLESI;Longitudine;Latitudine;Confermato;Progressivo;TipoVeicolo;StatoVeicolo;Marca;Modello;TipoPersona;AnnoNascita;Sesso;Tipolesione;Deceduto;DecedutoDopo;CinturaCascoUtilizzato;Airbag;
3630646;20;08/01/2018 07:50:00;Regionale entro l'abitato;VIA FLAMINIA;in prossimità;;del civico n.;1113;;Tamponamento;Curva a visuale libera;Due carreggiate;Asciutto;Asfaltata;Verticale ed orizzontale;Sereno;Intenso;Buona;Ore Diurne;0;0;0;2;12,49168;41,9837;-1;2;Autovettura privata;In marcia / fermata / arresto;Renault;Modus;Conducente;1974;M;Illeso;0;;Non accertato;Inesploso
3630647;13;08/01/2018 18:00:00;;VIA TORCEGNO;da specificare;;;;in prossimità del lampione n°70;Veicolo in marcia contro ostacolo fisso;;;;;;;;;;0;0;0;1;12,3759;41,73234;0;1;Autovettura privata;In marcia / fermata / arresto;Mercedes;A200;Conducente;1991;M;Illeso;0;;Non accertato;Inesploso
3630652;19;08/01/2018 13:40:00;Strada Urbana;VIA TRIONFALE;in corrispondenza;;del civico n.;8610;;Scontro laterale fra veicoli in marcia;Curva a visuale libera;Una carreggiata a senso unico di marcia;Asciutto;Asfaltata;Orizzontale;Nuvoloso;Normale;Buona;Ore Diurne;0;0;0;3;12,42424;41,93954;0;1;Autovettura privata;In marcia / fermata / arresto;Nissan;Micra;Conducente;1992;F;Illeso;0;;Non accertato;Inesploso
3630652;19;08/01/2018 13:40:00;Strada Urbana;VIA TRIONFALE;in corrispondenza;;del civico n.;8610;;Scontro laterale fra veicoli in marcia;Curva a visuale libera;Una carreggiata a senso unico di marcia;Asciutto;Asfaltata;Orizzontale;Nuvoloso;Normale;Buona;Ore Diurne;0;0;0;3;12,42424;41,93954;0;1;Autovettura privata;In marcia / fermata / arresto;Nissan;Micra;Passeggero;1966;F;Illeso;0;;Non accertato;Inesploso
3630652;19;08/01/2018 13:40:00;Strada Urbana;VIA TRIONFALE;in corrispondenza;;del civico n.;8610;;Scontro laterale fra veicoli in marcia;Curva a visuale libera;Una carreggiata a senso unico di marcia;Asciutto;Asfaltata;Orizzontale;Nuvoloso;Normale;Buona;Ore Diurne;0;0;0;3;12,42424;41,93954;0;2;Motociclo a solo;In marcia / fermata / arresto;Yamaha;X - MAX;Conducente;1964;M;Illeso;0;;Non accertato;
3630669;20;08/01/2018 08:55:00;Regionale entro l'abitato;VIA CASSIA;in prossimità;;del civico n.;927g;;Scontro frontale/laterale DX fra veicoli in marcia;Rettilineo;Una carreggiata a doppio senso;Asciutto;Asfaltata;Verticale ed orizzontale;Sereno;Intenso;Buona;Ore Diurne;1;0;0;1;12,43328;41,97145;-1;1;Motociclo a solo;In marcia / fermata / arresto;Kimco;Dink;Conducente;1972;M;Rimandato;0;NON DECEDUTO;Non accertato;
3630669;20;08/01/2018 08:55:00;Regionale entro l'abitato;VIA CASSIA;in prossimità;;del civico n.;927g;;Scontro frontale/laterale DX fra veicoli in marcia;Rettilineo;Una carreggiata a doppio senso;Asciutto;Asfaltata;Verticale ed orizzontale;Sereno;Intenso;Buona;Ore Diurne;1;0;0;1;12,43328;41,97145;-1;2;Autovettura privata;In marcia / fermata / arresto;Volkswagen;Polo;Conducente;1936;M;Illeso;0;;Non accertato;Inesploso
3630686;11;09/01/2018 03:55:00;Strada Urbana;VIALE GUGLIELMO MARCONI;all'intersezione semaforizzata con;VIA SALVATORE PINCHERLE;VIA SALVATORE PINCHERLE;;;Scontro laterale fra veicoli in marcia;Intersezione semaforizzata;Più di due carreggiate;Asciutto;Asfaltata;Verticale ed orizzontale;Sereno;Normale;Sufficiente;Sufficiente;0;0;0;3;12,4731;41,85235;0;1;Autovettura privata;In marcia / fermata / arresto;Fiat;Bravo;Conducente;1958;M;Illeso;0;;Non accertato;
3630686;11;09/01/2018 03:55:00;Strada Urbana;VIALE GUGLIELMO MARCONI;all'intersezione semaforizzata con;VIA SALVATORE PINCHERLE;VIA SALVATORE PINCHERLE;;;Scontro laterale fra veicoli in marcia;Intersezione semaforizzata;Più di due carreggiate;Asciutto;Asfaltata;Verticale ed orizzontale;Sereno;Normale;Sufficiente;Sufficiente;0;0;0;3;12,4731;41,85235;0;2;Autovettura privata;In marcia / fermata / arresto;Renault;Clio;Conducente;1988;M;Illeso;0;;Non accertato;
3630686;11;09/01/2018 03:55:00;Strada Urbana;VIALE GUGLIELMO MARCONI;all'intersezione semaforizzata con;VIA SALVATORE PINCHERLE;VIA SALVATORE PINCHERLE;;;Scontro laterale fra veicoli in marcia;Intersezione semaforizzata;Più di due carreggiate;Asciutto;Asfaltata;Verticale ed orizzontale;Sereno;Normale;Sufficiente;Sufficiente;0;0;0;3;12,4731;41,85235;0;2;Autovettura privata;In marcia / fermata / arresto;Renault;Clio;Passeggero;1990;F;Illeso;0;;Non accertato;
3630694;1;08/01/2018 19:00:00;Strada Urbana;PIAZZA VENEZIA;in corrispondenza;;del civico n.;6 B;;Scontro laterale fra veicoli in marcia;;Una carreggiata a doppio senso;Asciutto;In cubetti di porfido;Verticale ed orizzontale;Sereno;Normale;Sufficiente;Sufficiente;0;0;0;4;;;0;1;Autobus di linea;In marcia / fermata / arresto;Fiat Iveco;(non accertato);Conducente;1982;M;Illeso;0;;;
3630694;1;08/01/2018 19:00:00;Strada Urbana;PIAZZA VENEZIA;in corrispondenza;;del civico n.;6 B;;Scontro laterale fra veicoli in marcia;;Una carreggiata a doppio senso;Asciutto;In cubetti di porfido;Verticale ed orizzontale;Sereno;Normale;Sufficiente;Sufficiente;0;0;0;4;;;0;2;Autovettura pubblica;In marcia / fermata / arresto;Toyota;prius;Conducente;1987;M;Illeso;0;;;
3630694;1;08/01/2018 19:00:00;Strada Urbana;PIAZZA VENEZIA;in corrispondenza;;del civico n.;6 B;;Scontro laterale fra veicoli in marcia;;Una carreggiata a doppio senso;Asciutto;In cubetti di porfido;Verticale ed orizzontale;Sereno;Normale;Sufficiente;Sufficiente;0;0;0;4;;;0;2;Autovettura pubblica;In marcia / fermata / arresto;Toyota;prius;Passeggero;1961;M;Illeso;0;;;
3630694;1;08/01/2018 19:00:00;Strada Urbana;PIAZZA VENEZIA;in corrispondenza;;del civico n.;6 B;;Scontro laterale fra veicoli in marcia;;Una carreggiata a doppio senso;Asciutto;In cubetti di porfido;Verticale ed orizzontale;Sereno;Normale;Sufficiente;Sufficiente;0;0;0;4;;;0;2;Autovettura pubblica;In marcia / fermata / arresto;Toyota;prius;Passeggero;1986;F;Illeso;0;;;
3630698;20;08/01/2018 12:50:00;Regionale entro l'abitato;VIA CASSIA;in corrispondenza;;del civico n.;640;;Tamponamento Multiplo;Rettilineo;Una carreggiata a doppio senso;Asciutto;Asfaltata;Orizzontale;Sereno;Normale;Buona;Ore Diurne;2;0;0;4;;;0;1;Autovettura privata;In marcia / fermata / arresto;Jeep;Wrangler;Conducente;1981;F;Illeso;0;;Non accertato;Inesploso
3630698;20;08/01/2018 12:50:00;Regionale entro l'abitato;VIA CASSIA;in corrispondenza;;del civico n.;640;;Tamponamento Multiplo;Rettilineo;Una carreggiata a doppio senso;Asciutto;Asfaltata;Orizzontale;Sereno;Normale;Buona;Ore Diurne;2;0;0;4;;;0;2;Autovettura privata;In marcia / fermata / arresto;Ford;Fiesta;Conducente;1961;M;Illeso;0;;Non accertato;Inesploso
3630698;20;08/01/2018 12:50:00;Regionale entro l'abitato;VIA CASSIA;in corrispondenza;;del civico n.;640;;Tamponamento Multiplo;Rettilineo;Una carreggiata a doppio senso;Asciutto;Asfaltata;Orizzontale;Sereno;Normale;Buona;Ore Diurne;2;0;0;4;;;0;2;Autovettura privata;In marcia / fermata / arresto;Ford;Fiesta;Passeggero;1937;F;Rimandato;0;NON DECEDUTO;;
3630698;20;08/01/2018 12:50:00;Regionale entro l'abitato;VIA CASSIA;in corrispondenza;;del civico n.;640;;Tamponamento Multiplo;Rettilineo;Una carreggiata a doppio senso;Asciutto;Asfaltata;Orizzontale;Sereno;Normale;Buona;Ore Diurne;2;0;0;4;;;0;3;Autovettura privata;In marcia / fermata / arresto;Fiat;Punto;Conducente;1950;M;Illeso;0;;Non accertato;Inesploso
3630698;20;08/01/2018 12:50:00;Regionale entro l'abitato;VIA CASSIA;in corrispondenza;;del civico n.;640;;Tamponamento Multiplo;Rettilineo;Una carreggiata a doppio senso;Asciutto;Asfaltata;Orizzontale;Sereno;Normale;Buona;Ore Diurne;2;0;0;4;;;0;3;Autovettura privata;In marcia / fermata / arresto;Fiat;Punto;Passeggero;1952;F;Rimandato;0;NON DECEDUTO;Non accertato;Inesploso
3630698;20;08/01/2018 12:50:00;Regionale entro l'abitato;VIA CASSIA;in corrispondenza;;del civico n.;640;;Tamponamento Multiplo;Rettilineo;Una carreggiata a doppio senso;Asciutto;Asfaltata;Orizzontale;Sereno;Normale;Buona;Ore Diurne;2;0;0;4;;;0;4;Autovettura privata;In marcia / fermata / arresto;Volkswagen;Golf;Conducente;1988;M;Illeso;0;;Non accertato;Inesploso
3630701;17;05/01/2018 20:45:00;;PIAZZA PIO XI;all'intersezione semaforizzata con;VIA GREGORIO VII;VIA GREGORIO VII;;;Scontro laterale fra veicoli in marcia;;;;;;;;;;0;0;0;3;12,43849;41,89504;0;1;Autovettura privata;In marcia / fermata / arresto;Fiat;500;Conducente;1999;M;Illeso;0;;;
3630701;17;05/01/2018 20:45:00;;PIAZZA PIO XI;all'intersezione semaforizzata con;VIA GREGORIO VII;VIA GREGORIO VII;;;Scontro laterale fra veicoli in marcia;;;;;;;;;;0;0;0;3;12,43849;41,89504;0;2;Autovettura privata;In marcia / fermata / arresto;Fiat;500;Conducente;1999;M;Illeso;0;;;
3630701;17;05/01/2018 20:45:00;;PIAZZA PIO XI;all'intersezione semaforizzata con;VIA GREGORIO VII;VIA GREGORIO VII;;;Scontro laterale fra veicoli in marcia;;;;;;;;;;0;0;0;3;12,43849;41,89504;0;2;Autovettura privata;In marcia / fermata / arresto;Fiat;500;Passeggero;1996;F;Illeso;0;;;
3630703;17;05/01/2018 23:20:00;Strada Urbana;CIRCONVALLAZIONE TRIONFALE;in prossimità;;del civico n.;74;;Tamponamento Multiplo;Rettilineo;Due carreggiate;Asciutto;Asfaltata;Verticale ed orizzontale;Sereno;Scarso;Sufficiente;Sufficiente;0;0;0;3;;;0;1;Autovettura privata;In marcia / fermata / arresto;Fiat;500;Conducente;1993;M;Illeso;0;;;
3630703;17;05/01/2018 23:20:00;Strada Urbana;CIRCONVALLAZIONE TRIONFALE;in prossimità;;del civico n.;74;;Tamponamento Multiplo;Rettilineo;Due carreggiate;Asciutto;Asfaltata;Verticale ed orizzontale;Sereno;Scarso;Sufficiente;Sufficiente;0;0;0;3;;;0;2;Autovettura privata;In marcia / fermata / arresto;Audi;A3;Conducente;1991;M;Illeso;0;;;
3630703;17;05/01/2018 23:20:00;Strada Urbana;CIRCONVALLAZIONE TRIONFALE;in prossimità;;del civico n.;74;;Tamponamento Multiplo;Rettilineo;Due carreggiate;Asciutto;Asfaltata;Verticale ed orizzontale;Sereno;Scarso;Sufficiente;Sufficiente;0;0;0;3;;;0;3;Autovettura privata;In marcia / fermata / arresto;Fiat;Panda;Conducente;1968;M;Illeso;0;;;
3630707;17;06/01/2018 16:10:00;Strada Urbana;PIAZZA CAVOUR;da specificare;;;;Altezza via Tacito;Scontro laterale fra veicoli in marcia;Rettilineo;Una carreggiata a doppio senso;Asciutto;Asfaltata;Verticale ed orizzontale;Sereno;Scarso;Buona;Ore Diurne;0;0;0;2;;;0;1;Autobus turistico;In marcia / fermata / arresto;(ignoto);(ignoto);Conducente;1968;M;Illeso;0;;Non accertato;Inesploso
3630707;17;06/01/2018 16:10:00;Strada Urbana;PIAZZA CAVOUR;da specificare;;;;Altezza via Tacito;Scontro laterale fra veicoli in marcia;Rettilineo;Una carreggiata a doppio senso;Asciutto;Asfaltata;Verticale ed orizzontale;Sereno;Scarso;Buona;Ore Diurne;0;0;0;2;;;0;2;Autovettura privata;In marcia / fermata / arresto;Mercedes;A 180;Conducente;1957;M;Illeso;0;;Non accertato;Inesploso
3630731;17;08/01/2018 17:55:00;Strada Urbana;VIA GIUSEPPE MONTANELLI;all'intersezione con;VIALE GIUSEPPE MAZZINI;VIALE GIUSEPPE MAZZINI;;;Investimento di pedone;Incrocio;Due carreggiate;Asciutto;Asfaltata;Verticale ed orizzontale;Nuvoloso;Normale;Insufficiente;Insufficiente;1;0;0;1;12,46871;41,91725;0;;;;;;Pedone;1966;F;Rimandato;0;NON DECEDUTO;;
3630731;17;08/01/2018 17:55:00;Strada Urbana;VIA GIUSEPPE MONTANELLI;all'intersezione con;VIALE GIUSEPPE MAZZINI;VIALE GIUSEPPE MAZZINI;;;Investimento di pedone;Incrocio;Due carreggiate;Asciutto;Asfaltata;Verticale ed orizzontale;Nuvoloso;Normale;Insufficiente;Insufficiente;1;0;0;1;12,46871;41,91725;0;1;Motociclo con passeggero;In marcia / fermata / arresto;Honda;SH 150;Conducente;1959;M;Illeso;0;;;
3630763;13;09/01/2018 08:20:00;Strada Urbana;VIA GIGI CHESSA;all'intersezione con;VIA LIONELLO BALESTRIERI;VIA LIONELLO BALESTRIERI;;;Scontro frontale/laterale SX fra veicoli in marcia;Incrocio;Una carreggiata a senso unico di marcia;Asciutto;Asfaltata;Verticale ed orizzontale;Sereno;Normale;Buona;Ore Diurne;0;0;0;2;;;0;1;Autovettura privata;In marcia / fermata / arresto;Ford;Fiesta;Conducente;1975;F;Illeso;0;;Non accertato;Inesploso
3630763;13;09/01/2018 08:20:00;Strada Urbana;VIA GIGI CHESSA;all'intersezione con;VIA LIONELLO BALESTRIERI;VIA LIONELLO BALESTRIERI;;;Scontro frontale/laterale SX fra veicoli in marcia;Incrocio;Una carreggiata a senso unico di marcia;Asciutto;Asfaltata;Verticale ed orizzontale;Sereno;Normale;Buona;Ore Diurne;0;0;0;2;;;0;2;Autovettura privata;In marcia / fermata / arresto;Toyota;Aygo;Conducente;1973;M;Illeso;0;;Non accertato;Inesploso
3630846;15;09/01/2018 09:50:00;Strada Urbana;VIA DEI SAMPIERI;in prossimità;;del civico n.;30;;Scontro laterale fra veicoli in marcia;Rettilineo;Una carreggiata a doppio senso;Bagnato (pioggia);Asfaltata;Orizzontale;Pioggia in atto;Normale;Buona;Ore Diurne;0;0;0;3;12,4188;41,85656;0;1;Autovettura privata;In marcia / fermata / arresto;BMW;216 d;Conducente;1957;F;Illeso;0;;Non accertato;Inesploso
3630846;15;09/01/2018 09:50:00;Strada Urbana;VIA DEI SAMPIERI;in prossimità;;del civico n.;30;;Scontro laterale fra veicoli in marcia;Rettilineo;Una carreggiata a doppio senso;Bagnato (pioggia);Asfaltata;Orizzontale;Pioggia in atto;Normale;Buona;Ore Diurne;0;0;0;3;12,4188;41,85656;0;2;Autovettura privata;In marcia / fermata / arresto;Citroen;C3 Picasso;Conducente;1941;M;Illeso;0;;Non accertato;Inesploso
3630846;15;09/01/2018 09:50:00;Strada Urbana;VIA DEI SAMPIERI;in prossimità;;del civico n.;30;;Scontro laterale fra veicoli in marcia;Rettilineo;Una carreggiata a doppio senso;Bagnato (pioggia);Asfaltata;Orizzontale;Pioggia in atto;Normale;Buona;Ore Diurne;0;0;0;3;12,4188;41,85656;0;2;Autovettura privata;In marcia / fermata / arresto;Citroen;C3 Picasso;Passeggero;1946;F;Illeso;0;;Non accertato;Inesploso
3630887;17;09/01/2018 09:00:00;Strada Urbana;PIAZZA GIUSEPPE MAZZINI;da specificare;;;;ALTEZZA VIA OSLAVIA;Scontro laterale fra veicoli in marcia;Rotatoria;Una carreggiata a senso unico di marcia;Asciutto;Asfaltata;Verticale ed orizzontale;Nuvoloso;Normale;Buona;Ore Diurne;0;0;0;2;12,46317;41,9163;0;1;Autovettura privata;In marcia / fermata / arresto;Fiat;Punto 3 porte;Conducente;1959;M;Illeso;0;;;
3630887;17;09/01/2018 09:00:00;Strada Urbana;PIAZZA GIUSEPPE MAZZINI;da specificare;;;;ALTEZZA VIA OSLAVIA;Scontro laterale fra veicoli in marcia;Rotatoria;Una carreggiata a senso unico di marcia;Asciutto;Asfaltata;Verticale ed orizzontale;Nuvoloso;Normale;Buona;Ore Diurne;0;0;0;2;12,46317;41,9163;0;2;Autovettura privata;In marcia / fermata / arresto;BMW;325;Conducente;1970;M;Illeso;0;;;
3630919;2;08/01/2018 10:30:00;;VIA GREGORIO ALLEGRI;da specificare;;;;fronte civ. 9;Veicolo in marcia contro veicolo in sosta;;;;;;;;;;0;0;0;2;;;0;1;Autovettura privata;In marcia / fermata / arresto;Toyota;Yaris;Conducente;1977;M;Illeso;0;;;
3630919;2;08/01/2018 10:30:00;;VIA GREGORIO ALLEGRI;da specificare;;;;fronte civ. 9;Veicolo in marcia contro veicolo in sosta;;;;;;;;;;0;0;0;2;;;0;2;Autovettura privata;In marcia / fermata / arresto;Smart ;Smart for two coupè;Conducente;1983;M;Illeso;0;;;
3630920;2;08/01/2018 14:00:00;;VIA DEL FORO ITALICO;in corrispondenza;;del civico n.;502;;Tamponamento;;;;;;;;;;1;0;0;2;;;0;1;Autovettura privata;In marcia / fermata / arresto;Toyota;Corolla;Conducente;1954;M;Illeso;0;;;
3630920;2;08/01/2018 14:00:00;;VIA DEL FORO ITALICO;in corrispondenza;;del civico n.;502;;Tamponamento;;;;;;;;;;1;0;0;2;;;0;1;Autovettura privata;In marcia / fermata / arresto;Toyota;Corolla;Passeggero;1961;F;Rimandato;0;NON DECEDUTO;;
3630920;2;08/01/2018 14:00:00;;VIA DEL FORO ITALICO;in corrispondenza;;del civico n.;502;;Tamponamento;;;;;;;;;;1;0;0;2;;;0;2;Autovettura privata;In marcia / fermata / arresto;Fiat;Punto;Conducente;1993;M;Illeso;0;;;
3630935;13;09/01/2018 10:12:00;Strada Urbana;VIA DELLE AZZORRE;da specificare;;;;altezza parco Gioacchino Angelo;Tamponamento;Rettilineo;Due carreggiate;Asciutto;Asfaltata;Assente;Nuvoloso;Normale;Buona;Ore Diurne;1;0;0;2;;;0;1;Autovettura privata;In marcia / fermata / arresto;Renault;Scenic;Conducente;1988;M;Illeso;0;;Non accertato;Inesploso
3630935;13;09/01/2018 10:12:00;Strada Urbana;VIA DELLE AZZORRE;da specificare;;;;altezza parco Gioacchino Angelo;Tamponamento;Rettilineo;Due carreggiate;Asciutto;Asfaltata;Assente;Nuvoloso;Normale;Buona;Ore Diurne;1;0;0;2;;;0;2;Autovettura privata;In marcia / fermata / arresto;Opel;AGILA;Conducente;1942;M;Illeso;0;;Non accertato;Inesploso
3630935;13;09/01/2018 10:12:00;Strada Urbana;VIA DELLE AZZORRE;da specificare;;;;altezza parco Gioacchino Angelo;Tamponamento;Rettilineo;Due carreggiate;Asciutto;Asfaltata;Assente;Nuvoloso;Normale;Buona;Ore Diurne;1;0;0;2;;;0;2;Autovettura privata;In marcia / fermata / arresto;Opel;AGILA;Passeggero;1947;M;Rimandato;0;NON DECEDUTO;Non accertato;Inesploso
3630936;12;09/01/2018 09:10:00;Strada Urbana;VIALE DELL'AERONAUTICA;in prossimità;;del civico n.;42;;Scontro laterale fra veicoli in marcia;Rettilineo;Due carreggiate;Asciutto;Asfaltata;Verticale ed orizzontale;Vento forte;Intenso;Buona;Ore Diurne;0;0;0;2;;;0;1;Autovettura privata;In marcia / fermata / arresto;Volvo;V40;Conducente;1974;M;Illeso;0;;Utilizzato;Inesploso
3630936;12;09/01/2018 09:10:00;Strada Urbana;VIALE DELL'AERONAUTICA;in prossimità;;del civico n.;42;;Scontro laterale fra veicoli in marcia;Rettilineo;Due carreggiate;Asciutto;Asfaltata;Verticale ed orizzontale;Vento forte;Intenso;Buona;Ore Diurne;0;0;0;2;;;0;2;Motociclo a solo;In marcia / fermata / arresto;Honda;Forza;Conducente;1956;M;Illeso;0;;Utilizzato;
3630944;23;08/01/2018 17:05:00;Comunale extraurbana;VIA CRISTOFORO COLOMBO;in corrispondenza;;della chilometrica;19.4;;Veicolo in marcia contro ostacolo accidentale;Rettilineo;Più di due carreggiate;Asciutto;Asfaltata;Verticale ed orizzontale;Sereno;Normale;Buona;Inesistente;0;0;0;4;12,38239;41,76452;-1;1;Autovettura privata;In marcia / fermata / arresto;Cherokee;Jeep;Conducente;1973;M;Illeso;0;;Non accertato;Inesploso
3630944;23;08/01/2018 17:05:00;Comunale extraurbana;VIA CRISTOFORO COLOMBO;in corrispondenza;;della chilometrica;19.4;;Veicolo in marcia contro ostacolo accidentale;Rettilineo;Più di due carreggiate;Asciutto;Asfaltata;Verticale ed orizzontale;Sereno;Normale;Buona;Inesistente;0;0;0;4;12,38239;41,76452;-1;1;Autovettura privata;In marcia / fermata / arresto;Cherokee;Jeep;Passeggero;1968;F;Illeso;0;;Utilizzato;Inesploso
3630944;23;08/01/2018 17:05:00;Comunale extraurbana;VIA CRISTOFORO COLOMBO;in corrispondenza;;della chilometrica;19.4;;Veicolo in marcia contro ostacolo accidentale;Rettilineo;Più di due carreggiate;Asciutto;Asfaltata;Verticale ed orizzontale;Sereno;Normale;Buona;Inesistente;0;0;0;4;12,38239;41,76452;-1;1;Autovettura privata;In marcia / fermata / arresto;Cherokee;Jeep;Passeggero;1999;M;Illeso;0;;Utilizzato;Inesploso
3630944;23;08/01/2018 17:05:00;Comunale extraurbana;VIA CRISTOFORO COLOMBO;in corrispondenza;;della chilometrica;19.4;;Veicolo in marcia contro ostacolo accidentale;Rettilineo;Più di due carreggiate;Asciutto;Asfaltata;Verticale ed orizzontale;Sereno;Normale;Buona;Inesistente;0;0;0;4;12,38239;41,76452;-1;1;Autovettura privata;In marcia / fermata / arresto;Cherokee;Jeep;Passeggero;2008;F;Illeso;0;;Non accertato;Inesploso
3631004;4;08/01/2018 11:15:00;;VIALE TITINA DE FILIPPO;all'intersezione con;VIA CESARE BADIALI;VIA CESARE BADIALI;;;Scontro frontale/laterale SX fra veicoli in marcia;;;;;;;;;;0;0;0;2;12,51649;41,9667;0;1;Autovettura privata;In marcia / fermata / arresto;Mitsubishi;Space Star;Conducente;1975;M;Illeso;0;;;
3631004;4;08/01/2018 11:15:00;;VIALE TITINA DE FILIPPO;all'intersezione con;VIA CESARE BADIALI;VIA CESARE BADIALI;;;Scontro frontale/laterale SX fra veicoli in marcia;;;;;;;;;;0;0;0;2;12,51649;41,9667;0;2;Autovettura privata;In marcia / fermata / arresto;Daimler Chrysler;A 170;Conducente;1976;F;Illeso;0;;;
3631032;10;09/01/2018 11:00:00;Strada Urbana;VIA GIULIO EMANUELE RIZZO;all'intersezione con;VIA ANTONIO FRANCESCO GORI;VIA ANTONIO FRANCESCO GORI;;;Tamponamento;Incrocio;Una carreggiata a doppio senso;Bagnato (pioggia);Asfaltata;Assente;Pioggia in atto;Scarso;Buona;Ore Diurne;0;0;0;3;12,58583;41,82688;0;1;Autocarro superiore 35 q.;In marcia / fermata / arresto;Iveco;75E/4;Conducente;1947;M;Illeso;0;;Non accertato;Inesistente
3631032;10;09/01/2018 11:00:00;Strada Urbana;VIA GIULIO EMANUELE RIZZO;all'intersezione con;VIA ANTONIO FRANCESCO GORI;VIA ANTONIO FRANCESCO GORI;;;Tamponamento;Incrocio;Una carreggiata a doppio senso;Bagnato (pioggia);Asfaltata;Assente;Pioggia in atto;Scarso;Buona;Ore Diurne;0;0;0;3;12,58583;41,82688;0;2;Autovettura privata;In marcia / fermata / arresto;Citroen;C 1;Conducente;1988;M;Illeso;0;;Non accertato;Inesploso
3631032;10;09/01/2018 11:00:00;Strada Urbana;VIA GIULIO EMANUELE RIZZO;all'intersezione con;VIA ANTONIO FRANCESCO GORI;VIA ANTONIO FRANCESCO GORI;;;Tamponamento;Incrocio;Una carreggiata a doppio senso;Bagnato (pioggia);Asfaltata;Assente;Pioggia in atto;Scarso;Buona;Ore Diurne;0;0;0;3;12,58583;41,82688;0;2;Autovettura privata;In marcia / fermata / arresto;Citroen;C 1;Passeggero;2017;M;Illeso;0;;Non accertato;Inesploso
3631033;20;09/01/2018 11:30:00;Strada Urbana;PIAZZA DI SAXA RUBRA;in corrispondenza;;del civico n.;12;;Scontro laterale fra veicoli in marcia;Curva a visuale libera;Una carreggiata a senso unico di marcia;Bagnato (pioggia);Asfaltata;Verticale ed orizzontale;Pioggia in atto;Scarso;Buona;Ore Diurne;0;0;0;3;;;0;1;Autovettura privata;In marcia / fermata / arresto;Mini;cooper Mini Mini RF31;Conducente;1955;M;Illeso;0;;Non accertato;Inesploso
3631033;20;09/01/2018 11:30:00;Strada Urbana;PIAZZA DI SAXA RUBRA;in corrispondenza;;del civico n.;12;;Scontro laterale fra veicoli in marcia;Curva a visuale libera;Una carreggiata a senso unico di marcia;Bagnato (pioggia);Asfaltata;Verticale ed orizzontale;Pioggia in atto;Scarso;Buona;Ore Diurne;0;0;0;3;;;0;2;Autovettura privata;In marcia / fermata / arresto;Hyundai;Accent;Conducente;1935;M;Illeso;0;;Non accertato;Inesploso
3631033;20;09/01/2018 11:30:00;Strada Urbana;PIAZZA DI SAXA RUBRA;in corrispondenza;;del civico n.;12;;Scontro laterale fra veicoli in marcia;Curva a visuale libera;Una carreggiata a senso unico di marcia;Bagnato (pioggia);Asfaltata;Verticale ed orizzontale;Pioggia in atto;Scarso;Buona;Ore Diurne;0;0;0;3;;;0;2;Autovettura privata;In marcia / fermata / arresto;Hyundai;Accent;Passeggero;1944;F;Illeso;0;;Non accertato;
3631050;19;09/01/2018 04:50:00;Strada Urbana;VIA MARZIALE;da specificare;;;;da P.za Giovenale a via Marziale 36;Veicolo in marcia contro veicoli in sosta;Rettilineo;Una carreggiata a senso unico di marcia;Asciutto;Asfaltata;Verticale ed orizzontale;Nuvoloso;Scarso;Buona;Sufficiente;0;0;1;0;;;0;1;Autocarro superiore 35 q.;In marcia / fermata / arresto;Daf;(non accertato);Conducente;1964;M;Deceduto sul posto;-1;;;
3631057;13;09/01/2018 12:00:00;Strada Urbana;VIA DEI BRAGOZZI;in corrispondenza;;del civico n.;2A;;Scontro laterale fra veicoli in marcia;Rettilineo;Una carreggiata a doppio senso;Bagnato (pioggia);Asfaltata;Orizzontale;Pioggia in atto;Normale;Buona;Ore Diurne;0;0;0;2;12,27387;41,73336;0;1;Autocarro inferiore 35 q.;In marcia / fermata / arresto;Renault;Kangoo;Conducente;1976;M;Illeso;0;;Non accertato;Inesploso
3631057;13;09/01/2018 12:00:00;Strada Urbana;VIA DEI BRAGOZZI;in corrispondenza;;del civico n.;2A;;Scontro laterale fra veicoli in marcia;Rettilineo;Una carreggiata a doppio senso;Bagnato (pioggia);Asfaltata;Orizzontale;Pioggia in atto;Normale;Buona;Ore Diurne;0;0;0;2;12,27387;41,73336;0;2;Autobus urbano;In marcia / fermata / arresto;Mercedes;Evobus;Conducente;1975;M;Illeso;0;;Esente;Inesploso