Protocollo;Gruppo;DataOraIncidente;Localizzazione1;STRADA1;Localizzazione2;STRADA2;Strada02;Chilometrica;DaSpecificare;NaturaIncidente;particolaritastrade;TipoStrada;FondoStradale;Pavimentazione;Segnaletica;CondizioneAtmosferica;Traffico;Visibilita;Illuminazione;NUM_FERITI;NUM_RISERVATA;NUM_MORTI;NUM_ILLESI;Longitudine;Latitudine;Confermato;Progressivo;TipoVeicolo;StatoVeicolo;Marca;Modello;TipoPersona;AnnoNascita;Sesso;Tipolesione;Deceduto;DecedutoDopo;CinturaCascoUtilizzato;Airbag;
3633821;7;10/01/2018 23:00:00;;VIA PRENESTINA;all'intersezione con;VIA DI TOR SAPIENZA;VIA DI TOR SAPIENZA;;;Scontro frontale/laterale SX fra veicoli in marcia;;;;;;;;;;0;0;0;4;;;0;2;Autovettura privata;In marcia / fermata / arresto;Audi;Q 3;Conducente;1993;M;Illeso;0;;;
3633826;10;10/01/2018 10:40:00;Strada Urbana;VIA IGNAZIO SCIMONELLI;all'intersezione con;VIA PIETRO ROSANO;VIA PIETRO ROSANO;;;Veicolo in marcia contro ostacolo accidentale;Incrocio;Una carreggiata a doppio senso;Asciutto;Con buche;Verticale ed orizzontale;Sereno;Normale;Buona;Ore Diurne;0;0;0;1;12,59474;41,84515;0;1;Autovettura privata;In marcia / fermata / arresto;Fiat-Lancia;YPSILON;Conducente;1991;M;Illeso;0;;Non accertato;Inesploso
3633829;4;10/01/2018 11:35:00;;VIA MONTE EPOMEO;all'intersezione con;VIA TONALE;VIA TONALE;;;Scontro frontale/laterale SX fra veicoli in marcia;;;;;;;;;;1;0;0;1;12,53114;41,94961;0;1;Autovettura privata;In marcia / fermata / arresto;Fiat;Punto;Conducente;1987;M;Illeso;0;;;
3633829;4;10/01/2018 11:35:00;;VIA MONTE EPOMEO;all'intersezione con;VIA TONALE;VIA TONALE;;;Scontro frontale/laterale SX fra veicoli in marcia;;;;;;;;;;1;0;0;1;12,53114;41,94961;0;2;Autovettura privata;In marcia / fermata / arresto;Fiat;Punto;Conducente;1952;F;Rimandato;0;NON DECEDUTO;;
3633839;10;10/01/2018 14:40:00;Strada Urbana;VIA QUINTO PUBLICIO;all'intersezione semaforizzata con;VIALE PALMIRO TOGLIATTI;VIALE PALMIRO TOGLIATTI;;;Scontro frontale/laterale SX fra veicoli in marcia;Intersezione semaforizzata;Più di due carreggiate;Asciutto;Asfaltata;Verticale ed orizzontale;Sereno;Normale;Buona;Ore Diurne;0;0;0;2;;;0;1;Autocarro inferiore 35 q.;In marcia / fermata / arresto;Fiat;Fiorino;Conducente;1964;M;Illeso;0;;;
3633839;10;10/01/2018 14:40:00;Strada Urbana;VIA QUINTO PUBLICIO;all'intersezione semaforizzata con;VIALE PALMIRO TOGLIATTI;VIALE PALMIRO TOGLIATTI;;;Scontro frontale/laterale SX fra veicoli in marcia;Intersezione semaforizzata;Più di due carreggiate;Asciutto;Asfaltata;Verticale ed orizzontale;Sereno;Normale;Buona;Ore Diurne;0;0;0;2;;;0;2;Autovettura privata;In marcia / fermata / arresto;Opel;Corsa;Conducente;1975;F;Illeso;0;;;
3633861;10;10/01/2018 16:30:00;;VIA TUSCOLANA;in prossimità;;del civico n.;1675;;Tamponamento;;;;;;;;;;0;0;0;2;;;0;1;Motociclo a solo;In marcia / fermata / arresto;Piaggio;M28;Conducente;1994;M;Illeso;0;;;
3633861;10;10/01/2018 16:30:00;;VIA TUSCOLANA;in prossimità;;del civico n.;1675;;Tamponamento;;;;;;;;;;0;0;0;2;;;0;2;Autovettura privata;In marcia / fermata / arresto;Fiat;500;Conducente;1967;M;Illeso;0;;;
3633875;9;11/01/2018 07:15:00;Strada Urbana;VIA MONZA;all'intersezione semaforizzata con;VIA TARANTO;VIA TARANTO;;;Tamponamento;Intersezione semaforizzata;Una carreggiata a doppio senso;Bagnato (pioggia);Asfaltata;Verticale ed orizzontale;Pioggia in atto;Intenso;Buona;Ore Diurne;0;0;0;2;;;0;1;Autocarro inferiore 35 q.;In marcia / fermata / arresto;Fiat;Scudo;Conducente;1976;M;Illeso;0;;;
3633875;9;11/01/2018 07:15:00;Strada Urbana;VIA MONZA;all'intersezione semaforizzata con;VIA TARANTO;VIA TARANTO;;;Tamponamento;Intersezione semaforizzata;Una carreggiata a doppio senso;Bagnato (pioggia);Asfaltata;Verticale ed orizzontale;Pioggia in atto;Intenso;Buona;Ore Diurne;0;0;0;2;;;0;2;Motociclo a solo;In marcia / fermata / arresto;Yamaha;TMAX;Conducente;1969;M;Illeso;0;;;
3633889;20;11/01/2018 07:25:00;Strada Urbana;VIA DI VALLE MURICANA;in corrispondenza;;del civico n.;563;;Scontro frontale/laterale SX fra veicoli in marcia;Rettilineo;Una carreggiata a doppio senso;Bagnato (pioggia);Asfaltata;Orizzontale;Pioggia in atto;Normale;Buona;Ore Diurne;1;0;0;3;12,46891;42,03028;-1;1;Autovettura privata;In marcia / fermata / arresto;Mercedes;E;Conducente;1939;M;Illeso;0;;Non accertato;Inesploso
3633889;20;11/01/2018 07:25:00;Strada Urbana;VIA DI VALLE MURICANA;in corrispondenza;;del civico n.;563;;Scontro frontale/laterale SX fra veicoli in marcia;Rettilineo;Una carreggiata a doppio senso;Bagnato (pioggia);Asfaltata;Orizzontale;Pioggia in atto;Normale;Buona;Ore Diurne;1;0;0;3;12,46891;42,03028;-1;2;Autovettura privata;In marcia / fermata / arresto;Fiat;Ducato;Conducente;1955;M;Illeso;0;;Non accertato;Inesploso
3633889;20;11/01/2018 07:25:00;Strada Urbana;VIA DI VALLE MURICANA;in corrispondenza;;del civico n.;563;;Scontro frontale/laterale SX fra veicoli in marcia;Rettilineo;Una carreggiata a doppio senso;Bagnato (pioggia);Asfaltata;Orizzontale;Pioggia in atto;Normale;Buona;Ore Diurne;1;0;0;3;12,46891;42,03028;-1;2;Autovettura privata;In marcia / fermata / arresto;Fiat;Ducato;Passeggero;1970;F;Rimandato;0;NON DECEDUTO;Non accertato;Inesploso
3633889;20;11/01/2018 07:25:00;Strada Urbana;VIA DI VALLE MURICANA;in corrispondenza;;del civico n.;563;;Scontro frontale/laterale SX fra veicoli in marcia;Rettilineo;Una carreggiata a doppio senso;Bagnato (pioggia);Asfaltata;Orizzontale;Pioggia in atto;Normale;Buona;Ore Diurne;1;0;0;3;12,46891;42,03028;-1;3;Autovettura privata;In marcia / fermata / arresto;Fiat;Panda;Conducente;1952;M;Illeso;0;;Non accertato;Inesploso
3633918;10;10/01/2018 16:45:00;;VIALE ANICIO GALLO;in corrispondenza;;del civico n.;115;;Veicolo in marcia contro veicolo fermo;;;;;;;;;;0;0;0;2;;;0;1;Autovettura privata;In marcia / fermata / arresto;Mercedes;A 180;Conducente;1984;M;Illeso;0;;;
3633918;10;10/01/2018 16:45:00;;VIALE ANICIO GALLO;in corrispondenza;;del civico n.;115;;Veicolo in marcia contro veicolo fermo;;;;;;;;;;0;0;0;2;;;0;2;Autocarro inferiore 35 q.;In marcia / fermata / arresto;Iveco;Magirus;Conducente;1963;M;Illeso;0;;;
3633932;2;10/01/2018 13:10:00;;LUNGOTEVERE FLAMINIO;in prossimità;;del civico n.;18;;Tamponamento;;;;;;;;;;1;0;0;3;;;0;1;Autovettura privata;In marcia / fermata / arresto;Mercedes;Smart Fortwo Coupè;Conducente;1971;M;Illeso;0;;;
3633932;2;10/01/2018 13:10:00;;LUNGOTEVERE FLAMINIO;in prossimità;;del civico n.;18;;Tamponamento;;;;;;;;;;1;0;0;3;;;0;2;Autovettura privata;In marcia / fermata / arresto;Renault;Megane;Conducente;1963;M;Illeso;0;;;
3633932;2;10/01/2018 13:10:00;;LUNGOTEVERE FLAMINIO;in prossimità;;del civico n.;18;;Tamponamento;;;;;;;;;;1;0;0;3;;;0;2;Autovettura privata;In marcia / fermata / arresto;Renault;Megane;Passeggero;1997;M;Illeso;0;;;
3633932;2;10/01/2018 13:10:00;;LUNGOTEVERE FLAMINIO;in prossimità;;del civico n.;18;;Tamponamento;;;;;;;;;;1;0;0;3;;;0;3;Motociclo a solo;In marcia / fermata / arresto;Piaggio;Vespa 150;Conducente;1964;M;Ricoverato;0;NON DECEDUTO;;
3633945;16;09/01/2018 22:30:00;;VIA GIUSEPPE SPINA;all'intersezione con;VIA AURELIA ANTICA;VIA AURELIA ANTICA;;;Scontro frontale/laterale SX fra veicoli in marcia;;;;;;;;;;0;0;0;4;;;0;1;Autovettura privata;In marcia / fermata / arresto;Citroen;C 1;Conducente;0;M;Illeso;0;;;
3633945;16;09/01/2018 22:30:00;;VIA GIUSEPPE SPINA;all'intersezione con;VIA AURELIA ANTICA;VIA AURELIA ANTICA;;;Scontro frontale/laterale SX fra veicoli in marcia;;;;;;;;;;0;0;0;4;;;0;1;Autovettura privata;In marcia / fermata / arresto;Citroen;C 1;Passeggero;0;F;Illeso;0;;;
3633945;16;09/01/2018 22:30:00;;VIA GIUSEPPE SPINA;all'intersezione con;VIA AURELIA ANTICA;VIA AURELIA ANTICA;;;Scontro frontale/laterale SX fra veicoli in marcia;;;;;;;;;;0;0;0;4;;;0;1;Autovettura privata;In marcia / fermata / arresto;Citroen;C 1;Passeggero;0;M;Illeso;0;;;
3633948;2;10/01/2018 09:30:00;;CORSO D'ITALIA;in prossimità;;del civico n.;fr. 41/a;;Veicolo in marcia contro ostacolo fisso;;;;;;;;;;0;0;0;1;;;0;1;Autovettura privata;In marcia / fermata / arresto;Audi;A3;Conducente;1957;F;Illeso;0;;;
3633954;2;10/01/2018 07:30:00;Strada Urbana;PIAZZALE DELLE CANESTRE;da specificare;;;;pross. P.LE CANONICA;Veicolo in marcia contro ostacolo fisso;Rettilineo;Una carreggiata a doppio senso;Bagnato (umidità in atto);Asfaltata;Verticale ed orizzontale;Sereno;Scarso;Buona;Ore Diurne;0;0;0;1;12,48479;41,91258;0;1;Autovettura privata;In marcia / fermata / arresto;Toyota;Rav 4;Conducente;1974;M;Illeso;0;;;
3633957;2;10/01/2018 17:45:00;;VIALE BRUNO BUOZZI;all'intersezione con;VIA DELLE TRE MADONNE;VIA DELLE TRE MADONNE;;;Scontro frontale/laterale SX fra veicoli in marcia;;;;;;;;;;0;0;0;2;;;0;1;Autovettura privata;In marcia / fermata / arresto;Smart ;-;Conducente;1957;F;Illeso;0;;;
3633957;2;10/01/2018 17:45:00;;VIALE BRUNO BUOZZI;all'intersezione con;VIA DELLE TRE MADONNE;VIA DELLE TRE MADONNE;;;Scontro frontale/laterale SX fra veicoli in marcia;;;;;;;;;;0;0;0;2;;;0;2;Quadriciclo;In marcia / fermata / arresto;Ligier;XT00;Conducente;2000;F;Illeso;0;;;
3633962;4;10/01/2018 07:55:00;;VIA AMALIA BETTINI;da specificare;;;;altezza civico 91 (rotatoria);Scontro laterale fra veicoli in marcia;;;;;;;;;;0;0;0;3;;;0;1;Autovettura privata;In marcia / fermata / arresto;Volkswagen;Passat;Conducente;1958;M;Illeso;0;;Non accertato;
3633962;4;10/01/2018 07:55:00;;VIA AMALIA BETTINI;da specificare;;;;altezza civico 91 (rotatoria);Scontro laterale fra veicoli in marcia;;;;;;;;;;0;0;0;3;;;0;2;Motociclo con passeggero;In marcia / fermata / arresto;Piaggio;Liberty;Conducente;1962;M;Illeso;0;;Non accertato;
3633962;4;10/01/2018 07:55:00;;VIA AMALIA BETTINI;da specificare;;;;altezza civico 91 (rotatoria);Scontro laterale fra veicoli in marcia;;;;;;;;;;0;0;0;3;;;0;2;Motociclo con passeggero;In marcia / fermata / arresto;Piaggio;Liberty;Passeggero;2000;M;Illeso;0;;Non accertato;
3634006;12;11/01/2018 09:40:00;Strada Urbana;VIA BRUNO DE FINETTI;in prossimità;;del civico n.;125;;Tamponamento;Rettilineo;Una carreggiata a senso unico di marcia;Bagnato (pioggia);Asfaltata;Verticale ed orizzontale;Pioggia in atto;Normale;Buona;Ore Diurne;1;0;0;1;12,48315;41,79256;0;1;Autovettura privata;In marcia / fermata / arresto;Audi;A3;Conducente;1986;M;Illeso;0;;Utilizzato;Inesploso
3634006;12;11/01/2018 09:40:00;Strada Urbana;VIA BRUNO DE FINETTI;in prossimità;;del civico n.;125;;Tamponamento;Rettilineo;Una carreggiata a senso unico di marcia;Bagnato (pioggia);Asfaltata;Verticale ed orizzontale;Pioggia in atto;Normale;Buona;Ore Diurne;1;0;0;1;12,48315;41,79256;0;2;Motociclo a solo;In marcia / fermata / arresto;Yamaha;X MAX;Conducente;1973;M;Rimandato;0;NON DECEDUTO;Utilizzato;
3634017;1;11/01/2018 07:10:00;Strada Urbana;VIA CESARE BATTISTI;in prossimità;;del civico n.;122/a;;Investimento di pedone;Rotatoria;Una carreggiata a doppio senso;Bagnato (pioggia);In cubetti di porfido;Verticale ed orizzontale;Pioggia in atto;Normale;Buona;Ore Diurne;1;0;0;1;;;0;;;;;;Pedone;1960;F;Rimandato;0;NON DECEDUTO;;
3634017;1;11/01/2018 07:10:00;Strada Urbana;VIA CESARE BATTISTI;in prossimità;;del civico n.;122/a;;Investimento di pedone;Rotatoria;Una carreggiata a doppio senso;Bagnato (pioggia);In cubetti di porfido;Verticale ed orizzontale;Pioggia in atto;Normale;Buona;Ore Diurne;1;0;0;1;;;0;1;Motociclo a solo;In marcia / fermata / arresto;Honda;SH 150;Conducente;1955;M;Illeso;0;;Non accertato;
3634046;4;10/01/2018 08:15:00;;VIA CAMILLO PILOTTO;all'intersezione con;VIA VIRGILIO TALLI;VIA VIRGILIO TALLI;;;Scontro frontale/laterale DX fra veicoli in marcia;;;;;;;;;;0;0;0;3;;;0;1;Autovettura privata;In marcia / fermata / arresto;Volkswagen;Polo;Conducente;1987;F;Illeso;0;;Non accertato;
3634046;4;10/01/2018 08:15:00;;VIA CAMILLO PILOTTO;all'intersezione con;VIA VIRGILIO TALLI;VIA VIRGILIO TALLI;;;Scontro frontale/laterale DX fra veicoli in marcia;;;;;;;;;;0;0;0;3;;;0;2;Autovettura privata;In marcia / fermata / arresto;Ford;Fiesta;Conducente;1977;M;Illeso;0;;Non accertato;
3634046;4;10/01/2018 08:15:00;;VIA CAMILLO PILOTTO;all'intersezione con;VIA VIRGILIO TALLI;VIA VIRGILIO TALLI;;;Scontro frontale/laterale DX fra veicoli in marcia;;;;;;;;;;0;0;0;3;;;0;2;Autovettura privata;In marcia / fermata / arresto;Ford;Fiesta;Passeggero;2009;F;Illeso;0;;Non accertato;
3634064;1;10/01/2018 14:20:00;Strada Urbana;LUNGOTEVERE DEI TEBALDI;in corrispondenza;;del civico n.;17;;Tamponamento Multiplo;Rettilineo;Una carreggiata a senso unico di marcia;Asciutto;Asfaltata;Verticale ed orizzontale;Nuvoloso;Normale;Buona;Ore Diurne;0;0;0;4;;;0;1;Autovettura privata;In marcia / fermata / arresto;Volkswagen;Polo;Conducente;1959;M;Illeso;0;;Non accertato;
3634064;1;10/01/2018 14:20:00;Strada Urbana;LUNGOTEVERE DEI TEBALDI;in corrispondenza;;del civico n.;17;;Tamponamento Multiplo;Rettilineo;Una carreggiata a senso unico di marcia;Asciutto;Asfaltata;Verticale ed orizzontale;Nuvoloso;Normale;Buona;Ore Diurne;0;0;0;4;;;0;2;Autovettura privata;In marcia / fermata / arresto;BMW;X 1;Conducente;1964;M;Illeso;0;;Non accertato;
3634064;1;10/01/2018 14:20:00;Strada Urbana;LUNGOTEVERE DEI TEBALDI;in corrispondenza;;del civico n.;17;;Tamponamento Multiplo;Rettilineo;Una carreggiata a senso unico di marcia;Asciutto;Asfaltata;Verticale ed orizzontale;Nuvoloso;Normale;Buona;Ore Diurne;0;0;0;4;;;0;2;Autovettura privata;In marcia / fermata / arresto;BMW;X 1;Passeggero;1964;M;Illeso;0;;Non accertato;
3634064;1;10/01/2018 14:20:00;Strada Urbana;LUNGOTEVERE DEI TEBALDI;in corrispondenza;;del civico n.;17;;Tamponamento Multiplo;Rettilineo;Una carreggiata a senso unico di marcia;Asciutto;Asfaltata;Verticale ed orizzontale;Nuvoloso;Normale;Buona;Ore Diurne;0;0;0;4;;;0;3;Autocarro inferiore 35 q.;In marcia / fermata / arresto;Citroen;Berlingo;Conducente;1975;M;Illeso;0;;Non accertato;
3634065;16;10/01/2018 15:35:00;;PIAZZA FRANCESCO CUCCHI;da specificare;;;;FRONTE CIVICO 2/D;Infortunio per sola frenata improvvisa;;;;;;;;;;1;0;0;1;12,45873;41,88538;0;1;Motociclo a solo;In marcia / fermata / arresto;Kymco;People;Conducente;1955;M;Ricoverato;0;NON DECEDUTO;Non accertato;
3634065;16;10/01/2018 15:35:00;;PIAZZA FRANCESCO CUCCHI;da specificare;;;;FRONTE CIVICO 2/D;Infortunio per sola frenata improvvisa;;;;;;;;;;1;0;0;1;12,45873;41,88538;0;2;Autovettura privata;In marcia / fermata / arresto;BMW;--;Conducente;1971;M;Illeso;0;;;
3634081;1;10/01/2018 18:10:00;Strada Urbana;VIA GIOVANNI GIOLITTI;all'intersezione con;VIA DI S. BIBIANA;VIA DI S. BIBIANA;;;Tamponamento;Incrocio;Una carreggiata a senso unico di marcia;Asciutto;Asfaltata;Verticale ed orizzontale;Sereno;Normale;Buona;Ore Diurne;0;0;0;1;;;0;1;Autovettura privata;In marcia / fermata / arresto;Mercedes;E500;Conducente;1957;M;Illeso;0;;;
3634102;4;10/01/2018 08:50:00;;VIA FORNACE VIGNOLO;da specificare;;;;prossimità GRA rampa carreggiata esterna;Tamponamento Multiplo;;;;;;;;;;0;0;0;2;;;0;1;Autovettura privata;In marcia / fermata / arresto;Fiat;500 L;Conducente;1974;F;Illeso;0;;Non accertato;
3634102;4;10/01/2018 08:50:00;;VIA FORNACE VIGNOLO;da specificare;;;;prossimità GRA rampa carreggiata esterna;Tamponamento Multiplo;;;;;;;;;;0;0;0;2;;;0;2;Autovettura privata;In marcia / fermata / arresto;Lancia;Y;Conducente;1970;M;Illeso;0;;Non accertato;
3634128;1;09/01/2018 21:20:00;Strada Urbana;PIAZZA DI PORTA CAPENA;all'intersezione semaforizzata con;VIA DEI CERCHI;VIA DEI CERCHI;;;Scontro laterale fra veicoli in marcia;Intersezione semaforizzata;Una carreggiata a doppio senso;Bagnato (pioggia);Asfaltata;Verticale ed orizzontale;Pioggia in atto;Normale;Sufficiente;Sufficiente;0;0;0;3;;;0;1;Autovettura privata;In marcia / fermata / arresto;Opel;Meriva;Conducente;1934;M;Illeso;0;;Non accertato;
3634128;1;09/01/2018 21:20:00;Strada Urbana;PIAZZA DI PORTA CAPENA;all'intersezione semaforizzata con;VIA DEI CERCHI;VIA DEI CERCHI;;;Scontro laterale fra veicoli in marcia;Intersezione semaforizzata;Una carreggiata a doppio senso;Bagnato (pioggia);Asfaltata;Verticale ed orizzontale;Pioggia in atto;Normale;Sufficiente;Sufficiente;0;0;0;3;;;0;2;Autovettura privata;In marcia / fermata / arresto;Peugeot;208;Conducente;1995;M;Illeso;0;;Non accertato;
3634128;1;09/01/2018 21:20:00;Strada Urbana;PIAZZA DI PORTA CAPENA;all'intersezione semaforizzata con;VIA DEI CERCHI;VIA DEI CERCHI;;;Scontro laterale fra veicoli in marcia;Intersezione semaforizzata;Una carreggiata a doppio senso;Bagnato (pioggia);Asfaltata;Verticale ed orizzontale;Pioggia in atto;Normale;Sufficiente;Sufficiente;0;0;0;3;;;0;2;Autovettura privata;In marcia / fermata / arresto;Peugeot;208;Passeggero;1996;M;Illeso;0;;Non accertato;
3634134;6;11/01/2018 08:00:00;;VIALE PARTENOPE;all'intersezione con;VIA MARCIANISE;VIA MARCIANISE;;;Investimento di pedone;;;;;;;;;;1;0;0;1;;;0;;;;;;Pedone;1984;F;Rimandato;0;NON DECEDUTO;;
3634134;6;11/01/2018 08:00:00;;VIALE PARTENOPE;all'intersezione con;VIA MARCIANISE;VIA MARCIANISE;;;Investimento di pedone;;;;;;;;;;1;0;0;1;;;0;1;Motociclo a solo;In marcia / fermata / arresto;Sanyang;HD200;Conducente;1980;F;Illeso;0;;;
3634169;1;10/01/2018 17:00:00;Strada Urbana;VIA BENIAMINO FRANKLIN;da specificare;;;;in prossimita' ALBERO 23;Investimento di pedone;Rettilineo;Una carreggiata a doppio senso;Asciutto;Asfaltata;Verticale ed orizzontale;Sereno;Normale;Sufficiente;Sufficiente;1;0;0;1;;;0;;;;;;Pedone;1956;M;Rimandato;0;NON DECEDUTO;;
3634169;1;10/01/2018 17:00:00;Strada Urbana;VIA BENIAMINO FRANKLIN;da specificare;;;;in prossimita' ALBERO 23;Investimento di pedone;Rettilineo;Una carreggiata a doppio senso;Asciutto;Asfaltata;Verticale ed orizzontale;Sereno;Normale;Sufficiente;Sufficiente;1;0;0;1;;;0;1;Autovettura privata;In marcia / fermata / arresto;Mercedes;Classe A;Conducente;1984;M;Illeso;0;;Non accertato;
3634181;20;11/01/2018 09:05:00;Strada Urbana;VIA JONAS EDWARD SALK;da specificare;;;;dir. Grottarossa 300 metri prima civ. 80;Tamponamento Multiplo;Rettilineo;Una carreggiata a doppio senso;Bagnato (pioggia);Asfaltata;Orizzontale;Nuvoloso;Scarso;Buona;Ore Diurne;0;0;0;3;12,48251;41,98765;-1;1;Autovettura privata;In marcia / fermata / arresto;Fiat;Punto;Conducente;1983;M;Illeso;0;;Non accertato;Inesploso
3634181;20;11/01/2018 09:05:00;Strada Urbana;VIA JONAS EDWARD SALK;da specificare;;;;dir. Grottarossa 300 metri prima civ. 80;Tamponamento Multiplo;Rettilineo;Una carreggiata a doppio senso;Bagnato (pioggia);Asfaltata;Orizzontale;Nuvoloso;Scarso;Buona;Ore Diurne;0;0;0;3;12,48251;41,98765;-1;2;Autovettura privata;In marcia / fermata / arresto;Opel;Astra;Conducente;1984;M;Illeso;0;;Non accertato;Inesploso
3634181;20;11/01/2018 09:05:00;Strada Urbana;VIA JONAS EDWARD SALK;da specificare;;;;dir. Grottarossa 300 metri prima civ. 80;Tamponamento Multiplo;Rettilineo;Una carreggiata a doppio senso;Bagnato (pioggia);Asfaltata;Orizzontale;Nuvoloso;Scarso;Buona;Ore Diurne;0;0;0;3;12,48251;41,98765;-1;3;Autovettura privata;In marcia / fermata / arresto;BMW;X1;Conducente;1964;M;Illeso;0;;Non accertato;Inesploso
3634191;1;10/01/2018 20:20:00;Strada Urbana;VIA CESARE BATTISTI;all'intersezione con;PIAZZA VENEZIA;PIAZZA VENEZIA;;;Scontro laterale fra veicoli in marcia;Intersezione non regolata/non segnalata;Una carreggiata a doppio senso;Asciutto;Asfaltata;Verticale ed orizzontale;Sereno;Normale;Sufficiente;Sufficiente;0;0;0;2;;;0;1;Autovettura privata;In marcia / fermata / arresto;Mercedes;Smart;Conducente;1988;F;Illeso;0;;Non accertato;
3634191;1;10/01/2018 20:20:00;Strada Urbana;VIA CESARE BATTISTI;all'intersezione con;PIAZZA VENEZIA;PIAZZA VENEZIA;;;Scontro laterale fra veicoli in marcia;Intersezione non regolata/non segnalata;Una carreggiata a doppio senso;Asciutto;Asfaltata;Verticale ed orizzontale;Sereno;Normale;Sufficiente;Sufficiente;0;0;0;2;;;0;2;Autovettura privata;In marcia / fermata / arresto;Mercedes;Smart;Conducente;1959;F;Illeso;0;;Non accertato;
3634207;4;10/01/2018 09:20:00;;VIA SALARIA;in corrispondenza;;del civico n.;1424;;Scontro frontale/laterale DX fra veicoli in marcia;;;;;;;;;;0;0;0;2;;;0;1;Autovettura privata;In marcia / fermata / arresto;Toyota;Aygo;Conducente;1959;F;Illeso;0;;Non accertato;
3634207;4;10/01/2018 09:20:00;;VIA SALARIA;in corrispondenza;;del civico n.;1424;;Scontro frontale/laterale DX fra veicoli in marcia;;;;;;;;;;0;0;0;2;;;0;2;Autovettura privata;In marcia / fermata / arresto;Nissan;Micra;Conducente;1982;F;Illeso;0;;Non accertato;
3634242;7;11/01/2018 00:15:00;;VIA DEI CASTANI;all'intersezione con;VIA DELLE ROBINIE;VIA DELLE ROBINIE;;;Scontro frontale/laterale SX fra veicoli in marcia;;;;;;;;;;0;0;0;2;;;0;1;Autobus di linea;In marcia / fermata / arresto;TEMSA;(ignoto);Conducente;1974;M;Illeso;0;;;
3634242;7;11/01/2018 00:15:00;;VIA DEI CASTANI;all'intersezione con;VIA DELLE ROBINIE;VIA DELLE ROBINIE;;;Scontro frontale/laterale SX fra veicoli in marcia;;;;;;;;;;0;0;0;2;;;0;2;Autovettura privata;In marcia / fermata / arresto;Renault;Modus;Conducente;1977;F;Illeso;0;;;
3634250;7;10/01/2018 12:20:00;Strada Urbana;VIA DEI GELSI;in corrispondenza;;del civico n.;163;;Veicolo in marcia contro veicolo fermo;Rettilineo;Una carreggiata a doppio senso;Asciutto;Asfaltata;Assente;Sereno;Normale;Buona;Ore Diurne;0;0;0;5;12,57338;41,89014;0;1;Autovettura privata;In marcia / fermata / arresto;Toyota;Auris;Conducente;1964;M;Illeso;0;;Non accertato;Inesploso
3634250;7;10/01/2018 12:20:00;Strada Urbana;VIA DEI GELSI;in corrispondenza;;del civico n.;163;;Veicolo in marcia contro veicolo fermo;Rettilineo;Una carreggiata a doppio senso;Asciutto;Asfaltata;Assente;Sereno;Normale;Buona;Ore Diurne;0;0;0;5;12,57338;41,89014;0;1;Autovettura privata;In marcia / fermata / arresto;Toyota;Auris;Passeggero;1977;F;Illeso;0;;;
3634250;7;10/01/2018 12:20:00;Strada Urbana;VIA DEI GELSI;in corrispondenza;;del civico n.;163;;Veicolo in marcia contro veicolo fermo;Rettilineo;Una carreggiata a doppio senso;Asciutto;Asfaltata;Assente;Sereno;Normale;Buona;Ore Diurne;0;0;0;5;12,57338;41,89014;0;1;Autovettura privata;In marcia / fermata / arresto;Toyota;Auris;Passeggero;2015;F;Illeso;0;;;
3634250;7;10/01/2018 12:20:00;Strada Urbana;VIA DEI GELSI;in corrispondenza;;del civico n.;163;;Veicolo in marcia contro veicolo fermo;Rettilineo;Una carreggiata a doppio senso;Asciutto;Asfaltata;Assente;Sereno;Normale;Buona;Ore Diurne;0;0;0;5;12,57338;41,89014;0;1;Autovettura privata;In marcia / fermata / arresto;Toyota;Auris;Passeggero;2017;F;Illeso;0;;;
3634250;7;10/01/2018 12:20:00;Strada Urbana;VIA DEI GELSI;in corrispondenza;;del civico n.;163;;Veicolo in marcia contro veicolo fermo;Rettilineo;Una carreggiata a doppio senso;Asciutto;Asfaltata;Assente;Sereno;Normale;Buona;Ore Diurne;0;0;0;5;12,57338;41,89014;0;2;Autocarro inferiore 35 q.;In marcia / fermata / arresto;Mercedes;Sprinter;Conducente;1984;F;Illeso;0;;Non accertato;Inesploso
3634264;4;10/01/2018 09:40:00;;VIA DELLA CESARINA;da specificare;;;;prossimità VIA DI TOR SAN GIOVANNI;Veicolo in marcia contro ostacolo accidentale;;;;;;;;;;0;0;0;1;;;0;1;Autovettura privata;In marcia / fermata / arresto;Ford;Focus;Conducente;1976;M;Illeso;0;;Non accertato;
3634275;1;10/01/2018 23:45:00;Strada Urbana;VIA GOITO;all'intersezione con;VIA GAETA;VIA GAETA;;;Scontro frontale/laterale SX fra veicoli in marcia;Incrocio;Una carreggiata a doppio senso;Asciutto;Asfaltata;Verticale ed orizzontale;Sereno;Scarso;Buona;Sufficiente;0;0;0;2;;;0;1;Autovettura pubblica;In marcia / fermata / arresto;Toyota;prius;Conducente;1965;M;Illeso;0;;Non accertato;
3634275;1;10/01/2018 23:45:00;Strada Urbana;VIA GOITO;all'intersezione con;VIA GAETA;VIA GAETA;;;Scontro frontale/laterale SX fra veicoli in marcia;Incrocio;Una carreggiata a doppio senso;Asciutto;Asfaltata;Verticale ed orizzontale;Sereno;Scarso;Buona;Sufficiente;0;0;0;2;;;0;2;Autovettura privata;In marcia / fermata / arresto;Opel;AGILA;Conducente;1967;F;Illeso;0;;Non accertato;