Protocollo;Gruppo;DataOraIncidente;Localizzazione1;STRADA1;Localizzazione2;STRADA2;Strada02;Chilometrica;DaSpecificare;NaturaIncidente;particolaritastrade;TipoStrada;FondoStradale;Pavimentazione;Segnaletica;CondizioneAtmosferica;Traffico;Visibilita;Illuminazione;NUM_FERITI;NUM_RISERVATA;NUM_MORTI;NUM_ILLESI;Longitudine;Latitudine;Confermato;Progressivo;TipoVeicolo;StatoVeicolo;Marca;Modello;TipoPersona;AnnoNascita;Sesso;Tipolesione;Deceduto;DecedutoDopo;CinturaCascoUtilizzato;Airbag;
3635414;13;11/01/2018 14:00:00;;VIA ESCHILO;in prossimità;;del civico n.;191;;Scontro laterale fra veicoli in marcia;;;;;;;;;;1;0;0;1;;;0;1;Autovettura privata;In marcia / fermata / arresto;Daewoo;Matiz;Conducente;1939;M;Illeso;0;;Non accertato;Inesploso
3635414;13;11/01/2018 14:00:00;;VIA ESCHILO;in prossimità;;del civico n.;191;;Scontro laterale fra veicoli in marcia;;;;;;;;;;1;0;0;1;;;0;2;Velocipede;In marcia / fermata / arresto;(non accertato);tipo donna;Conducente;1996;F;Rimandato;0;NON DECEDUTO;Esente;
3635416;18;10/01/2018 19:20:00;Strada Urbana;VIA DI BOCCEA;all'intersezione semaforizzata con;VIA MATTIA BATTISTINI;VIA MATTIA BATTISTINI;;;Veicolo in marcia contro ostacolo accidentale;Incrocio;Due carreggiate;Asciutto;Asfaltata;Verticale ed orizzontale;Sereno;Normale;Buona;Sufficiente;0;0;0;1;12,37296;41,92203;0;1;Ciclomotore;In marcia / fermata / arresto;Piaggio;Liberty;Conducente;1993;F;Illeso;0;;Non accertato;
3635444;13;11/01/2018 18:50:00;;VIA DEL MARE;da specificare;;;;km 17,200;Tamponamento;;;;;;;;;;0;0;0;2;;;0;1;Autovettura privata;In marcia / fermata / arresto;Seat;ALTEA;Conducente;1977;M;Illeso;0;;Non accertato;Inesploso
3635444;13;11/01/2018 18:50:00;;VIA DEL MARE;da specificare;;;;km 17,200;Tamponamento;;;;;;;;;;0;0;0;2;;;0;2;Autovettura privata;In marcia / fermata / arresto;Jeep;Cherokee;Conducente;1981;M;Illeso;0;;Non accertato;Inesploso
3635456;19;11/01/2018 13:10:00;;VIALE DELLE MEDAGLIE D'ORO;in corrispondenza;;del civico n.;240;;Tamponamento;;;;;;;;;;1;0;0;1;;;0;1;Motociclo a solo;In marcia / fermata / arresto;Kimco;People;Conducente;1995;M;Rimandato;0;NON DECEDUTO;;
3635456;19;11/01/2018 13:10:00;;VIALE DELLE MEDAGLIE D'ORO;in corrispondenza;;del civico n.;240;;Tamponamento;;;;;;;;;;1;0;0;1;;;0;2;Autovettura privata;In marcia / fermata / arresto;Toyota;Yaris;Conducente;0;M;Illeso;0;;;
3635463;4;11/01/2018 07:10:00;;VIA DI VALLE MELAINA;all'intersezione semaforizzata con;PIAZZALE JONIO;PIAZZALE JONIO;;;Scontro laterale fra veicoli in marcia;;;;;;;;;;0;0;0;4;12,52585;41,94828;0;1;Veicolo speciale;In marcia / fermata / arresto;Iveco;110/120;Conducente;1974;M;Illeso;0;;;
3635463;4;11/01/2018 07:10:00;;VIA DI VALLE MELAINA;all'intersezione semaforizzata con;PIAZZALE JONIO;PIAZZALE JONIO;;;Scontro laterale fra veicoli in marcia;;;;;;;;;;0;0;0;4;12,52585;41,94828;0;1;Veicolo speciale;In marcia / fermata / arresto;Iveco;110/120;Passeggero;0;M;Illeso;0;;;
3635463;4;11/01/2018 07:10:00;;VIA DI VALLE MELAINA;all'intersezione semaforizzata con;PIAZZALE JONIO;PIAZZALE JONIO;;;Scontro laterale fra veicoli in marcia;;;;;;;;;;0;0;0;4;12,52585;41,94828;0;2;Autovettura privata;In marcia / fermata / arresto;Opel;Astra;Conducente;1978;M;Illeso;0;;;
3635465;12;07/01/2018 05:00:00;Strada Urbana;VIA CRISTOFORO COLOMBO;da specificare;;;;carreg. laterale dir. GRA alt Tre Fontane;Tamponamento;Rettilineo;Più di due carreggiate;Asciutto;Asfaltata;Verticale ed orizzontale;Sereno;Scarso;Buona;Sufficiente;0;0;0;2;12,47548;41,84291;0;1;Autovettura privata;In marcia / fermata / arresto;Opel;Corsa;Conducente;1996;M;Illeso;0;;;
3635465;12;07/01/2018 05:00:00;Strada Urbana;VIA CRISTOFORO COLOMBO;da specificare;;;;carreg. laterale dir. GRA alt Tre Fontane;Tamponamento;Rettilineo;Più di due carreggiate;Asciutto;Asfaltata;Verticale ed orizzontale;Sereno;Scarso;Buona;Sufficiente;0;0;0;2;12,47548;41,84291;0;2;Autovettura privata;In marcia / fermata / arresto;Volkswagen;Golf;Conducente;1994;M;Illeso;0;;;
3635470;17;11/01/2018 17:50:00;Strada Urbana;VIA ANASTASIO II;in prossimità;;del civico n.;329;;Investimento di pedone;Rettilineo;Due carreggiate;Bagnato (umidità in atto);Asfaltata;Verticale ed orizzontale;Nuvoloso;Normale;Sufficiente;Sufficiente;2;0;0;0;;;0;;;;;;Pedone;1936;F;Rimandato;0;NON DECEDUTO;;
3635470;17;11/01/2018 17:50:00;Strada Urbana;VIA ANASTASIO II;in prossimità;;del civico n.;329;;Investimento di pedone;Rettilineo;Due carreggiate;Bagnato (umidità in atto);Asfaltata;Verticale ed orizzontale;Nuvoloso;Normale;Sufficiente;Sufficiente;2;0;0;0;;;0;1;Motociclo a solo;In marcia / fermata / arresto;Honda;SH;Conducente;1993;M;Rimandato;0;NON DECEDUTO;Non accertato;
3635482;4;11/01/2018 10:00:00;Strada Urbana;VIA FILIPPO ANTONIO GUALTERIO;all'intersezione con;VIA GIORGIO LA PIRA;VIA GIORGIO LA PIRA;;;Fuoriuscita dalla sede stradale;Incrocio;Una carreggiata a doppio senso;Bagnato (pioggia);Asfaltata;Assente;Pioggia in atto;Normale;Buona;Ore Diurne;0;0;0;1;12,51982;41,95243;0;1;Autovettura privata;In marcia / fermata / arresto;Nissan;Micra;Conducente;1940;M;Illeso;0;;;
3635499;19;11/01/2018 11:10:00;Strada Urbana;VIA MAFFEO VEGIO;in corrispondenza;;del civico n.;2/a;;Veicolo in marcia contro veicolo in sosta;Curva a visuale libera;Una carreggiata a doppio senso;Bagnato (pioggia);Asfaltata;Verticale ed orizzontale;Nuvoloso;Scarso;Buona;Ore Diurne;0;0;0;1;12,42603;41,94558;0;1;Autosnodato;In marcia / fermata / arresto;Iveco;Magirus;Conducente;1969;M;Illeso;0;;Non accertato;Inesploso
3635508;4;11/01/2018 09:45:00;;VIA DI TOR S. GIOVANNI;in prossimità;;del civico n.;35;;Veicolo in marcia contro veicolo fermo;;;;;;;;;;1;0;0;2;;;0;1;Autovettura privata;In marcia / fermata / arresto;Fiat;Punto;Conducente;1991;M;Illeso;0;;;
3635508;4;11/01/2018 09:45:00;;VIA DI TOR S. GIOVANNI;in prossimità;;del civico n.;35;;Veicolo in marcia contro veicolo fermo;;;;;;;;;;1;0;0;2;;;0;2;Autovettura privata;In marcia / fermata / arresto;Ford;Fiesta;Conducente;1995;M;Illeso;0;;;
3635508;4;11/01/2018 09:45:00;;VIA DI TOR S. GIOVANNI;in prossimità;;del civico n.;35;;Veicolo in marcia contro veicolo fermo;;;;;;;;;;1;0;0;2;;;0;2;Autovettura privata;In marcia / fermata / arresto;Ford;Fiesta;Passeggero;1987;M;Rifiuta cure immediate;0;NON DECEDUTO;;
3635513;16;10/01/2018 04:20:00;;VIA DI BRAVETTA;in prossimità;;del palo luce n.;1;;Veicolo in marcia contro ostacolo fisso;;;;;;;;;;0;0;0;1;;;0;1;Autovettura privata;In marcia / fermata / arresto;Peugeot;206;Conducente;1983;M;Illeso;0;;Non accertato;Inesploso
3635525;19;11/01/2018 12:15:00;Strada Urbana;VIA ANDERSEN;in corrispondenza;;del civico n.;10;;Tamponamento;Rettilineo;Una carreggiata a doppio senso;Bagnato (pioggia);Asfaltata;Assente;Pioggia in atto;Normale;Buona;Ore Diurne;0;0;0;3;12,40514;41,92459;-1;1;Autovettura privata;In marcia / fermata / arresto;Lancia;Ypsilon;Conducente;1982;M;Illeso;0;;;
3635525;19;11/01/2018 12:15:00;Strada Urbana;VIA ANDERSEN;in corrispondenza;;del civico n.;10;;Tamponamento;Rettilineo;Una carreggiata a doppio senso;Bagnato (pioggia);Asfaltata;Assente;Pioggia in atto;Normale;Buona;Ore Diurne;0;0;0;3;12,40514;41,92459;-1;1;Autovettura privata;In marcia / fermata / arresto;Lancia;Ypsilon;Passeggero;1993;M;Illeso;0;;;
3635525;19;11/01/2018 12:15:00;Strada Urbana;VIA ANDERSEN;in corrispondenza;;del civico n.;10;;Tamponamento;Rettilineo;Una carreggiata a doppio senso;Bagnato (pioggia);Asfaltata;Assente;Pioggia in atto;Normale;Buona;Ore Diurne;0;0;0;3;12,40514;41,92459;-1;2;Autovettura privata;In marcia / fermata / arresto;Opel;Meriva-A;Conducente;1963;M;Illeso;0;;;
3635565;13;11/01/2018 19:30:00;;VIA MAR DEI CORALLI;da specificare;;;;ALTEZZA VIA MAR ARABICO;Investimento di pedone;;;;;;;;;;0;0;0;4;;;0;;;;;;Pedone;0;M;Illeso;0;;;
3635565;13;11/01/2018 19:30:00;;VIA MAR DEI CORALLI;da specificare;;;;ALTEZZA VIA MAR ARABICO;Investimento di pedone;;;;;;;;;;0;0;0;4;;;0;1;Autovettura privata;In marcia / fermata / arresto;Fiat;500;Conducente;1989;M;Illeso;0;;Non accertato;Inesploso
3635565;13;11/01/2018 19:30:00;;VIA MAR DEI CORALLI;da specificare;;;;ALTEZZA VIA MAR ARABICO;Investimento di pedone;;;;;;;;;;0;0;0;4;;;0;1;Autovettura privata;In marcia / fermata / arresto;Fiat;500;Passeggero;1986;F;Illeso;0;;Non accertato;Inesploso
3635574;4;11/01/2018 11:30:00;;VIA CONCA D'ORO;in corrispondenza;;del civico n.;356;;Infortunio per sola frenata improvvisa;;;;;;;;;;0;0;0;1;;;0;1;Motociclo a solo;In marcia / fermata / arresto;Piaggio;Verso;Conducente;1970;M;Illeso;0;;;
3635578;19;11/01/2018 08:15:00;Strada Urbana;GALLERIA GIOVANNI XXIII;in prossimità;;della chilometrica;1.5;;Veicolo in marcia contro ostacolo fisso;Galleria illuminata;Una carreggiata a senso unico di marcia;Bagnato (pioggia);Asfaltata;Orizzontale;Pioggia in atto;Normale;Buona;Ore Diurne;1;0;0;0;12,44128;41,94052;-1;1;Autovettura privata;In marcia / fermata / arresto;Ford;Focus;Conducente;1971;M;Rifiuta cure immediate;0;NON DECEDUTO;;
3635596;1;11/01/2018 13:00:00;;VIA RATTAZZI;in corrispondenza;;del civico n.;1;;Veicolo in marcia contro veicolo in sosta;;;;;;;;;;0;0;0;1;;;0;2;Autobus urbano;In marcia / fermata / arresto;(non accertato);(non accertato);Conducente;1969;F;Illeso;0;;;
3635600;19;11/01/2018 10:20:00;Strada Urbana;VIA FEDERICO BORROMEO;in corrispondenza;;del civico n.;67;;Scontro laterale fra veicoli in marcia;Rettilineo;Una carreggiata a doppio senso;Bagnato (pioggia);Asfaltata;Orizzontale;Nuvoloso;Normale;Buona;Ore Diurne;0;0;0;2;12,41473;41,91876;0;1;Autovettura privata;In marcia / fermata / arresto;Fiat;Panda;Conducente;1939;M;Illeso;0;;;
3635600;19;11/01/2018 10:20:00;Strada Urbana;VIA FEDERICO BORROMEO;in corrispondenza;;del civico n.;67;;Scontro laterale fra veicoli in marcia;Rettilineo;Una carreggiata a doppio senso;Bagnato (pioggia);Asfaltata;Orizzontale;Nuvoloso;Normale;Buona;Ore Diurne;0;0;0;2;12,41473;41,91876;0;2;Autovettura privata;In marcia / fermata / arresto;Mercedes;B200;Conducente;1962;M;Illeso;0;;;
3635603;4;11/01/2018 11:45:00;;VIA NOMENTANA;in prossimità;;del civico n.;877;;Tamponamento Multiplo;;;;;;;;;;0;0;0;3;;;0;1;Autovettura privata;In marcia / fermata / arresto;Renault;Megane;Conducente;1969;M;Illeso;0;;;
3635603;4;11/01/2018 11:45:00;;VIA NOMENTANA;in prossimità;;del civico n.;877;;Tamponamento Multiplo;;;;;;;;;;0;0;0;3;;;0;2;Autovettura privata;In marcia / fermata / arresto;Toyota;Yaris;Conducente;1994;M;Illeso;0;;;
3635603;4;11/01/2018 11:45:00;;VIA NOMENTANA;in prossimità;;del civico n.;877;;Tamponamento Multiplo;;;;;;;;;;0;0;0;3;;;0;3;Autovettura privata;In marcia / fermata / arresto;Opel;AGILA;Conducente;1966;M;Illeso;0;;;
3635606;16;10/01/2018 08:30:00;Strada Urbana;VIA AURELIA ANTICA;in corrispondenza;;del civico n.;446;;Infortunio per sola frenata improvvisa;Rettilineo;Una carreggiata a doppio senso;Bagnato (umidità in atto);Asfaltata;Verticale ed orizzontale;Sereno;Normale;Buona;Ore Diurne;1;0;0;1;;;0;1;Autovettura privata;In marcia / fermata / arresto;Fiat;Panda;Conducente;1928;M;Illeso;0;;Non accertato;Inesploso
3635606;16;10/01/2018 08:30:00;Strada Urbana;VIA AURELIA ANTICA;in corrispondenza;;del civico n.;446;;Infortunio per sola frenata improvvisa;Rettilineo;Una carreggiata a doppio senso;Bagnato (umidità in atto);Asfaltata;Verticale ed orizzontale;Sereno;Normale;Buona;Ore Diurne;1;0;0;1;;;0;2;Motociclo a solo;In marcia / fermata / arresto;Yamaha;XCITY;Conducente;1973;M;Ricoverato;0;NON DECEDUTO;;
3635611;4;11/01/2018 12:00:00;;VIA CARLO DOSSI;in corrispondenza;;del civico n.;53;;Veicolo in marcia contro veicolo in sosta;;;;;;;;;;0;0;0;2;12,54633;41,94868;0;1;Autovettura privata;In marcia / fermata / arresto;Land Rover;Freelander;Conducente;1952;M;Illeso;0;;;
3635611;4;11/01/2018 12:00:00;;VIA CARLO DOSSI;in corrispondenza;;del civico n.;53;;Veicolo in marcia contro veicolo in sosta;;;;;;;;;;0;0;0;2;12,54633;41,94868;0;2;Autovettura privata;In marcia / fermata / arresto;Peugeot;206;Conducente;1984;M;Illeso;0;;;
3635632;19;11/01/2018 14:30:00;;VIA TRIONFALE;in corrispondenza;;del civico n.;8242;;Scontro laterale fra veicoli in marcia;;;;;;;;;;0;0;0;2;;;0;1;Autocarro inferiore 35 q.;In marcia / fermata / arresto;Fiat;Doblo;Conducente;1950;M;Illeso;0;;;
3635632;19;11/01/2018 14:30:00;;VIA TRIONFALE;in corrispondenza;;del civico n.;8242;;Scontro laterale fra veicoli in marcia;;;;;;;;;;0;0;0;2;;;0;2;Autovettura privata;In marcia / fermata / arresto;Ford;Fiesta;Conducente;0;M;Illeso;0;;;
3635636;4;11/01/2018 14:20:00;;VIA LUIGI PIRANDELLO;da specificare;;;;prossimità via G. Verga;Scontro laterale fra veicoli in marcia;;;;;;;;;;0;0;0;2;;;0;1;Autocarro inferiore 35 q.;In marcia / fermata / arresto;Citroen;JUMPER;Conducente;1976;M;Illeso;0;;;
3635636;4;11/01/2018 14:20:00;;VIA LUIGI PIRANDELLO;da specificare;;;;prossimità via G. Verga;Scontro laterale fra veicoli in marcia;;;;;;;;;;0;0;0;2;;;0;2;Autovettura privata;In marcia / fermata / arresto;Audi;A3;Conducente;1961;M;Illeso;0;;;
3635641;15;12/01/2018 09:50:00;Strada Urbana;PIAZZA AUGUSTO RIGHI;all'intersezione semaforizzata con;PONTE GUGLIELMO MARCONI;PONTE GUGLIELMO MARCONI;;;Scontro laterale fra veicoli in marcia;Intersezione semaforizzata;Una carreggiata a doppio senso;Bagnato (umidità in atto);Asfaltata;Verticale ed orizzontale;Nuvoloso;Intenso;Buona;Ore Diurne;0;0;0;3;;;0;1;Autobus di linea;In marcia / fermata / arresto;Fiat Iveco;(non accertato);Conducente;1983;M;Illeso;0;;Non accertato;Inesistente
3635641;15;12/01/2018 09:50:00;Strada Urbana;PIAZZA AUGUSTO RIGHI;all'intersezione semaforizzata con;PONTE GUGLIELMO MARCONI;PONTE GUGLIELMO MARCONI;;;Scontro laterale fra veicoli in marcia;Intersezione semaforizzata;Una carreggiata a doppio senso;Bagnato (umidità in atto);Asfaltata;Verticale ed orizzontale;Nuvoloso;Intenso;Buona;Ore Diurne;0;0;0;3;;;0;2;Autovettura privata;In marcia / fermata / arresto;Mazda;3;Conducente;1947;M;Illeso;0;;;
3635641;15;12/01/2018 09:50:00;Strada Urbana;PIAZZA AUGUSTO RIGHI;all'intersezione semaforizzata con;PONTE GUGLIELMO MARCONI;PONTE GUGLIELMO MARCONI;;;Scontro laterale fra veicoli in marcia;Intersezione semaforizzata;Una carreggiata a doppio senso;Bagnato (umidità in atto);Asfaltata;Verticale ed orizzontale;Nuvoloso;Intenso;Buona;Ore Diurne;0;0;0;3;;;0;2;Autovettura privata;In marcia / fermata / arresto;Mazda;3;Passeggero;1948;M;Illeso;0;;Non accertato;Inesploso
3635650;2;12/01/2018 06:50:00;;VIA ARBIA;all'intersezione con;VIA FOGLIANO;VIA FOGLIANO;;;Infortunio per sola frenata improvvisa;;;;;;;;;;1;0;0;1;;;0;1;Motociclo a solo;In marcia / fermata / arresto;Honda;SH;Conducente;1968;F;Rimandato;0;NON DECEDUTO;;
3635650;2;12/01/2018 06:50:00;;VIA ARBIA;all'intersezione con;VIA FOGLIANO;VIA FOGLIANO;;;Infortunio per sola frenata improvvisa;;;;;;;;;;1;0;0;1;;;0;2;Autovettura privata;In marcia / fermata / arresto;Citroen;Xsara Picasso;Conducente;1966;M;Illeso;0;;;
3635653;7;11/01/2018 22:10:00;Strada Urbana;VIALE DUILIO CAMBELLOTTI;all'intersezione con;VIA MICHELE BUONORI;VIA MICHELE BUONORI;;;Scontro frontale/laterale DX fra veicoli in marcia;Incrocio;Due carreggiate;Bagnato (pioggia);Asfaltata;Verticale ed orizzontale;Nuvoloso;Scarso;Buona;Sufficiente;0;0;0;2;12,63079;41,86816;0;1;Autovettura di polizia;In marcia / fermata / arresto;Seat;Leon;Conducente;1991;M;Illeso;0;;Non accertato;Inesploso
3635653;7;11/01/2018 22:10:00;Strada Urbana;VIALE DUILIO CAMBELLOTTI;all'intersezione con;VIA MICHELE BUONORI;VIA MICHELE BUONORI;;;Scontro frontale/laterale DX fra veicoli in marcia;Incrocio;Due carreggiate;Bagnato (pioggia);Asfaltata;Verticale ed orizzontale;Nuvoloso;Scarso;Buona;Sufficiente;0;0;0;2;12,63079;41,86816;0;2;Autovettura privata;In marcia / fermata / arresto;Mercedes;Smart Fortwo;Conducente;1992;M;Illeso;0;;Non accertato;Inesploso
3635655;4;11/01/2018 17:30:00;;VIA DI VALLE MELAINA;all'intersezione semaforizzata con;VIA MONTE CERVIALTO;VIA MONTE CERVIALTO;;;Scontro laterale fra veicoli in marcia;;;;;;;;;;0;0;0;3;;;0;1;Autovettura privata;In marcia / fermata / arresto;Fiat;500;Conducente;1993;F;Illeso;0;;;
3635655;4;11/01/2018 17:30:00;;VIA DI VALLE MELAINA;all'intersezione semaforizzata con;VIA MONTE CERVIALTO;VIA MONTE CERVIALTO;;;Scontro laterale fra veicoli in marcia;;;;;;;;;;0;0;0;3;;;0;1;Autovettura privata;In marcia / fermata / arresto;Fiat;500;Passeggero;1991;M;Illeso;0;;;
3635655;4;11/01/2018 17:30:00;;VIA DI VALLE MELAINA;all'intersezione semaforizzata con;VIA MONTE CERVIALTO;VIA MONTE CERVIALTO;;;Scontro laterale fra veicoli in marcia;;;;;;;;;;0;0;0;3;;;0;2;Autovettura privata;In marcia / fermata / arresto;Jeep;Renegade;Conducente;1973;M;Illeso;0;;;
3635661;16;10/01/2018 09:05:00;;VIA DI DONNA OLIMPIA;da specificare;;;;fronte civico 223;Investimento di pedone;;;;;;;;;;1;0;0;1;12,45353;41,87674;0;;;;;;Pedone;1938;F;Rimandato;0;NON DECEDUTO;;
3635661;16;10/01/2018 09:05:00;;VIA DI DONNA OLIMPIA;da specificare;;;;fronte civico 223;Investimento di pedone;;;;;;;;;;1;0;0;1;12,45353;41,87674;0;1;Motociclo a solo;In marcia / fermata / arresto;Yamaha;XCITY;Conducente;0;M;Illeso;0;;;
3635665;4;11/01/2018 18:00:00;;VIA SALARIA;in corrispondenza;;del civico n.;1392;;Scontro frontale/laterale DX fra veicoli in marcia;;;;;;;;;;0;0;0;2;;;0;1;Autovettura privata;In marcia / fermata / arresto;Volkswagen;Golf;Conducente;1982;M;Illeso;0;;;
3635665;4;11/01/2018 18:00:00;;VIA SALARIA;in corrispondenza;;del civico n.;1392;;Scontro frontale/laterale DX fra veicoli in marcia;;;;;;;;;;0;0;0;2;;;0;2;Autocarro inferiore 35 q.;In marcia / fermata / arresto;Volkswagen;Caddy;Conducente;1989;M;Illeso;0;;;
3635688;16;10/01/2018 17:30:00;;VIA GIACINTO CARINI;in prossimità;;del palo luce n.;1;;Investimento di pedone;;;;;;;;;;1;0;0;1;12,46094;41,88518;0;;;;;;Pedone;0;M;Ricoverato;0;NON DECEDUTO;;
3635688;16;10/01/2018 17:30:00;;VIA GIACINTO CARINI;in prossimità;;del palo luce n.;1;;Investimento di pedone;;;;;;;;;;1;0;0;1;12,46094;41,88518;0;1;Autovettura privata;In marcia / fermata / arresto;Citroen;Xara;Conducente;0;M;Illeso;0;;;
3635692;16;11/01/2018 05:50:00;;LARGO GAETANO LA LOGGIA;all'intersezione semaforizzata con;VIA PORTUENSE;VIA PORTUENSE;;;Scontro laterale fra veicoli in marcia;;;;;;;;;;1;0;0;1;;;0;1;Autovettura pubblica;In marcia / fermata / arresto;Toyota;prius;Conducente;1962;M;Illeso;0;;Non accertato;Inesploso
3635692;16;11/01/2018 05:50:00;;LARGO GAETANO LA LOGGIA;all'intersezione semaforizzata con;VIA PORTUENSE;VIA PORTUENSE;;;Scontro laterale fra veicoli in marcia;;;;;;;;;;1;0;0;1;;;0;2;Autovettura privata;In marcia / fermata / arresto;Fiat;Panda;Conducente;1970;F;Rimandato;0;NON DECEDUTO;;
3635706;16;11/01/2018 06:45:00;;VIALE DEI COLLI PORTUENSI;all'intersezione semaforizzata con;VIA ROBERTO ALESSANDRI;VIA ROBERTO ALESSANDRI;;;Scontro frontale/laterale DX fra veicoli in marcia;;;;;;;;;;0;0;0;2;12,44404;41,86675;0;1;Autovettura privata;In marcia / fermata / arresto;Toyota;Toyota Yaris hybrid;Conducente;0;F;Illeso;0;;;
3635706;16;11/01/2018 06:45:00;;VIALE DEI COLLI PORTUENSI;all'intersezione semaforizzata con;VIA ROBERTO ALESSANDRI;VIA ROBERTO ALESSANDRI;;;Scontro frontale/laterale DX fra veicoli in marcia;;;;;;;;;;0;0;0;2;12,44404;41,86675;0;2;Autovettura privata;In marcia / fermata / arresto;Fiat;Panda;Conducente;0;M;Illeso;0;;;
3635713;16;11/01/2018 16:10:00;;VIA FEDERICO OZANAM;all'intersezione con;VIA FRANCESCO CATEL;VIA FRANCESCO CATEL;;;Scontro frontale/laterale SX fra veicoli in marcia;;;;;;;;;;0;0;0;3;;;0;1;Autovettura privata;In marcia / fermata / arresto;Ford;Focus;Conducente;1969;F;Illeso;0;;Non accertato;Inesploso
3635713;16;11/01/2018 16:10:00;;VIA FEDERICO OZANAM;all'intersezione con;VIA FRANCESCO CATEL;VIA FRANCESCO CATEL;;;Scontro frontale/laterale SX fra veicoli in marcia;;;;;;;;;;0;0;0;3;;;0;2;Autovettura privata;In marcia / fermata / arresto;Fiat;Panda;Conducente;1956;M;Illeso;0;;;
3635713;16;11/01/2018 16:10:00;;VIA FEDERICO OZANAM;all'intersezione con;VIA FRANCESCO CATEL;VIA FRANCESCO CATEL;;;Scontro frontale/laterale SX fra veicoli in marcia;;;;;;;;;;0;0;0;3;;;0;3;Autovettura privata;In marcia / fermata / arresto;Opel;Corsa;Conducente;1939;M;Illeso;0;;;
3635715;4;12/01/2018 02:30:00;;VIA NOMENTANA;all'intersezione con;VIA ARTURO GRAF;VIA ARTURO GRAF;;;Infortunio per sola frenata improvvisa;;;;;;;;;;1;0;0;0;;;0;1;Motociclo a solo;In marcia / fermata / arresto;Yamaha; X enter;Conducente;1987;M;Rifiuta cure immediate;0;NON DECEDUTO;;
3635728;16;11/01/2018 19:30:00;;VIA DI DONNA OLIMPIA;in prossimità;;del civico n.;15/A;;Veicolo in marcia contro veicoli in sosta;;;;;;;;;;0;0;0;1;12,45163;41,87898;0;2;Autovettura privata;In marcia / fermata / arresto;Fiat;Panda;Conducente;1945;M;Illeso;0;;;
3635737;23;11/01/2018 14:15:00;Comunale extraurbana;VIA CRISTOFORO COLOMBO;all'intersezione semaforizzata con;VIA PINDARO;VIA PINDARO;;;Tamponamento;Intersezione stradale segnalata;Più di due carreggiate;Bagnato (pioggia);Asfaltata;Verticale ed orizzontale;Pioggia in atto;Normale;Buona;Ore Diurne;0;0;0;1;12,36976;41,75485;-1;1;Autovettura privata;In marcia / fermata / arresto;Mercedes;Smart Fortwo Coupè;Conducente;1988;M;Illeso;0;;Non accertato;Inesploso
3635745;15;12/01/2018 10:30:00;Strada Urbana;VIA DELLA MAGLIANA;all'intersezione con;VIALE GAETANO ARTURO CROCCO;VIALE GAETANO ARTURO CROCCO;;;Tamponamento;Incrocio;Una carreggiata a doppio senso;Asciutto;Asfaltata;Orizzontale;Nuvoloso;Normale;Buona;Ore Diurne;0;0;0;4;12,3954;41,82147;0;1;Autovettura privata;In marcia / fermata / arresto;Ford;Fusion;Conducente;1988;M;Illeso;0;;Non accertato;Inesploso
3635745;15;12/01/2018 10:30:00;Strada Urbana;VIA DELLA MAGLIANA;all'intersezione con;VIALE GAETANO ARTURO CROCCO;VIALE GAETANO ARTURO CROCCO;;;Tamponamento;Incrocio;Una carreggiata a doppio senso;Asciutto;Asfaltata;Orizzontale;Nuvoloso;Normale;Buona;Ore Diurne;0;0;0;4;12,3954;41,82147;0;1;Autovettura privata;In marcia / fermata / arresto;Ford;Fusion;Passeggero;1986;F;Illeso;0;;Non accertato;Inesploso
3635745;15;12/01/2018 10:30:00;Strada Urbana;VIA DELLA MAGLIANA;all'intersezione con;VIALE GAETANO ARTURO CROCCO;VIALE GAETANO ARTURO CROCCO;;;Tamponamento;Incrocio;Una carreggiata a doppio senso;Asciutto;Asfaltata;Orizzontale;Nuvoloso;Normale;Buona;Ore Diurne;0;0;0;4;12,3954;41,82147;0;1;Autovettura privata;In marcia / fermata / arresto;Ford;Fusion;Passeggero;2015;M;Illeso;0;;Non accertato;Inesistente
3635745;15;12/01/2018 10:30:00;Strada Urbana;VIA DELLA MAGLIANA;all'intersezione con;VIALE GAETANO ARTURO CROCCO;VIALE GAETANO ARTURO CROCCO;;;Tamponamento;Incrocio;Una carreggiata a doppio senso;Asciutto;Asfaltata;Orizzontale;Nuvoloso;Normale;Buona;Ore Diurne;0;0;0;4;12,3954;41,82147;0;2;Autocarro inferiore 35 q.;In marcia / fermata / arresto;Fiat Iveco;35 C-13;Conducente;1960;M;Illeso;0;;Non accertato;Inesploso
3635754;12;01/01/2018 19:30:00;Strada Urbana;VIA CRISTOFORO COLOMBO;da specificare;;;;corsia centrale palo ACEA 952;Veicolo in marcia contro ostacolo fisso;Rettilineo;Due carreggiate;Bagnato (pioggia);Asfaltata;Verticale ed orizzontale;Nuvoloso;Scarso;Buona;Sufficiente;0;0;0;1;12,44314;41,80017;0;1;Autovettura privata;In marcia / fermata / arresto;BMW;320;Conducente;1955;M;Illeso;0;;;
3635757;17;12/01/2018 09:30:00;Strada Urbana;VIA COLA DI RIENZO;in prossimità;;del civico n.;24 -26;;Scontro laterale fra veicoli in marcia;Rettilineo;Una carreggiata a doppio senso;Asciutto;In cubetti di porfido;Verticale ed orizzontale;Nuvoloso;Intenso;Buona;Ore Diurne;0;0;0;4;12,47008;41,90898;0;1;Autovettura privata;In marcia / fermata / arresto;Ford;Fiesta;Conducente;1988;M;Illeso;0;;Non accertato;Inesploso