Protocollo;Gruppo;DataOraIncidente;Localizzazione1;STRADA1;Localizzazione2;STRADA2;Strada02;Chilometrica;DaSpecificare;NaturaIncidente;particolaritastrade;TipoStrada;FondoStradale;Pavimentazione;Segnaletica;CondizioneAtmosferica;Traffico;Visibilita;Illuminazione;NUM_FERITI;NUM_RISERVATA;NUM_MORTI;NUM_ILLESI;Longitudine;Latitudine;Confermato;Progressivo;TipoVeicolo;StatoVeicolo;Marca;Modello;TipoPersona;AnnoNascita;Sesso;Tipolesione;Deceduto;DecedutoDopo;CinturaCascoUtilizzato;Airbag;
3635757;17;12/01/2018 09:30:00;Strada Urbana;VIA COLA DI RIENZO;in prossimità;;del civico n.;24 -26;;Scontro laterale fra veicoli in marcia;Rettilineo;Una carreggiata a doppio senso;Asciutto;In cubetti di porfido;Verticale ed orizzontale;Nuvoloso;Intenso;Buona;Ore Diurne;0;0;0;4;12,47008;41,90898;0;1;Autovettura privata;In marcia / fermata / arresto;Ford;Fiesta;Passeggero;1990;F;Illeso;0;;Non accertato;Inesploso
3635757;17;12/01/2018 09:30:00;Strada Urbana;VIA COLA DI RIENZO;in prossimità;;del civico n.;24 -26;;Scontro laterale fra veicoli in marcia;Rettilineo;Una carreggiata a doppio senso;Asciutto;In cubetti di porfido;Verticale ed orizzontale;Nuvoloso;Intenso;Buona;Ore Diurne;0;0;0;4;12,47008;41,90898;0;1;Autovettura privata;In marcia / fermata / arresto;Ford;Fiesta;Passeggero;2017;F;Illeso;0;;Non accertato;Inesploso
3635757;17;12/01/2018 09:30:00;Strada Urbana;VIA COLA DI RIENZO;in prossimità;;del civico n.;24 -26;;Scontro laterale fra veicoli in marcia;Rettilineo;Una carreggiata a doppio senso;Asciutto;In cubetti di porfido;Verticale ed orizzontale;Nuvoloso;Intenso;Buona;Ore Diurne;0;0;0;4;12,47008;41,90898;0;2;Autocarro inferiore 35 q.;In marcia / fermata / arresto;Citroen;Jamper;Conducente;1972;M;Illeso;0;;Non accertato;Inesploso
3635771;13;11/01/2018 17:35:00;;VIA DEL MARE;in prossimità;;della chilometrica;26.4;;Tamponamento Multiplo;;;;;;;;;;0;0;0;4;;;0;1;Autovettura privata;In marcia / fermata / arresto;Hyundai;Terracan;Conducente;1943;M;Illeso;0;;;
3635771;13;11/01/2018 17:35:00;;VIA DEL MARE;in prossimità;;della chilometrica;26.4;;Tamponamento Multiplo;;;;;;;;;;0;0;0;4;;;0;2;Autovettura privata;In marcia / fermata / arresto;Fiat;Idea;Conducente;1939;M;Illeso;0;;Non accertato;Inesploso
3635771;13;11/01/2018 17:35:00;;VIA DEL MARE;in prossimità;;della chilometrica;26.4;;Tamponamento Multiplo;;;;;;;;;;0;0;0;4;;;0;3;Autovettura privata;In marcia / fermata / arresto;Fiat;Punto;Conducente;1976;M;Illeso;0;;Non accertato;Inesploso
3635771;13;11/01/2018 17:35:00;;VIA DEL MARE;in prossimità;;della chilometrica;26.4;;Tamponamento Multiplo;;;;;;;;;;0;0;0;4;;;0;3;Autovettura privata;In marcia / fermata / arresto;Fiat;Punto;Passeggero;1948;M;Illeso;0;;;
3635801;2;11/01/2018 09:30:00;;VIALE PARIOLI;in prossimità;;del civico n.;158;;Infortunio per sola frenata improvvisa;;;;;;;;;;0;0;0;2;;;0;1;Motociclo a solo;In marcia / fermata / arresto;Honda;-;Conducente;1965;M;Illeso;0;;;
3635801;2;11/01/2018 09:30:00;;VIALE PARIOLI;in prossimità;;del civico n.;158;;Infortunio per sola frenata improvvisa;;;;;;;;;;0;0;0;2;;;0;2;Autovettura privata;In marcia / fermata / arresto;Ford;Fiesta;Conducente;1971;M;Illeso;0;;;
3635802;6;12/01/2018 07:50:00;Strada Urbana;VIALE FILARETE;in corrispondenza;;del civico n.;253;;Veicolo in marcia contro ostacolo fisso;Rettilineo;Una carreggiata a senso unico di marcia;Bagnato (pioggia);Con buche;Assente;Nuvoloso;Normale;Buona;Ore Diurne;0;0;0;1;12,53979;41,87577;-1;1;Autovettura privata;In marcia / fermata / arresto;Opel;AGILA;Conducente;1965;F;Illeso;0;;Non accertato;Inesploso
3635803;2;11/01/2018 09:50:00;;VIA DI S. COSTANZA;in prossimità;;del civico n.;fr. 53;;Infortunio per sola frenata improvvisa;;;;;;;;;;1;0;0;0;;;0;1;Motociclo a solo;In marcia / fermata / arresto;Yamaha;X - MAX;Conducente;1955;M;Rimandato;0;NON DECEDUTO;;
3635807;2;11/01/2018 22:15:00;;VIA DI GROTTAROSSA;in prossimità;;del civico n.;fr. 6;;Veicolo in marcia contro ostacolo accidentale;;;;;;;;;;0;0;0;1;;;0;1;Autovettura privata;In marcia / fermata / arresto;Fiat;Bravo;Conducente;1992;;Illeso;0;;;
3635842;2;12/01/2018 09:40:00;;VIALE REGINA MARGHERITA;all'intersezione semaforizzata con;PIAZZA REGINA MARGHERITA;PIAZZA REGINA MARGHERITA;;;Tamponamento;;;;;;;;;;0;0;0;3;;;0;1;Autovettura privata;In marcia / fermata / arresto;Citroen;C3 Picasso;Conducente;1960;F;Illeso;0;;;
3635842;2;12/01/2018 09:40:00;;VIALE REGINA MARGHERITA;all'intersezione semaforizzata con;PIAZZA REGINA MARGHERITA;PIAZZA REGINA MARGHERITA;;;Tamponamento;;;;;;;;;;0;0;0;3;;;0;2;Autovettura privata;In marcia / fermata / arresto;Ford;Focus;Conducente;1978;M;Illeso;0;;;
3635842;2;12/01/2018 09:40:00;;VIALE REGINA MARGHERITA;all'intersezione semaforizzata con;PIAZZA REGINA MARGHERITA;PIAZZA REGINA MARGHERITA;;;Tamponamento;;;;;;;;;;0;0;0;3;;;0;2;Autovettura privata;In marcia / fermata / arresto;Ford;Focus;Passeggero;1983;F;Illeso;0;;;
3635859;18;12/01/2018 06:55:00;Strada Urbana;VIA DI BOCCEA;in prossimità;;del civico n.;725;;Scontro frontale/laterale DX fra veicoli in marcia;Rettilineo;Una carreggiata a doppio senso;Bagnato (pioggia);Asfaltata;Assente;Pioggia in atto;Normale;Buona;Ore Diurne;1;0;0;2;12,36921;41,92258;0;1;Autovettura privata;In marcia / fermata / arresto;Ford;EcoSport;Conducente;1992;M;Illeso;0;;Non accertato;Inesploso
3635859;18;12/01/2018 06:55:00;Strada Urbana;VIA DI BOCCEA;in prossimità;;del civico n.;725;;Scontro frontale/laterale DX fra veicoli in marcia;Rettilineo;Una carreggiata a doppio senso;Bagnato (pioggia);Asfaltata;Assente;Pioggia in atto;Normale;Buona;Ore Diurne;1;0;0;2;12,36921;41,92258;0;1;Autovettura privata;In marcia / fermata / arresto;Ford;EcoSport;Passeggero;1963;M;Illeso;0;;Non accertato;Inesploso
3635859;18;12/01/2018 06:55:00;Strada Urbana;VIA DI BOCCEA;in prossimità;;del civico n.;725;;Scontro frontale/laterale DX fra veicoli in marcia;Rettilineo;Una carreggiata a doppio senso;Bagnato (pioggia);Asfaltata;Assente;Pioggia in atto;Normale;Buona;Ore Diurne;1;0;0;2;12,36921;41,92258;0;2;Motociclo a solo;In marcia / fermata / arresto;Honda;SH 300;Conducente;1965;M;Rimandato;0;NON DECEDUTO;Non accertato;
3635891;18;10/01/2018 18:45:00;Statale entro l'abitato;VIA AURELIA;da specificare;;;;prossimità Largo PERASSI;Veicolo in marcia contro ostacolo fisso;Rettilineo;Una carreggiata a senso unico di marcia;Asciutto;Asfaltata;Verticale ed orizzontale;Sereno;Normale;Buona;Ore Diurne;1;0;0;2;12,40892;41,88936;0;1;Autovettura privata;In marcia / fermata / arresto;Toyota;Auris;Conducente;1934;M;Rifiuta cure immediate;0;NON DECEDUTO;Non accertato;Inesploso
3635891;18;10/01/2018 18:45:00;Statale entro l'abitato;VIA AURELIA;da specificare;;;;prossimità Largo PERASSI;Veicolo in marcia contro ostacolo fisso;Rettilineo;Una carreggiata a senso unico di marcia;Asciutto;Asfaltata;Verticale ed orizzontale;Sereno;Normale;Buona;Ore Diurne;1;0;0;2;12,40892;41,88936;0;2;Autovettura privata;In marcia / fermata / arresto;Toyota;Yaris;Conducente;1967;F;Illeso;0;;Non accertato;Inesploso
3635891;18;10/01/2018 18:45:00;Statale entro l'abitato;VIA AURELIA;da specificare;;;;prossimità Largo PERASSI;Veicolo in marcia contro ostacolo fisso;Rettilineo;Una carreggiata a senso unico di marcia;Asciutto;Asfaltata;Verticale ed orizzontale;Sereno;Normale;Buona;Ore Diurne;1;0;0;2;12,40892;41,88936;0;2;Autovettura privata;In marcia / fermata / arresto;Toyota;Yaris;Passeggero;2004;F;Illeso;0;;Non accertato;Inesploso
3635895;13;12/01/2018 02:30:00;;VIA GUIDO CALZA;da specificare;;;;prox via tor boacciana;Veicolo in marcia contro ostacolo fisso;;;;;;;;;;1;0;0;0;;;0;1;Autovettura privata;In marcia / fermata / arresto;Ford;Fiesta;Conducente;1996;M;Rimandato;0;NON DECEDUTO;Non accertato;Inesploso
3635951;12;03/01/2018 17:20:00;Strada Urbana;VIALE LIBANO;all'intersezione con;VIA CRISTOFORO COLOMBO;VIA CRISTOFORO COLOMBO;;;Scontro laterale fra veicoli in marcia;Incrocio;Una carreggiata a senso unico di marcia;Asciutto;Asfaltata;Verticale ed orizzontale;Nuvoloso;Normale;Buona;Sufficiente;0;0;0;3;12,46419;41,8219;0;1;Autovettura privata;In marcia / fermata / arresto;Ford;KA;Conducente;1972;M;Illeso;0;;Non accertato;Inesistente
3635951;12;03/01/2018 17:20:00;Strada Urbana;VIALE LIBANO;all'intersezione con;VIA CRISTOFORO COLOMBO;VIA CRISTOFORO COLOMBO;;;Scontro laterale fra veicoli in marcia;Incrocio;Una carreggiata a senso unico di marcia;Asciutto;Asfaltata;Verticale ed orizzontale;Nuvoloso;Normale;Buona;Sufficiente;0;0;0;3;12,46419;41,8219;0;2;Autovettura privata;In marcia / fermata / arresto;Fiat;Panda;Conducente;1959;M;Illeso;0;;;
3635951;12;03/01/2018 17:20:00;Strada Urbana;VIALE LIBANO;all'intersezione con;VIA CRISTOFORO COLOMBO;VIA CRISTOFORO COLOMBO;;;Scontro laterale fra veicoli in marcia;Incrocio;Una carreggiata a senso unico di marcia;Asciutto;Asfaltata;Verticale ed orizzontale;Nuvoloso;Normale;Buona;Sufficiente;0;0;0;3;12,46419;41,8219;0;2;Autovettura privata;In marcia / fermata / arresto;Fiat;Panda;Passeggero;2005;M;Illeso;0;;Non accertato;Inesploso
3636064;15;12/01/2018 11:05:00;;VIA DELLE IDROVORE DELLA MAGLIANA;in corrispondenza;;del civico n.;75A;;Tamponamento;;;;;;;;;;0;0;0;2;;;0;1;Autocarro inferiore 35 q.;In marcia / fermata / arresto;Renault;Kangoo;Conducente;0;M;Illeso;0;;;
3636064;15;12/01/2018 11:05:00;;VIA DELLE IDROVORE DELLA MAGLIANA;in corrispondenza;;del civico n.;75A;;Tamponamento;;;;;;;;;;0;0;0;2;;;0;2;Autovettura privata;In marcia / fermata / arresto;Fiat;600;Conducente;0;M;Illeso;0;;;
3636107;12;12/01/2018 14:00:00;Strada Urbana;VIALE DI VAL FIORITA;in prossimità;;del civico n.;86;;Scontro laterale fra veicoli in marcia;Rettilineo;Una carreggiata a doppio senso;Asciutto;Asfaltata;Orizzontale;Sereno;Normale;Buona;Ore Diurne;1;0;0;1;12,46361;41,83919;-1;1;Motociclo a solo;In marcia / fermata / arresto;Honda;SH 150;Conducente;1996;M;Rimandato;0;NON DECEDUTO;Utilizzato;
3636107;12;12/01/2018 14:00:00;Strada Urbana;VIALE DI VAL FIORITA;in prossimità;;del civico n.;86;;Scontro laterale fra veicoli in marcia;Rettilineo;Una carreggiata a doppio senso;Asciutto;Asfaltata;Orizzontale;Sereno;Normale;Buona;Ore Diurne;1;0;0;1;12,46361;41,83919;-1;2;Autovettura privata;In marcia / fermata / arresto;Fiat;Panda;Conducente;1997;M;Illeso;0;;Utilizzato;Inesploso
3636170;1;11/01/2018 12:30:00;Strada Urbana;VIALE DELLE TERME DI CARACALLA;all'intersezione semaforizzata con;PIAZZALE NUMA POMPILIO;PIAZZALE NUMA POMPILIO;;;Veicolo in marcia contro veicoli fermi;Intersezione semaforizzata;Più di due carreggiate;Bagnato (pioggia);Asfaltata;Verticale ed orizzontale;Nuvoloso;Scarso;Buona;Ore Diurne;1;0;0;2;;;0;1;Autovettura privata;In marcia / fermata / arresto;Mercedes;Smart;Conducente;1973;F;Illeso;0;;Non accertato;
3636170;1;11/01/2018 12:30:00;Strada Urbana;VIALE DELLE TERME DI CARACALLA;all'intersezione semaforizzata con;PIAZZALE NUMA POMPILIO;PIAZZALE NUMA POMPILIO;;;Veicolo in marcia contro veicoli fermi;Intersezione semaforizzata;Più di due carreggiate;Bagnato (pioggia);Asfaltata;Verticale ed orizzontale;Nuvoloso;Scarso;Buona;Ore Diurne;1;0;0;2;;;0;1;Autovettura privata;In marcia / fermata / arresto;Mercedes;Smart;Passeggero;1963;M;Illeso;0;;Non accertato;
3636170;1;11/01/2018 12:30:00;Strada Urbana;VIALE DELLE TERME DI CARACALLA;all'intersezione semaforizzata con;PIAZZALE NUMA POMPILIO;PIAZZALE NUMA POMPILIO;;;Veicolo in marcia contro veicoli fermi;Intersezione semaforizzata;Più di due carreggiate;Bagnato (pioggia);Asfaltata;Verticale ed orizzontale;Nuvoloso;Scarso;Buona;Ore Diurne;1;0;0;2;;;0;2;Motociclo con passeggero;In marcia / fermata / arresto;Honda;SH;Conducente;1962;M;Rimandato;0;NON DECEDUTO;Non accertato;
3636202;1;12/01/2018 08:45:00;Strada Urbana;PIAZZALE NUMA POMPILIO;all'intersezione semaforizzata con;VIALE DELLE TERME DI CARACALLA;VIALE DELLE TERME DI CARACALLA;;;Infortunio per sola frenata improvvisa;Incrocio;Più di due carreggiate;Bagnato (pioggia);Asfaltata;Verticale ed orizzontale;Nuvoloso;Intenso;Buona;Ore Diurne;1;0;0;0;;;0;1;Motociclo con passeggero;In marcia / fermata / arresto;Honda;SH;Conducente;1976;F;Rimandato;0;NON DECEDUTO;Non accertato;
3636233;1;10/01/2018 10:15:00;Strada Urbana;VIALE MANZONI;in prossimità;;del palo luce n.;14;;Scontro laterale fra veicoli in marcia;Rettilineo;Una carreggiata a doppio senso;Asciutto;Asfaltata;Orizzontale;Sereno;Normale;Buona;Ore Diurne;1;0;0;1;;;0;1;Autovettura privata;In marcia / fermata / arresto;Fiat;Panda;Conducente;1968;F;Rimandato;0;NON DECEDUTO;Non accertato;
3636233;1;10/01/2018 10:15:00;Strada Urbana;VIALE MANZONI;in prossimità;;del palo luce n.;14;;Scontro laterale fra veicoli in marcia;Rettilineo;Una carreggiata a doppio senso;Asciutto;Asfaltata;Orizzontale;Sereno;Normale;Buona;Ore Diurne;1;0;0;1;;;0;2;Autovettura privata;In marcia / fermata / arresto;Mercedes;Smart;Conducente;1979;F;Illeso;0;;Non accertato;
3636255;1;11/01/2018 21:00:00;Strada Urbana;VIA PRINCIPE UMBERTO;all'intersezione con;VIA CAIROLI;VIA CAIROLI;;;Scontro frontale/laterale DX fra veicoli in marcia;Incrocio;Una carreggiata a senso unico di marcia;Asciutto;Asfaltata;Verticale ed orizzontale;Nuvoloso;Normale;Buona;Sufficiente;1;0;0;1;12,5089;41,89463;0;1;Autovettura privata;In marcia / fermata / arresto;Toyota;Yaris;Conducente;1991;F;Rifiuta cure immediate;0;NON DECEDUTO;Non accertato;
3636255;1;11/01/2018 21:00:00;Strada Urbana;VIA PRINCIPE UMBERTO;all'intersezione con;VIA CAIROLI;VIA CAIROLI;;;Scontro frontale/laterale DX fra veicoli in marcia;Incrocio;Una carreggiata a senso unico di marcia;Asciutto;Asfaltata;Verticale ed orizzontale;Nuvoloso;Normale;Buona;Sufficiente;1;0;0;1;12,5089;41,89463;0;2;Autovettura privata;In marcia / fermata / arresto;Fiat;Freemont;Conducente;1966;M;Illeso;0;;Non accertato;
3636401;1;12/01/2018 08:50:00;Strada Urbana;VIALE PRETORIANO;all'intersezione semaforizzata con;VIA DEL CASTRO PRETORIO;VIA DEL CASTRO PRETORIO;;;Scontro laterale fra veicoli in marcia;Intersezione semaforizzata;Una carreggiata a doppio senso;Asciutto;Asfaltata;Verticale ed orizzontale;Nuvoloso;Normale;Buona;Ore Diurne;1;0;0;1;;;0;1;Motociclo a solo;In marcia / fermata / arresto;Piaggio;Liberti;Conducente;1969;M;Rimandato;0;NON DECEDUTO;Non accertato;
3636401;1;12/01/2018 08:50:00;Strada Urbana;VIALE PRETORIANO;all'intersezione semaforizzata con;VIA DEL CASTRO PRETORIO;VIA DEL CASTRO PRETORIO;;;Scontro laterale fra veicoli in marcia;Intersezione semaforizzata;Una carreggiata a doppio senso;Asciutto;Asfaltata;Verticale ed orizzontale;Nuvoloso;Normale;Buona;Ore Diurne;1;0;0;1;;;0;2;Autovettura privata;In marcia / fermata / arresto;Audi;(ignoto);Conducente;1994;M;Illeso;0;;;
3636418;10;12/01/2018 16:30:00;Strada Urbana;VIA MARCO CELIO RUFO;in corrispondenza;;del civico n.;10;;Tamponamento;Rettilineo;Due carreggiate;Asciutto;Asfaltata;Verticale ed orizzontale;Sereno;Scarso;Buona;Ore Diurne;0;0;0;3;12,5521;41,86477;0;1;Autovettura privata;In marcia / fermata / arresto;Citroen;C 4;Conducente;1990;M;Illeso;0;;Non accertato;Inesploso
3636418;10;12/01/2018 16:30:00;Strada Urbana;VIA MARCO CELIO RUFO;in corrispondenza;;del civico n.;10;;Tamponamento;Rettilineo;Due carreggiate;Asciutto;Asfaltata;Verticale ed orizzontale;Sereno;Scarso;Buona;Ore Diurne;0;0;0;3;12,5521;41,86477;0;2;Autovettura privata;In marcia / fermata / arresto;Opel;Astra;Conducente;1985;M;Illeso;0;;Non accertato;Inesploso
3636418;10;12/01/2018 16:30:00;Strada Urbana;VIA MARCO CELIO RUFO;in corrispondenza;;del civico n.;10;;Tamponamento;Rettilineo;Due carreggiate;Asciutto;Asfaltata;Verticale ed orizzontale;Sereno;Scarso;Buona;Ore Diurne;0;0;0;3;12,5521;41,86477;0;2;Autovettura privata;In marcia / fermata / arresto;Opel;Astra;Passeggero;1986;M;Illeso;0;;Non accertato;Inesploso
3636419;1;12/01/2018 00:15:00;Strada Urbana;PIAZZALE ARDEATINO;all'intersezione semaforizzata con;VIA COSTANTINO BELTRAMI;VIA COSTANTINO BELTRAMI;;;Scontro frontale/laterale DX fra veicoli in marcia;Incrocio;Una carreggiata a doppio senso;Bagnato (pioggia);Asfaltata;Verticale ed orizzontale;Pioggia in atto;Scarso;Buona;Sufficiente;1;0;0;1;12,48694;41,87648;-1;1;Autovettura privata;In marcia / fermata / arresto;Fiat;600;Conducente;1984;F;Rimandato;0;NON DECEDUTO;Non accertato;
3636419;1;12/01/2018 00:15:00;Strada Urbana;PIAZZALE ARDEATINO;all'intersezione semaforizzata con;VIA COSTANTINO BELTRAMI;VIA COSTANTINO BELTRAMI;;;Scontro frontale/laterale DX fra veicoli in marcia;Incrocio;Una carreggiata a doppio senso;Bagnato (pioggia);Asfaltata;Verticale ed orizzontale;Pioggia in atto;Scarso;Buona;Sufficiente;1;0;0;1;12,48694;41,87648;-1;2;Autovettura privata;In marcia / fermata / arresto;Audi;A5;Conducente;1973;M;Illeso;0;;Non accertato;
3636430;19;12/01/2018 09:30:00;Strada Urbana;VIA MARIO FANI;da specificare;;;;rampa galleria Giovanni XXIII;Tamponamento Multiplo;Curva senza visuale libera;Una carreggiata a senso unico di marcia;Asciutto;Asfaltata;Verticale ed orizzontale;Nuvoloso;Normale;Buona;Ore Diurne;0;0;0;3;12,44139;41,94045;-1;1;Autovettura di polizia;In marcia / fermata / arresto;Renault;Clio;Conducente;1976;M;Illeso;0;;Non accertato;Inesploso
3636430;19;12/01/2018 09:30:00;Strada Urbana;VIA MARIO FANI;da specificare;;;;rampa galleria Giovanni XXIII;Tamponamento Multiplo;Curva senza visuale libera;Una carreggiata a senso unico di marcia;Asciutto;Asfaltata;Verticale ed orizzontale;Nuvoloso;Normale;Buona;Ore Diurne;0;0;0;3;12,44139;41,94045;-1;2;Autovettura privata;In marcia / fermata / arresto;Citroen;C 3;Conducente;1987;F;Illeso;0;;Non accertato;Inesploso
3636430;19;12/01/2018 09:30:00;Strada Urbana;VIA MARIO FANI;da specificare;;;;rampa galleria Giovanni XXIII;Tamponamento Multiplo;Curva senza visuale libera;Una carreggiata a senso unico di marcia;Asciutto;Asfaltata;Verticale ed orizzontale;Nuvoloso;Normale;Buona;Ore Diurne;0;0;0;3;12,44139;41,94045;-1;3;Autovettura privata;In marcia / fermata / arresto;Mercedes;Smart For Two;Conducente;1953;M;Illeso;0;;Non accertato;Inesploso
3636442;19;12/01/2018 09:15:00;;VIA TRIONFALE;all'intersezione con;VIALE MONFORTANI;VIALE MONFORTANI;;;Scontro laterale fra veicoli in marcia;;;;;;;;;;0;0;0;2;;;0;1;Autovettura privata;In marcia / fermata / arresto;Fiat;500;Conducente;0;M;Illeso;0;;;
3636442;19;12/01/2018 09:15:00;;VIA TRIONFALE;all'intersezione con;VIALE MONFORTANI;VIALE MONFORTANI;;;Scontro laterale fra veicoli in marcia;;;;;;;;;;0;0;0;2;;;0;2;Motociclo a solo;In marcia / fermata / arresto;BMW;800 cc.;Conducente;0;M;Illeso;0;;;
3636444;2;12/01/2018 13:10:00;Strada Urbana;VIA DEI CAMPI SPORTIVI;in prossimità;;del civico n.;37;;Veicolo in marcia contro ostacolo accidentale;Rettilineo;Una carreggiata a doppio senso;Asciutto;Asfaltata;Verticale ed orizzontale;Sereno;Normale;Buona;Ore Diurne;0;0;0;1;12,49032;41,93615;-1;1;Autovettura privata;In marcia / fermata / arresto;Mercedes;(ignoto);Conducente;1973;M;Illeso;0;;;
3636531;10;12/01/2018 18:38:00;Strada Urbana;VIA DELLE CAPANNELLE;all'intersezione con;VIA LUCREZIA ROMANA;VIA LUCREZIA ROMANA;;;Scontro frontale/laterale SX fra veicoli in marcia;Intersezione stradale segnalata;Una carreggiata a doppio senso;Asciutto;Asfaltata;Verticale ed orizzontale;Sereno;Normale;Buona;Sufficiente;0;0;0;3;;;0;1;Autovettura privata;In marcia / fermata / arresto;Magyar Suzuki;Wagon R;Conducente;1973;M;Illeso;0;;Non accertato;Inesploso
3636531;10;12/01/2018 18:38:00;Strada Urbana;VIA DELLE CAPANNELLE;all'intersezione con;VIA LUCREZIA ROMANA;VIA LUCREZIA ROMANA;;;Scontro frontale/laterale SX fra veicoli in marcia;Intersezione stradale segnalata;Una carreggiata a doppio senso;Asciutto;Asfaltata;Verticale ed orizzontale;Sereno;Normale;Buona;Sufficiente;0;0;0;3;;;0;1;Autovettura privata;In marcia / fermata / arresto;Magyar Suzuki;Wagon R;Passeggero;1986;M;Illeso;0;;Non accertato;Inesploso
3636531;10;12/01/2018 18:38:00;Strada Urbana;VIA DELLE CAPANNELLE;all'intersezione con;VIA LUCREZIA ROMANA;VIA LUCREZIA ROMANA;;;Scontro frontale/laterale SX fra veicoli in marcia;Intersezione stradale segnalata;Una carreggiata a doppio senso;Asciutto;Asfaltata;Verticale ed orizzontale;Sereno;Normale;Buona;Sufficiente;0;0;0;3;;;0;2;Autovettura privata;In marcia / fermata / arresto;Alfa Romeo;MITO;Conducente;1983;F;Illeso;0;;Non accertato;Inesploso
3636533;13;12/01/2018 14:30:00;;VIA DEL FOSSO DI DRAGONCELLO;all'intersezione con;VIA AGOSTINO CHIGI;VIA AGOSTINO CHIGI;;;Tamponamento;;;;;;;;;;0;0;0;2;12,32991;41,75701;0;1;Autovettura privata;In marcia / fermata / arresto;Lancia;Musa;Conducente;1991;F;Illeso;0;;Non accertato;Inesploso
3636533;13;12/01/2018 14:30:00;;VIA DEL FOSSO DI DRAGONCELLO;all'intersezione con;VIA AGOSTINO CHIGI;VIA AGOSTINO CHIGI;;;Tamponamento;;;;;;;;;;0;0;0;2;12,32991;41,75701;0;2;Autovettura privata;In marcia / fermata / arresto;Ford;Fiesta;Conducente;1968;F;Illeso;0;;Non accertato;Inesploso
3636551;17;12/01/2018 16:20:00;Strada Urbana;VIA TRIONFALE;all'intersezione con;VIALE DEL PARCO MELLINI;VIALE DEL PARCO MELLINI;;;Scontro laterale fra veicoli in marcia;Intersezione stradale segnalata;Una carreggiata a doppio senso;Asciutto;Asfaltata;Verticale ed orizzontale;Nuvoloso;Intenso;Sufficiente;Ore Diurne;1;0;0;0;12,44788;41,92181;0;1;Motociclo a solo;In marcia / fermata / arresto;Sym;(non accertato);Conducente;1976;M;Rimandato;0;NON DECEDUTO;;
3636560;17;12/01/2018 16:00:00;Strada Urbana;VIA DURAZZO;all'intersezione con;VIA UMBERTO NOVARO;VIA UMBERTO NOVARO;;;Scontro laterale fra veicoli in marcia;Intersezione stradale segnalata;Una carreggiata a doppio senso;Asciutto;Asfaltata;Verticale ed orizzontale;Sereno;Normale;Buona;Ore Diurne;0;0;0;3;12,45663;41,92122;0;1;Autovettura privata;In marcia / fermata / arresto;Dacia;Sandero;Conducente;1987;F;Illeso;0;;;
3636560;17;12/01/2018 16:00:00;Strada Urbana;VIA DURAZZO;all'intersezione con;VIA UMBERTO NOVARO;VIA UMBERTO NOVARO;;;Scontro laterale fra veicoli in marcia;Intersezione stradale segnalata;Una carreggiata a doppio senso;Asciutto;Asfaltata;Verticale ed orizzontale;Sereno;Normale;Buona;Ore Diurne;0;0;0;3;12,45663;41,92122;0;2;Autovettura privata;In marcia / fermata / arresto;BMW;X 1;Conducente;1961;F;Illeso;0;;;
3636560;17;12/01/2018 16:00:00;Strada Urbana;VIA DURAZZO;all'intersezione con;VIA UMBERTO NOVARO;VIA UMBERTO NOVARO;;;Scontro laterale fra veicoli in marcia;Intersezione stradale segnalata;Una carreggiata a doppio senso;Asciutto;Asfaltata;Verticale ed orizzontale;Sereno;Normale;Buona;Ore Diurne;0;0;0;3;12,45663;41,92122;0;2;Autovettura privata;In marcia / fermata / arresto;BMW;X 1;Passeggero;1999;M;Illeso;0;;;
3636748;2;12/01/2018 21:05:00;Strada Urbana;LUNGOTEVERE DELL'ACQUA ACETOSA;all'intersezione semaforizzata con;VIA VENEZUELA;VIA VENEZUELA;;;Scontro frontale/laterale SX fra veicoli in marcia;Intersezione semaforizzata;Una carreggiata a doppio senso;Asciutto;Asfaltata;Verticale ed orizzontale;Sereno;Scarso;Buona;Sufficiente;1;0;0;2;;;0;1;Autovettura privata;In marcia / fermata / arresto;Lancia;Ypsilon;Conducente;1998;F;Illeso;0;;;
3636748;2;12/01/2018 21:05:00;Strada Urbana;LUNGOTEVERE DELL'ACQUA ACETOSA;all'intersezione semaforizzata con;VIA VENEZUELA;VIA VENEZUELA;;;Scontro frontale/laterale SX fra veicoli in marcia;Intersezione semaforizzata;Una carreggiata a doppio senso;Asciutto;Asfaltata;Verticale ed orizzontale;Sereno;Scarso;Buona;Sufficiente;1;0;0;2;;;0;1;Autovettura privata;In marcia / fermata / arresto;Lancia;Ypsilon;Passeggero;1998;F;Illeso;0;;;
3636748;2;12/01/2018 21:05:00;Strada Urbana;LUNGOTEVERE DELL'ACQUA ACETOSA;all'intersezione semaforizzata con;VIA VENEZUELA;VIA VENEZUELA;;;Scontro frontale/laterale SX fra veicoli in marcia;Intersezione semaforizzata;Una carreggiata a doppio senso;Asciutto;Asfaltata;Verticale ed orizzontale;Sereno;Scarso;Buona;Sufficiente;1;0;0;2;;;0;2;Motociclo a solo;In marcia / fermata / arresto;Piaggio;Liberty;Conducente;1997;F;Rimandato;0;NON DECEDUTO;;