Protocollo;Gruppo;DataOraIncidente;Localizzazione1;STRADA1;Localizzazione2;STRADA2;Strada02;Chilometrica;DaSpecificare;NaturaIncidente;particolaritastrade;TipoStrada;FondoStradale;Pavimentazione;Segnaletica;CondizioneAtmosferica;Traffico;Visibilita;Illuminazione;NUM_FERITI;NUM_RISERVATA;NUM_MORTI;NUM_ILLESI;Longitudine;Latitudine;Confermato;Progressivo;TipoVeicolo;StatoVeicolo;Marca;Modello;TipoPersona;AnnoNascita;Sesso;Tipolesione;Deceduto;DecedutoDopo;CinturaCascoUtilizzato;Airbag;
3638991;17;14/01/2018 15:00:00;Strada Urbana;VIA DELLA TRASPONTINA;all'intersezione con;BORGO S. ANGELO;BORGO S. ANGELO;;;Scontro laterale fra veicoli in marcia;Intersezione non regolata/non segnalata;Una carreggiata a senso unico di marcia;Asciutto;In cubetti di porfido;Verticale ed orizzontale;Sereno;Normale;Buona;Ore Diurne;0;0;0;4;12,46308;41,90331;0;3;Velocipede;In marcia / fermata / arresto;(non accertato);da corsa;Conducente;1969;M;Illeso;0;;Esente;
3638992;15;14/01/2018 22:30:00;;VIA DEL CASALE ZOLA;da specificare;;;;50 mt dall'int.ne Via Forster;Veicolo in marcia contro ostacolo accidentale;;;;;;;;;;0;0;0;2;;;0;1;Autovettura privata;In marcia / fermata / arresto;Renault;Megane;Conducente;0;M;Illeso;0;;;
3638992;15;14/01/2018 22:30:00;;VIA DEL CASALE ZOLA;da specificare;;;;50 mt dall'int.ne Via Forster;Veicolo in marcia contro ostacolo accidentale;;;;;;;;;;0;0;0;2;;;0;1;Autovettura privata;In marcia / fermata / arresto;Renault;Megane;Passeggero;0;F;Illeso;0;;;
3638995;17;14/01/2018 20:10:00;Strada Urbana;VIA ANDREA DORIA;all'intersezione con;VIA GIORDANO BRUNO;VIA GIORDANO BRUNO;;;Investimento di pedone;Incrocio;Una carreggiata a doppio senso;Asciutto;Asfaltata;Verticale ed orizzontale;Sereno;Scarso;Buona;Sufficiente;0;0;0;3;12,4531;41,90999;0;;;;;;Pedone;0;F;Illeso;0;;;
3638995;17;14/01/2018 20:10:00;Strada Urbana;VIA ANDREA DORIA;all'intersezione con;VIA GIORDANO BRUNO;VIA GIORDANO BRUNO;;;Investimento di pedone;Incrocio;Una carreggiata a doppio senso;Asciutto;Asfaltata;Verticale ed orizzontale;Sereno;Scarso;Buona;Sufficiente;0;0;0;3;12,4531;41,90999;0;1;Autovettura privata;In marcia / fermata / arresto;Fiat;500;Conducente;1999;F;Illeso;0;;;
3638995;17;14/01/2018 20:10:00;Strada Urbana;VIA ANDREA DORIA;all'intersezione con;VIA GIORDANO BRUNO;VIA GIORDANO BRUNO;;;Investimento di pedone;Incrocio;Una carreggiata a doppio senso;Asciutto;Asfaltata;Verticale ed orizzontale;Sereno;Scarso;Buona;Sufficiente;0;0;0;3;12,4531;41,90999;0;1;Autovettura privata;In marcia / fermata / arresto;Fiat;500;Passeggero;1999;M;Illeso;0;;;
3638997;5;12/01/2018 09:45:00;Strada Urbana;VIA DEI MONTI TIBURTINI;in corrispondenza;;del civico n.;601;;Scontro laterale fra veicoli in marcia;Rettilineo;Due carreggiate;Asciutto;Asfaltata;Verticale ed orizzontale;Nuvoloso;Normale;Sufficiente;Ore Diurne;1;0;0;2;12,5485;41,91534;0;1;Autovettura privata;In marcia / fermata / arresto;Volkswagen;Golf;Conducente;1967;M;Illeso;0;;Non accertato;Inesploso
3638997;5;12/01/2018 09:45:00;Strada Urbana;VIA DEI MONTI TIBURTINI;in corrispondenza;;del civico n.;601;;Scontro laterale fra veicoli in marcia;Rettilineo;Due carreggiate;Asciutto;Asfaltata;Verticale ed orizzontale;Nuvoloso;Normale;Sufficiente;Ore Diurne;1;0;0;2;12,5485;41,91534;0;1;Autovettura privata;In marcia / fermata / arresto;Volkswagen;Golf;Passeggero;2000;M;Illeso;0;;Non accertato;Inesploso
3638997;5;12/01/2018 09:45:00;Strada Urbana;VIA DEI MONTI TIBURTINI;in corrispondenza;;del civico n.;601;;Scontro laterale fra veicoli in marcia;Rettilineo;Due carreggiate;Asciutto;Asfaltata;Verticale ed orizzontale;Nuvoloso;Normale;Sufficiente;Ore Diurne;1;0;0;2;12,5485;41,91534;0;2;Motociclo a solo;In marcia / fermata / arresto;Honda;Silver Wing;Conducente;1956;M;Rimandato;0;NON DECEDUTO;Non accertato;
3639005;4;13/01/2018 18:05:00;;VIA MONTE CERVIALTO;in prossimità;;del civico n.;41;;Scontro laterale fra veicoli in marcia;;;;;;;;;;0;0;0;2;12,5259;41,95077;0;1;Motociclo a solo;In marcia / fermata / arresto;Honda;Forza;Conducente;1967;F;Illeso;0;;;
3639005;4;13/01/2018 18:05:00;;VIA MONTE CERVIALTO;in prossimità;;del civico n.;41;;Scontro laterale fra veicoli in marcia;;;;;;;;;;0;0;0;2;12,5259;41,95077;0;2;Motociclo a solo;In marcia / fermata / arresto;Honda;SH 150;Conducente;1991;M;Illeso;0;;;
3639015;18;12/01/2018 13:45:00;Strada Urbana;PIAZZA PIO XI;all'intersezione semaforizzata con;VIA LEONE XIII;VIA LEONE XIII;;;Scontro frontale/laterale SX fra veicoli in marcia;Intersezione semaforizzata;Più di due carreggiate;Asciutto;Asfaltata;Verticale ed orizzontale;Sereno;Normale;Buona;Ore Diurne;0;0;0;4;12,43849;41,89504;0;1;Autovettura di polizia;In marcia / fermata / arresto;Renault;Clio;Conducente;0;M;Illeso;0;;;
3639015;18;12/01/2018 13:45:00;Strada Urbana;PIAZZA PIO XI;all'intersezione semaforizzata con;VIA LEONE XIII;VIA LEONE XIII;;;Scontro frontale/laterale SX fra veicoli in marcia;Intersezione semaforizzata;Più di due carreggiate;Asciutto;Asfaltata;Verticale ed orizzontale;Sereno;Normale;Buona;Ore Diurne;0;0;0;4;12,43849;41,89504;0;1;Autovettura di polizia;In marcia / fermata / arresto;Renault;Clio;Passeggero;0;M;Illeso;0;;;
3639015;18;12/01/2018 13:45:00;Strada Urbana;PIAZZA PIO XI;all'intersezione semaforizzata con;VIA LEONE XIII;VIA LEONE XIII;;;Scontro frontale/laterale SX fra veicoli in marcia;Intersezione semaforizzata;Più di due carreggiate;Asciutto;Asfaltata;Verticale ed orizzontale;Sereno;Normale;Buona;Ore Diurne;0;0;0;4;12,43849;41,89504;0;2;Autovettura privata;In marcia / fermata / arresto;Opel;KARL;Conducente;0;M;Illeso;0;;;
3639015;18;12/01/2018 13:45:00;Strada Urbana;PIAZZA PIO XI;all'intersezione semaforizzata con;VIA LEONE XIII;VIA LEONE XIII;;;Scontro frontale/laterale SX fra veicoli in marcia;Intersezione semaforizzata;Più di due carreggiate;Asciutto;Asfaltata;Verticale ed orizzontale;Sereno;Normale;Buona;Ore Diurne;0;0;0;4;12,43849;41,89504;0;2;Autovettura privata;In marcia / fermata / arresto;Opel;KARL;Passeggero;0;F;Illeso;0;;;
3639018;5;13/01/2018 15:55:00;;VIA LUIGI VITTORIO BERTARELLI;all'intersezione con;VIA TIBURTINA;VIA TIBURTINA;;;Investimento di pedone;;;;;;;;;;0;0;0;1;12,53479;41,90806;0;;;;;;Pedone;0;M;Illeso;0;;;
3639024;5;13/01/2018 10:00:00;Strada Urbana;VIALE EGIDIO GALBANI;all'intersezione con;VIA SCHOPENHAUER;VIA SCHOPENHAUER;;;Tamponamento Multiplo;Incrocio;Due carreggiate;Asciutto;Asfaltata;Orizzontale;Sereno;Normale;Buona;Ore Diurne;0;0;0;3;12,55759;41,93305;-1;1;Autovettura privata;In marcia / fermata / arresto;Nissan;QASHQAI;Conducente;1978;M;Illeso;0;;Non accertato;
3639024;5;13/01/2018 10:00:00;Strada Urbana;VIALE EGIDIO GALBANI;all'intersezione con;VIA SCHOPENHAUER;VIA SCHOPENHAUER;;;Tamponamento Multiplo;Incrocio;Due carreggiate;Asciutto;Asfaltata;Orizzontale;Sereno;Normale;Buona;Ore Diurne;0;0;0;3;12,55759;41,93305;-1;2;Autovettura privata;In marcia / fermata / arresto;Citroen;Saxo;Conducente;1972;M;Illeso;0;;Non accertato;Inesploso
3639024;5;13/01/2018 10:00:00;Strada Urbana;VIALE EGIDIO GALBANI;all'intersezione con;VIA SCHOPENHAUER;VIA SCHOPENHAUER;;;Tamponamento Multiplo;Incrocio;Due carreggiate;Asciutto;Asfaltata;Orizzontale;Sereno;Normale;Buona;Ore Diurne;0;0;0;3;12,55759;41,93305;-1;3;Autovettura privata;In marcia / fermata / arresto;Suzuki;Ignis;Conducente;1973;M;Illeso;0;;;
3639027;5;13/01/2018 11:00:00;Strada Urbana;VIA ACHILLE TEDESCHI;all'intersezione con;VIA ENRICO SERRETTA;VIA ENRICO SERRETTA;;;Scontro frontale/laterale SX fra veicoli in marcia;Incrocio;Una carreggiata a doppio senso;Asciutto;Strada pavimentata dissestata;Orizzontale;Sereno;Scarso;Buona;Ore Diurne;1;0;0;2;12,53693;41,91284;0;1;Motociclo con passeggero;In marcia / fermata / arresto;Honda;SH150;Conducente;1992;M;Rimandato;0;NON DECEDUTO;Non accertato;
3639027;5;13/01/2018 11:00:00;Strada Urbana;VIA ACHILLE TEDESCHI;all'intersezione con;VIA ENRICO SERRETTA;VIA ENRICO SERRETTA;;;Scontro frontale/laterale SX fra veicoli in marcia;Incrocio;Una carreggiata a doppio senso;Asciutto;Strada pavimentata dissestata;Orizzontale;Sereno;Scarso;Buona;Ore Diurne;1;0;0;2;12,53693;41,91284;0;1;Motociclo con passeggero;In marcia / fermata / arresto;Honda;SH150;Passeggero;1991;F;Illeso;0;;Non accertato;
3639027;5;13/01/2018 11:00:00;Strada Urbana;VIA ACHILLE TEDESCHI;all'intersezione con;VIA ENRICO SERRETTA;VIA ENRICO SERRETTA;;;Scontro frontale/laterale SX fra veicoli in marcia;Incrocio;Una carreggiata a doppio senso;Asciutto;Strada pavimentata dissestata;Orizzontale;Sereno;Scarso;Buona;Ore Diurne;1;0;0;2;12,53693;41,91284;0;2;Autovettura privata;In marcia / fermata / arresto;Chevrolet;spark;Conducente;1975;F;Illeso;0;;Non accertato;
3639028;18;12/01/2018 10:10:00;;LARGO ALESSANDRO CARAVILLANI;all'intersezione con;CIRCONVALLAZIONE CORNELIA;CIRCONVALLAZIONE CORNELIA;;;Scontro frontale/laterale DX fra veicoli in marcia;;;;;;;;;;0;0;0;2;;;0;1;Motociclo a solo;In marcia / fermata / arresto;Yamaha;RD 350;Conducente;0;M;Illeso;0;;;
3639028;18;12/01/2018 10:10:00;;LARGO ALESSANDRO CARAVILLANI;all'intersezione con;CIRCONVALLAZIONE CORNELIA;CIRCONVALLAZIONE CORNELIA;;;Scontro frontale/laterale DX fra veicoli in marcia;;;;;;;;;;0;0;0;2;;;0;2;Autocarro inferiore 35 q.;In marcia / fermata / arresto;Fiat;Iveco;Conducente;0;M;Illeso;0;;;
3639031;7;12/01/2018 19:00:00;Strada Urbana;VIA DEI CASTANI;all'intersezione con;VIA DEI GELSI;VIA DEI GELSI;;;Scontro laterale fra veicoli in marcia;Incrocio;Una carreggiata a doppio senso;Asciutto;Asfaltata;Verticale ed orizzontale;Sereno;Normale;Buona;Sufficiente;0;0;0;2;;;0;1;Autovettura privata;In marcia / fermata / arresto;Ford;Focus;Conducente;1987;M;Illeso;0;;Non accertato;Inesploso
3639031;7;12/01/2018 19:00:00;Strada Urbana;VIA DEI CASTANI;all'intersezione con;VIA DEI GELSI;VIA DEI GELSI;;;Scontro laterale fra veicoli in marcia;Incrocio;Una carreggiata a doppio senso;Asciutto;Asfaltata;Verticale ed orizzontale;Sereno;Normale;Buona;Sufficiente;0;0;0;2;;;0;2;Autovettura privata;In marcia / fermata / arresto;Volkswagen;Polo;Conducente;1979;F;Illeso;0;;Non accertato;Inesploso
3639042;2;13/01/2018 12:00:00;;VIA SALARIA;in prossimità;;del civico n.;352;;Tamponamento;;;;;;;;;;1;0;0;2;;;0;1;Autovettura privata;In marcia / fermata / arresto;Lancia;Musa;Conducente;1984;M;Illeso;0;;;
3639042;2;13/01/2018 12:00:00;;VIA SALARIA;in prossimità;;del civico n.;352;;Tamponamento;;;;;;;;;;1;0;0;2;;;0;1;Autovettura privata;In marcia / fermata / arresto;Lancia;Musa;Passeggero;2014;M;Illeso;0;;;
3639042;2;13/01/2018 12:00:00;;VIA SALARIA;in prossimità;;del civico n.;352;;Tamponamento;;;;;;;;;;1;0;0;2;;;0;2;Autovettura privata;In marcia / fermata / arresto;Daimler Chrysler;mercedes classe A;Conducente;1968;M;Rifiuta cure immediate;0;NON DECEDUTO;;
3639043;4;13/01/2018 17:00:00;;VIA NOMENTANA;in corrispondenza;;del civico n.;1453;;Scontro laterale fra veicoli in marcia;;;;;;;;;;1;0;0;1;12,60465;41,96874;0;1;Motociclo a solo;In marcia / fermata / arresto;Honda;SH 300;Conducente;1970;M;Rifiuta cure immediate;0;NON DECEDUTO;;
3639043;4;13/01/2018 17:00:00;;VIA NOMENTANA;in corrispondenza;;del civico n.;1453;;Scontro laterale fra veicoli in marcia;;;;;;;;;;1;0;0;1;12,60465;41,96874;0;2;Autovettura privata;In marcia / fermata / arresto;Volkswagen;TIGUAN;Conducente;1938;M;Illeso;0;;;
3639049;2;13/01/2018 17:50:00;;VIA SALARIA;all'intersezione con;VIALE SOMALIA;VIALE SOMALIA;;;Veicolo in marcia contro veicoli in arresto;;;;;;;;;;0;0;0;8;;;0;1;Autovettura privata;In marcia / fermata / arresto;Fiat;Panda;Conducente;1963;M;Illeso;0;;;
3639049;2;13/01/2018 17:50:00;;VIA SALARIA;all'intersezione con;VIALE SOMALIA;VIALE SOMALIA;;;Veicolo in marcia contro veicoli in arresto;;;;;;;;;;0;0;0;8;;;0;1;Autovettura privata;In marcia / fermata / arresto;Fiat;Panda;Passeggero;1933;M;Illeso;0;;;
3639049;2;13/01/2018 17:50:00;;VIA SALARIA;all'intersezione con;VIALE SOMALIA;VIALE SOMALIA;;;Veicolo in marcia contro veicoli in arresto;;;;;;;;;;0;0;0;8;;;0;2;Autovettura privata;In marcia / fermata / arresto;Mercedes; GLK 220;Conducente;1941;M;Illeso;0;;;
3639049;2;13/01/2018 17:50:00;;VIA SALARIA;all'intersezione con;VIALE SOMALIA;VIALE SOMALIA;;;Veicolo in marcia contro veicoli in arresto;;;;;;;;;;0;0;0;8;;;0;3;Autovettura privata;In marcia / fermata / arresto;Ford;Fiesta;Conducente;1975;M;Illeso;0;;;
3639049;2;13/01/2018 17:50:00;;VIA SALARIA;all'intersezione con;VIALE SOMALIA;VIALE SOMALIA;;;Veicolo in marcia contro veicoli in arresto;;;;;;;;;;0;0;0;8;;;0;4;Autovettura privata;In marcia / fermata / arresto;Peugeot;208;Conducente;1969;M;Illeso;0;;;
3639049;2;13/01/2018 17:50:00;;VIA SALARIA;all'intersezione con;VIALE SOMALIA;VIALE SOMALIA;;;Veicolo in marcia contro veicoli in arresto;;;;;;;;;;0;0;0;8;;;0;4;Autovettura privata;In marcia / fermata / arresto;Peugeot;208;Passeggero;1973;F;Illeso;0;;;
3639049;2;13/01/2018 17:50:00;;VIA SALARIA;all'intersezione con;VIALE SOMALIA;VIALE SOMALIA;;;Veicolo in marcia contro veicoli in arresto;;;;;;;;;;0;0;0;8;;;0;4;Autovettura privata;In marcia / fermata / arresto;Peugeot;208;Passeggero;2005;M;Illeso;0;;;
3639049;2;13/01/2018 17:50:00;;VIA SALARIA;all'intersezione con;VIALE SOMALIA;VIALE SOMALIA;;;Veicolo in marcia contro veicoli in arresto;;;;;;;;;;0;0;0;8;;;0;4;Autovettura privata;In marcia / fermata / arresto;Peugeot;208;Passeggero;2008;M;Illeso;0;;;
3639050;13;13/01/2018 12:30:00;;VIA DEL FOSSO DI DRAGONCELLO;all'intersezione con;VIA DI MACCHIA PALOCCO;VIA DI MACCHIA PALOCCO;;;Scontro frontale/laterale SX fra veicoli in marcia;;;;;;;;;;0;0;0;2;12,32991;41,75701;0;1;Autovettura privata;In marcia / fermata / arresto;Hyundai;Tucson;Conducente;1976;M;Illeso;0;;;
3639050;13;13/01/2018 12:30:00;;VIA DEL FOSSO DI DRAGONCELLO;all'intersezione con;VIA DI MACCHIA PALOCCO;VIA DI MACCHIA PALOCCO;;;Scontro frontale/laterale SX fra veicoli in marcia;;;;;;;;;;0;0;0;2;12,32991;41,75701;0;2;Autovettura privata;In marcia / fermata / arresto;Ford;Focus;Conducente;1995;M;Illeso;0;;;
3639051;18;12/01/2018 16:20:00;Strada Urbana;VIA AURELIA;da specificare;;;;PROSSIMITA' VIA MARVASI;Scontro laterale fra veicoli in marcia;Rettilineo;Due carreggiate;Asciutto;Asfaltata;Verticale ed orizzontale;Nuvoloso;Normale;Buona;Ore Diurne;0;0;0;3;;;0;1;Autovettura privata;In marcia / fermata / arresto;Volkswagen;Golf;Conducente;1986;M;Illeso;0;;;
3639051;18;12/01/2018 16:20:00;Strada Urbana;VIA AURELIA;da specificare;;;;PROSSIMITA' VIA MARVASI;Scontro laterale fra veicoli in marcia;Rettilineo;Due carreggiate;Asciutto;Asfaltata;Verticale ed orizzontale;Nuvoloso;Normale;Buona;Ore Diurne;0;0;0;3;;;0;1;Autovettura privata;In marcia / fermata / arresto;Volkswagen;Golf;Passeggero;1977;M;Illeso;0;;;
3639051;18;12/01/2018 16:20:00;Strada Urbana;VIA AURELIA;da specificare;;;;PROSSIMITA' VIA MARVASI;Scontro laterale fra veicoli in marcia;Rettilineo;Due carreggiate;Asciutto;Asfaltata;Verticale ed orizzontale;Nuvoloso;Normale;Buona;Ore Diurne;0;0;0;3;;;0;2;Autocarro inferiore 35 q.;In marcia / fermata / arresto; Mercedes ;(non accertato);Conducente;1977;M;Illeso;0;;;
3639053;2;14/01/2018 00:20:00;;PIAZZALE MANILA;da specificare;;;;ALT. VIALE TIZIANO;Tamponamento;;;;;;;;;;0;0;0;4;;;0;1;Autovettura privata;In marcia / fermata / arresto;Smart ;-;Conducente;1968;F;Illeso;0;;;
3639053;2;14/01/2018 00:20:00;;PIAZZALE MANILA;da specificare;;;;ALT. VIALE TIZIANO;Tamponamento;;;;;;;;;;0;0;0;4;;;0;1;Autovettura privata;In marcia / fermata / arresto;Smart ;-;Passeggero;1976;F;Illeso;0;;;
3639053;2;14/01/2018 00:20:00;;PIAZZALE MANILA;da specificare;;;;ALT. VIALE TIZIANO;Tamponamento;;;;;;;;;;0;0;0;4;;;0;2;Quadriciclo leggero;In marcia / fermata / arresto;AIXAM;Mega K;Conducente;1999;M;Illeso;0;;;
3639053;2;14/01/2018 00:20:00;;PIAZZALE MANILA;da specificare;;;;ALT. VIALE TIZIANO;Tamponamento;;;;;;;;;;0;0;0;4;;;0;2;Quadriciclo leggero;In marcia / fermata / arresto;AIXAM;Mega K;Passeggero;2001;F;Illeso;0;;;
3639055;4;14/01/2018 15:15:00;;VIA DELLE ISOLE CURZOLANE;all'intersezione con;VIA MONTE PETRELLA;VIA MONTE PETRELLA;;;Scontro frontale/laterale DX fra veicoli in marcia;;;;;;;;;;0;0;0;1;;;0;1;Autovettura privata;In marcia / fermata / arresto;Fiat;Punto;Conducente;1976;M;Illeso;0;;;
3639056;10;14/01/2018 19:38:00;;VIA ANAGNINA;in corrispondenza;;del civico n.;395;;Tamponamento;;;;;;;;;;1;0;0;1;;;0;1;Autovettura privata;In marcia / fermata / arresto;Renault;Megane;Conducente;1988;M;Illeso;0;;;
3639056;10;14/01/2018 19:38:00;;VIA ANAGNINA;in corrispondenza;;del civico n.;395;;Tamponamento;;;;;;;;;;1;0;0;1;;;0;2;Velocipede;In marcia / fermata / arresto;pininfarina;(non accertato);Conducente;1982;M;Rimandato;0;NON DECEDUTO;Esente;
3639059;2;14/01/2018 01:00:00;;VIA SALARIA;in prossimità;;del civico n.;2061;;Veicolo in marcia contro ostacolo fisso;;;;;;;;;;0;0;0;1;;;0;1;Autovettura privata;In marcia / fermata / arresto;Mitsubishi;Space Star;Conducente;1994;M;Illeso;0;;;
3639065;2;13/01/2018 17:15:00;;CIRCONVALLAZIONE SALARIA;da specificare;;;;ALT. SVINCOLO VIA BATTERIA NOMENTANA;Tamponamento;;;;;;;;;;0;0;0;3;;;0;1;Autovettura privata;In marcia / fermata / arresto;Smart ;Smart for two coupè;Conducente;1982;M;Illeso;0;;;
3639065;2;13/01/2018 17:15:00;;CIRCONVALLAZIONE SALARIA;da specificare;;;;ALT. SVINCOLO VIA BATTERIA NOMENTANA;Tamponamento;;;;;;;;;;0;0;0;3;;;0;2;Autovettura privata;In marcia / fermata / arresto;Hyundai;i 20;Conducente;1944;M;Illeso;0;;;
3639065;2;13/01/2018 17:15:00;;CIRCONVALLAZIONE SALARIA;da specificare;;;;ALT. SVINCOLO VIA BATTERIA NOMENTANA;Tamponamento;;;;;;;;;;0;0;0;3;;;0;2;Autovettura privata;In marcia / fermata / arresto;Hyundai;i 20;Passeggero;1939;M;Illeso;0;;;
3639080;18;12/01/2018 10:00:00;Strada Urbana;VIA DELLA PINETA SACCHETTI;in corrispondenza;;del civico n.;49;;Scontro frontale/laterale SX fra veicoli in marcia;Rettilineo;Una carreggiata a doppio senso;Bagnato (pioggia);Asfaltata;Verticale ed orizzontale;Nuvoloso;Normale;Buona;Ore Diurne;2;0;0;1;;;0;1;Motociclo a solo;In marcia / fermata / arresto;Honda;SH 125;Conducente;1974;M;Rifiuta cure immediate;0;NON DECEDUTO;;
3639080;18;12/01/2018 10:00:00;Strada Urbana;VIA DELLA PINETA SACCHETTI;in corrispondenza;;del civico n.;49;;Scontro frontale/laterale SX fra veicoli in marcia;Rettilineo;Una carreggiata a doppio senso;Bagnato (pioggia);Asfaltata;Verticale ed orizzontale;Nuvoloso;Normale;Buona;Ore Diurne;2;0;0;1;;;0;1;Motociclo a solo;In marcia / fermata / arresto;Honda;SH 125;Passeggero;1974;F;Rimandato;0;NON DECEDUTO;;
3639080;18;12/01/2018 10:00:00;Strada Urbana;VIA DELLA PINETA SACCHETTI;in corrispondenza;;del civico n.;49;;Scontro frontale/laterale SX fra veicoli in marcia;Rettilineo;Una carreggiata a doppio senso;Bagnato (pioggia);Asfaltata;Verticale ed orizzontale;Nuvoloso;Normale;Buona;Ore Diurne;2;0;0;1;;;0;2;Autovettura privata;In marcia / fermata / arresto;Fiat;500 L;Conducente;1953;M;Illeso;0;;;
3639087;4;13/01/2018 13:30:00;;VIALE ADRIATICO;in corrispondenza;;del civico n.;7;;Scontro laterale fra veicoli in marcia;;;;;;;;;;0;0;0;4;12,53487;41,93816;0;1;Autovettura privata;In marcia / fermata / arresto;Mercedes;A 180 CDI;Conducente;1963;M;Illeso;0;;;
3639087;4;13/01/2018 13:30:00;;VIALE ADRIATICO;in corrispondenza;;del civico n.;7;;Scontro laterale fra veicoli in marcia;;;;;;;;;;0;0;0;4;12,53487;41,93816;0;1;Autovettura privata;In marcia / fermata / arresto;Mercedes;A 180 CDI;Passeggero;1965;F;Illeso;0;;;
3639087;4;13/01/2018 13:30:00;;VIALE ADRIATICO;in corrispondenza;;del civico n.;7;;Scontro laterale fra veicoli in marcia;;;;;;;;;;0;0;0;4;12,53487;41,93816;0;2;Motociclo con passeggero;In marcia / fermata / arresto;Yamaha;(non accertato);Conducente;1966;M;Illeso;0;;;
3639087;4;13/01/2018 13:30:00;;VIALE ADRIATICO;in corrispondenza;;del civico n.;7;;Scontro laterale fra veicoli in marcia;;;;;;;;;;0;0;0;4;12,53487;41,93816;0;2;Motociclo con passeggero;In marcia / fermata / arresto;Yamaha;(non accertato);Passeggero;1964;F;Illeso;0;;Non accertato;
3639088;12;11/01/2018 16:50:00;;PIAZZALE FERRUCCIO PARRI;da specificare;;;;prossimità Via Tupini;Scontro frontale/laterale DX fra veicoli in marcia;;;;;;;;;;0;0;0;2;;;0;1;Autovettura privata;In marcia / fermata / arresto;Citroen;C 2;Conducente;1990;F;Illeso;0;;;
3639088;12;11/01/2018 16:50:00;;PIAZZALE FERRUCCIO PARRI;da specificare;;;;prossimità Via Tupini;Scontro frontale/laterale DX fra veicoli in marcia;;;;;;;;;;0;0;0;2;;;0;2;Autovettura privata;In marcia / fermata / arresto;Ford;Fiesta;Conducente;1943;M;Illeso;0;;;
3639089;20;14/01/2018 11:35:00;Strada Urbana;VIA CASSIA;in prossimità;;del civico n.;1822;;Veicolo in marcia contro veicolo in sosta;Rettilineo;Una carreggiata a doppio senso;Asciutto;Asfaltata;Verticale ed orizzontale;Sereno;Scarso;Buona;Ore Diurne;0;0;0;2;;;0;1;Autovettura privata;In marcia / fermata / arresto;Renault;Laguna;Conducente;1956;M;Illeso;0;;;
3639089;20;14/01/2018 11:35:00;Strada Urbana;VIA CASSIA;in prossimità;;del civico n.;1822;;Veicolo in marcia contro veicolo in sosta;Rettilineo;Una carreggiata a doppio senso;Asciutto;Asfaltata;Verticale ed orizzontale;Sereno;Scarso;Buona;Ore Diurne;0;0;0;2;;;0;1;Autovettura privata;In marcia / fermata / arresto;Renault;Laguna;Passeggero;1963;F;Illeso;0;;;
3639101;4;14/01/2018 18:15:00;;VIA NOMENTANA NUOVA;da specificare;;;;PROSS. C.SO SEMPIONE;Scontro laterale fra veicoli in marcia;;;;;;;;;;0;0;0;4;;;0;1;Autovettura privata;In marcia / fermata / arresto;Renault;Clio;Conducente;1977;M;Illeso;0;;;
3639101;4;14/01/2018 18:15:00;;VIA NOMENTANA NUOVA;da specificare;;;;PROSS. C.SO SEMPIONE;Scontro laterale fra veicoli in marcia;;;;;;;;;;0;0;0;4;;;0;1;Autovettura privata;In marcia / fermata / arresto;Renault;Clio;Passeggero;2006;F;Illeso;0;;;
3639101;4;14/01/2018 18:15:00;;VIA NOMENTANA NUOVA;da specificare;;;;PROSS. C.SO SEMPIONE;Scontro laterale fra veicoli in marcia;;;;;;;;;;0;0;0;4;;;0;1;Autovettura privata;In marcia / fermata / arresto;Renault;Clio;Passeggero;2012;M;Illeso;0;;;
3639101;4;14/01/2018 18:15:00;;VIA NOMENTANA NUOVA;da specificare;;;;PROSS. C.SO SEMPIONE;Scontro laterale fra veicoli in marcia;;;;;;;;;;0;0;0;4;;;0;2;Autobus di linea;In marcia / fermata / arresto;(non accertato);(non accertato);Conducente;1983;M;Illeso;0;;;
3639108;13;13/01/2018 14:50:00;;VIA DEL FOSSO DI DRAGONCELLO;in corrispondenza;;del civico n.;14;;Scontro frontale fra veicoli in marcia;;;;;;;;;;0;0;0;4;;;0;1;Autovettura privata;In marcia / fermata / arresto;Toyota;Rav 4;Conducente;1932;M;Illeso;0;;Non accertato;Inesploso
3639108;13;13/01/2018 14:50:00;;VIA DEL FOSSO DI DRAGONCELLO;in corrispondenza;;del civico n.;14;;Scontro frontale fra veicoli in marcia;;;;;;;;;;0;0;0;4;;;0;1;Autovettura privata;In marcia / fermata / arresto;Toyota;Rav 4;Passeggero;2006;F;Illeso;0;;Non accertato;Inesploso
3639108;13;13/01/2018 14:50:00;;VIA DEL FOSSO DI DRAGONCELLO;in corrispondenza;;del civico n.;14;;Scontro frontale fra veicoli in marcia;;;;;;;;;;0;0;0;4;;;0;2;Autovettura privata;In marcia / fermata / arresto;Lancia;Phedra;Conducente;1972;F;Illeso;0;;Non accertato;Inesploso
3639108;13;13/01/2018 14:50:00;;VIA DEL FOSSO DI DRAGONCELLO;in corrispondenza;;del civico n.;14;;Scontro frontale fra veicoli in marcia;;;;;;;;;;0;0;0;4;;;0;2;Autovettura privata;In marcia / fermata / arresto;Lancia;Phedra;Passeggero;2000;F;Illeso;0;;Non accertato;Inesploso
3639128;13;15/01/2018 08:05:00;Strada Urbana;VIA GRANITO DI BELMONTE;all'intersezione con;VIALE DELLA MARINA;VIALE DELLA MARINA;;;Scontro frontale/laterale DX fra veicoli in marcia;Incrocio;Una carreggiata a doppio senso;Asciutto;Asfaltata;Verticale ed orizzontale;Sereno;Normale;Buona;Ore Diurne;0;0;0;3;12,27656;41,73134;0;1;Autovettura privata;In marcia / fermata / arresto;Fiat;500 L;Conducente;1981;F;Illeso;0;;;