Protocollo;Gruppo;DataOraIncidente;Localizzazione1;STRADA1;Localizzazione2;STRADA2;Strada02;Chilometrica;DaSpecificare;NaturaIncidente;particolaritastrade;TipoStrada;FondoStradale;Pavimentazione;Segnaletica;CondizioneAtmosferica;Traffico;Visibilita;Illuminazione;NUM_FERITI;NUM_RISERVATA;NUM_MORTI;NUM_ILLESI;Longitudine;Latitudine;Confermato;Progressivo;TipoVeicolo;StatoVeicolo;Marca;Modello;TipoPersona;AnnoNascita;Sesso;Tipolesione;Deceduto;DecedutoDopo;CinturaCascoUtilizzato;Airbag;
3639128;13;15/01/2018 08:05:00;Strada Urbana;VIA GRANITO DI BELMONTE;all'intersezione con;VIALE DELLA MARINA;VIALE DELLA MARINA;;;Scontro frontale/laterale DX fra veicoli in marcia;Incrocio;Una carreggiata a doppio senso;Asciutto;Asfaltata;Verticale ed orizzontale;Sereno;Normale;Buona;Ore Diurne;0;0;0;3;12,27656;41,73134;0;1;Autovettura privata;In marcia / fermata / arresto;Fiat;500 L;Passeggero;2011;F;Illeso;0;;Utilizzato;Inesploso
3639128;13;15/01/2018 08:05:00;Strada Urbana;VIA GRANITO DI BELMONTE;all'intersezione con;VIALE DELLA MARINA;VIALE DELLA MARINA;;;Scontro frontale/laterale DX fra veicoli in marcia;Incrocio;Una carreggiata a doppio senso;Asciutto;Asfaltata;Verticale ed orizzontale;Sereno;Normale;Buona;Ore Diurne;0;0;0;3;12,27656;41,73134;0;2;Autovettura privata;In marcia / fermata / arresto;Ford;Fiesta;Conducente;1958;M;Illeso;0;;;
3639132;18;12/01/2018 19:30:00;Strada Urbana;VIA DI BOCCEA;da specificare;;;;FRONTE CIVICO 211;Veicolo in marcia contro ostacolo accidentale;Rettilineo;Una carreggiata a doppio senso;Asciutto;Asfaltata;Assente;Sereno;Intenso;Buona;Sufficiente;0;0;0;1;;;0;1;Motociclo a solo;In marcia / fermata / arresto;Kymco;People;Conducente;1981;M;Illeso;0;;;
3639137;8;14/01/2018 09:45:00;;VIA LUIGI GASTINELLI;all'intersezione con;VIA ROBERT MALLET;VIA ROBERT MALLET;;;Scontro frontale fra veicoli in marcia;;;;;;;;;;0;0;0;3;;;0;1;Autovettura privata;In marcia / fermata / arresto;Fiat;Panda;Conducente;1975;F;Illeso;0;;Non accertato;Inesploso
3639137;8;14/01/2018 09:45:00;;VIA LUIGI GASTINELLI;all'intersezione con;VIA ROBERT MALLET;VIA ROBERT MALLET;;;Scontro frontale fra veicoli in marcia;;;;;;;;;;0;0;0;3;;;0;1;Autovettura privata;In marcia / fermata / arresto;Fiat;Panda;Passeggero;2007;M;Illeso;0;;Non accertato;Inesploso
3639137;8;14/01/2018 09:45:00;;VIA LUIGI GASTINELLI;all'intersezione con;VIA ROBERT MALLET;VIA ROBERT MALLET;;;Scontro frontale fra veicoli in marcia;;;;;;;;;;0;0;0;3;;;0;2;Autovettura privata;In marcia / fermata / arresto;Chevrolet;Matiz;Conducente;1959;;Illeso;0;;;
3639161;13;13/01/2018 16:30:00;;VIA TANCREDI CHIARALUCE;da specificare;;;;in prossimità via della Martinica;Scontro laterale fra veicoli in marcia;;;;;;;;;;0;0;0;4;12,27017;41,74707;0;1;Autovettura privata;In marcia / fermata / arresto;Citroen;Picasso;Conducente;1970;M;Illeso;0;;;
3639161;13;13/01/2018 16:30:00;;VIA TANCREDI CHIARALUCE;da specificare;;;;in prossimità via della Martinica;Scontro laterale fra veicoli in marcia;;;;;;;;;;0;0;0;4;12,27017;41,74707;0;1;Autovettura privata;In marcia / fermata / arresto;Citroen;Picasso;Passeggero;2006;M;Illeso;0;;;
3639161;13;13/01/2018 16:30:00;;VIA TANCREDI CHIARALUCE;da specificare;;;;in prossimità via della Martinica;Scontro laterale fra veicoli in marcia;;;;;;;;;;0;0;0;4;12,27017;41,74707;0;2;Autovettura privata;In marcia / fermata / arresto;Renault;Clio;Conducente;1957;F;Illeso;0;;;
3639161;13;13/01/2018 16:30:00;;VIA TANCREDI CHIARALUCE;da specificare;;;;in prossimità via della Martinica;Scontro laterale fra veicoli in marcia;;;;;;;;;;0;0;0;4;12,27017;41,74707;0;2;Autovettura privata;In marcia / fermata / arresto;Renault;Clio;Passeggero;1977;M;Illeso;0;;;
3639164;13;14/01/2018 09:40:00;;VIA ERMANNO WOLF FERRARI;da specificare;;;;interno area benzina 'Esso';Scontro laterale fra veicoli in marcia;;;;;;;;;;0;0;0;3;;;0;1;Autovettura privata;In marcia / fermata / arresto;Nissan;Micra;Conducente;1991;M;Illeso;0;;Non accertato;Inesploso
3639164;13;14/01/2018 09:40:00;;VIA ERMANNO WOLF FERRARI;da specificare;;;;interno area benzina 'Esso';Scontro laterale fra veicoli in marcia;;;;;;;;;;0;0;0;3;;;0;1;Autovettura privata;In marcia / fermata / arresto;Nissan;Micra;Passeggero;1992;F;Illeso;0;;Non accertato;Inesploso
3639164;13;14/01/2018 09:40:00;;VIA ERMANNO WOLF FERRARI;da specificare;;;;interno area benzina 'Esso';Scontro laterale fra veicoli in marcia;;;;;;;;;;0;0;0;3;;;0;2;Autovettura privata;In marcia / fermata / arresto;Daimler;Chrysler Smart;Conducente;1989;M;Illeso;0;;Non accertato;Inesploso
3639180;12;08/01/2018 17:30:00;;VIA LAURENTINA;in prossimità;;del civico n.;569;;Tamponamento;;;;;;;;;;0;0;0;2;;;0;1;Autovettura privata;In marcia / fermata / arresto;Lancia;Y;Conducente;1989;F;Illeso;0;;;
3639180;12;08/01/2018 17:30:00;;VIA LAURENTINA;in prossimità;;del civico n.;569;;Tamponamento;;;;;;;;;;0;0;0;2;;;0;2;Autovettura privata;In marcia / fermata / arresto;Mercedes;Smart Fortwo;Conducente;1997;M;Illeso;0;;;
3639186;7;14/01/2018 14:25:00;;VIALE PALMIRO TOGLIATTI;all'intersezione con;VIALE FRANCO ANGELI;VIALE FRANCO ANGELI;;;Investimento di pedone;;;;;;;;;;0;0;0;2;12,57334;41,88718;0;;;;;;Pedone;1940;M;Illeso;0;;;
3639186;7;14/01/2018 14:25:00;;VIALE PALMIRO TOGLIATTI;all'intersezione con;VIALE FRANCO ANGELI;VIALE FRANCO ANGELI;;;Investimento di pedone;;;;;;;;;;0;0;0;2;12,57334;41,88718;0;1;Autovettura privata;In marcia / fermata / arresto;Peugeot;107;Conducente;1998;M;Illeso;0;;Non accertato;Inesploso
3639190;13;14/01/2018 11:00:00;Strada Urbana;VIA FRANCESCO CILEA;in prossimità;;del civico n.;254E;;Veicolo in marcia contro veicolo in sosta;Rettilineo;Due carreggiate;Asciutto;Asfaltata;Verticale ed orizzontale;Sereno;Scarso;Buona;Ore Diurne;0;0;0;1;12,37521;41,74798;-1;1;Autovettura privata;In marcia / fermata / arresto;Mercedes;B 180;Conducente;1940;M;Illeso;0;;;
3639200;18;13/01/2018 17:00:00;Strada Urbana;VIA GREGORIO VII;in corrispondenza;;del civico n.;178;;Scontro laterale fra veicoli in marcia;Rettilineo;Più di due carreggiate;Asciutto;Asfaltata;Assente;Sereno;Normale;Buona;Ore Diurne;0;0;0;2;12,44364;41,89629;-1;1;Autovettura privata;In marcia / fermata / arresto;Fiat;500;Conducente;1964;M;Illeso;0;;Non accertato;Inesploso
3639200;18;13/01/2018 17:00:00;Strada Urbana;VIA GREGORIO VII;in corrispondenza;;del civico n.;178;;Scontro laterale fra veicoli in marcia;Rettilineo;Più di due carreggiate;Asciutto;Asfaltata;Assente;Sereno;Normale;Buona;Ore Diurne;0;0;0;2;12,44364;41,89629;-1;2;Autovettura privata;In marcia / fermata / arresto;Ford;Fiesta;Conducente;1966;M;Illeso;0;;Non accertato;Inesploso
3639203;13;14/01/2018 22:40:00;;VIALE ALESSANDRO MAGNO;all'intersezione con;VIA DI CASAL PALOCCO;VIA DI CASAL PALOCCO;;;Scontro frontale/laterale DX fra veicoli in marcia;;;;;;;;;;0;0;0;6;;;0;1;Autovettura privata;In marcia / fermata / arresto;Toyota;Aygo;Conducente;1991;F;Illeso;0;;;
3639203;13;14/01/2018 22:40:00;;VIALE ALESSANDRO MAGNO;all'intersezione con;VIA DI CASAL PALOCCO;VIA DI CASAL PALOCCO;;;Scontro frontale/laterale DX fra veicoli in marcia;;;;;;;;;;0;0;0;6;;;0;1;Autovettura privata;In marcia / fermata / arresto;Toyota;Aygo;Passeggero;1991;F;Illeso;0;;;
3639203;13;14/01/2018 22:40:00;;VIALE ALESSANDRO MAGNO;all'intersezione con;VIA DI CASAL PALOCCO;VIA DI CASAL PALOCCO;;;Scontro frontale/laterale DX fra veicoli in marcia;;;;;;;;;;0;0;0;6;;;0;2;Autovettura privata;In marcia / fermata / arresto;BMW;--;Conducente;1946;M;Illeso;0;;;
3639203;13;14/01/2018 22:40:00;;VIALE ALESSANDRO MAGNO;all'intersezione con;VIA DI CASAL PALOCCO;VIA DI CASAL PALOCCO;;;Scontro frontale/laterale DX fra veicoli in marcia;;;;;;;;;;0;0;0;6;;;0;2;Autovettura privata;In marcia / fermata / arresto;BMW;--;Passeggero;0;F;Illeso;0;;;
3639203;13;14/01/2018 22:40:00;;VIALE ALESSANDRO MAGNO;all'intersezione con;VIA DI CASAL PALOCCO;VIA DI CASAL PALOCCO;;;Scontro frontale/laterale DX fra veicoli in marcia;;;;;;;;;;0;0;0;6;;;0;2;Autovettura privata;In marcia / fermata / arresto;BMW;--;Passeggero;1948;M;Illeso;0;;;
3639203;13;14/01/2018 22:40:00;;VIALE ALESSANDRO MAGNO;all'intersezione con;VIA DI CASAL PALOCCO;VIA DI CASAL PALOCCO;;;Scontro frontale/laterale DX fra veicoli in marcia;;;;;;;;;;0;0;0;6;;;0;2;Autovettura privata;In marcia / fermata / arresto;BMW;--;Passeggero;1957;F;Illeso;0;;;
3639204;13;13/01/2018 21:15:00;Strada Urbana;PIAZZA DEI RAVENNATI;da specificare;;;;alt. lungomare Paolo Toscanelli;Scontro frontale/laterale SX fra veicoli in marcia;Rettilineo;Una carreggiata a senso unico di marcia;Asciutto;Asfaltata;Verticale ed orizzontale;Sereno;Normale;Buona;Sufficiente;2;0;0;2;12,27646;41,72988;0;1;Autovettura privata;In marcia / fermata / arresto;Audi;A4;Conducente;1985;F;Illeso;0;;Non accertato;Inesploso
3639204;13;13/01/2018 21:15:00;Strada Urbana;PIAZZA DEI RAVENNATI;da specificare;;;;alt. lungomare Paolo Toscanelli;Scontro frontale/laterale SX fra veicoli in marcia;Rettilineo;Una carreggiata a senso unico di marcia;Asciutto;Asfaltata;Verticale ed orizzontale;Sereno;Normale;Buona;Sufficiente;2;0;0;2;12,27646;41,72988;0;1;Autovettura privata;In marcia / fermata / arresto;Audi;A4;Passeggero;1991;F;Illeso;0;;Non accertato;Inesploso
3639204;13;13/01/2018 21:15:00;Strada Urbana;PIAZZA DEI RAVENNATI;da specificare;;;;alt. lungomare Paolo Toscanelli;Scontro frontale/laterale SX fra veicoli in marcia;Rettilineo;Una carreggiata a senso unico di marcia;Asciutto;Asfaltata;Verticale ed orizzontale;Sereno;Normale;Buona;Sufficiente;2;0;0;2;12,27646;41,72988;0;2;Autovettura privata;In marcia / fermata / arresto;Daimler Chrysler;Smart;Conducente;1983;F;Rimandato;0;NON DECEDUTO;Esente;Inesploso
3639204;13;13/01/2018 21:15:00;Strada Urbana;PIAZZA DEI RAVENNATI;da specificare;;;;alt. lungomare Paolo Toscanelli;Scontro frontale/laterale SX fra veicoli in marcia;Rettilineo;Una carreggiata a senso unico di marcia;Asciutto;Asfaltata;Verticale ed orizzontale;Sereno;Normale;Buona;Sufficiente;2;0;0;2;12,27646;41,72988;0;2;Autovettura privata;In marcia / fermata / arresto;Daimler Chrysler;Smart;Passeggero;1983;M;Rimandato;0;NON DECEDUTO;Non accertato;Inesploso
3639214;19;14/01/2018 09:30:00;;VIA DI TORREVECCHIA;all'intersezione con;VIA SIMONE MOSCA;VIA SIMONE MOSCA;;;Scontro frontale/laterale DX fra veicoli in marcia;;;;;;;;;;0;0;0;2;;;0;1;Autovettura privata;In marcia / fermata / arresto;Renault;Megane;Conducente;0;M;Illeso;0;;;
3639214;19;14/01/2018 09:30:00;;VIA DI TORREVECCHIA;all'intersezione con;VIA SIMONE MOSCA;VIA SIMONE MOSCA;;;Scontro frontale/laterale DX fra veicoli in marcia;;;;;;;;;;0;0;0;2;;;0;2;Motociclo a solo;In marcia / fermata / arresto;Yamaha;X MAX;Conducente;0;M;Illeso;0;;;
3639216;18;13/01/2018 07:15:00;Strada Urbana;VIA ENRICO BONDI;da specificare;;;;DAL CIVICO 290 AL CIVICO 135 DI VIA A.PANE;Veicolo in marcia contro veicoli in sosta;Rettilineo;Una carreggiata a senso unico di marcia;Asciutto;Asfaltata;Verticale ed orizzontale;Sereno;Scarso;Buona;Ore Diurne;1;0;0;0;12,38674;41,90118;0;1;Autovettura privata;In marcia / fermata / arresto;Nissan;Micra;Conducente;1955;M;Rimandato;0;NON DECEDUTO;;
3639220;17;15/01/2018 08:00:00;Strada Urbana;VIA MUGGIA;da specificare;;;;fronte civico 4;Scontro frontale/laterale SX fra veicoli in marcia;Rettilineo;Due carreggiate;Bagnato (pioggia);Asfaltata;Verticale ed orizzontale;Sereno;Scarso;Buona;Ore Diurne;0;0;0;2;;;0;1;Autocarro inferiore 35 q.;In marcia / fermata / arresto;Fiat;Scudo;Conducente;1957;M;Illeso;0;;;
3639220;17;15/01/2018 08:00:00;Strada Urbana;VIA MUGGIA;da specificare;;;;fronte civico 4;Scontro frontale/laterale SX fra veicoli in marcia;Rettilineo;Due carreggiate;Bagnato (pioggia);Asfaltata;Verticale ed orizzontale;Sereno;Scarso;Buona;Ore Diurne;0;0;0;2;;;0;2;Autovettura privata;In marcia / fermata / arresto;Ford;Fiesta;Conducente;1962;F;Illeso;0;;;
3639229;4;14/01/2018 23:30:00;;PIAZZA DELL'ATENEO SALESIANO;in prossimità;;del civico n.;45;;Ribaltamento senza urto contro ostacolo fisso;;;;;;;;;;0;0;0;1;;;0;1;Autovettura privata;In marcia / fermata / arresto;Fiat;600;Conducente;1988;M;Illeso;0;;Non accertato;
3639230;16;15/01/2018 08:30:00;Strada Urbana;CIRCONVALLAZIONE GIANICOLENSE;all'intersezione con;VIA FRANCESCO MASSI;VIA FRANCESCO MASSI;;;Veicolo in marcia contro ostacolo accidentale;Intersezione semaforizzata;Più di due carreggiate;Asciutto;Asfaltata;Verticale ed orizzontale;Sereno;Normale;Buona;Ore Diurne;0;0;0;2;12,44956;41,87247;-1;1;Autovettura privata;In marcia / fermata / arresto;Audi;A 2;Conducente;1988;M;Illeso;0;;Non accertato;
3639230;16;15/01/2018 08:30:00;Strada Urbana;CIRCONVALLAZIONE GIANICOLENSE;all'intersezione con;VIA FRANCESCO MASSI;VIA FRANCESCO MASSI;;;Veicolo in marcia contro ostacolo accidentale;Intersezione semaforizzata;Più di due carreggiate;Asciutto;Asfaltata;Verticale ed orizzontale;Sereno;Normale;Buona;Ore Diurne;0;0;0;2;12,44956;41,87247;-1;1;Autovettura privata;In marcia / fermata / arresto;Audi;A 2;Passeggero;1961;M;Illeso;0;;Non accertato;
3639241;19;15/01/2018 08:00:00;Strada Urbana;VIA DEL FORTE BRASCHI;all'intersezione con;VIA MATTIA BATTISTINI;VIA MATTIA BATTISTINI;;;Investimento di pedone;Incrocio;Una carreggiata a doppio senso;Bagnato (pioggia);Asfaltata;Verticale ed orizzontale;Sereno;Intenso;Buona;Ore Diurne;1;0;0;1;;;0;;;;;;Pedone;2001;F;Rimandato;0;NON DECEDUTO;;
3639241;19;15/01/2018 08:00:00;Strada Urbana;VIA DEL FORTE BRASCHI;all'intersezione con;VIA MATTIA BATTISTINI;VIA MATTIA BATTISTINI;;;Investimento di pedone;Incrocio;Una carreggiata a doppio senso;Bagnato (pioggia);Asfaltata;Verticale ed orizzontale;Sereno;Intenso;Buona;Ore Diurne;1;0;0;1;;;0;1;Autovettura privata;In marcia / fermata / arresto;Opel;AGILA;Conducente;1960;F;Illeso;0;;Non accertato;Inesploso
3639255;10;15/01/2018 07:45:00;Statale entro l'abitato;VIA APPIA NUOVA;in prossimità;;del civico n.;1269;;Scontro laterale fra veicoli in marcia;Curva a visuale libera;Una carreggiata a senso unico di marcia;Bagnato (umidità in atto);Asfaltata;Orizzontale;Sereno;Intenso;Buona;Ore Diurne;0;0;0;2;12,57254;41,81473;0;1;Autovettura privata;In marcia / fermata / arresto;Suzuki;Gran Vitara;Conducente;1959;M;Illeso;0;;Non accertato;Inesploso
3639255;10;15/01/2018 07:45:00;Statale entro l'abitato;VIA APPIA NUOVA;in prossimità;;del civico n.;1269;;Scontro laterale fra veicoli in marcia;Curva a visuale libera;Una carreggiata a senso unico di marcia;Bagnato (umidità in atto);Asfaltata;Orizzontale;Sereno;Intenso;Buona;Ore Diurne;0;0;0;2;12,57254;41,81473;0;2;Autocarro superiore 35 q.;In marcia / fermata / arresto;Fiat;Iveco 160;Conducente;1965;M;Illeso;0;;Non accertato;Inesploso
3639256;18;13/01/2018 09:30:00;Strada Urbana;VIA AURELIA;in corrispondenza;;del civico n.;426;;Scontro laterale fra veicoli in marcia;Rettilineo;Due carreggiate;Asciutto;Asfaltata;Verticale ed orizzontale;Sereno;Normale;Buona;Ore Diurne;0;0;0;5;12,42799;41,89867;0;1;Autovettura privata;In marcia / fermata / arresto;Lancia;Ypsilon;Conducente;1941;M;Illeso;0;;Non accertato;Inesploso
3639256;18;13/01/2018 09:30:00;Strada Urbana;VIA AURELIA;in corrispondenza;;del civico n.;426;;Scontro laterale fra veicoli in marcia;Rettilineo;Due carreggiate;Asciutto;Asfaltata;Verticale ed orizzontale;Sereno;Normale;Buona;Ore Diurne;0;0;0;5;12,42799;41,89867;0;1;Autovettura privata;In marcia / fermata / arresto;Lancia;Ypsilon;Passeggero;1940;F;Illeso;0;;Non accertato;Inesploso
3639256;18;13/01/2018 09:30:00;Strada Urbana;VIA AURELIA;in corrispondenza;;del civico n.;426;;Scontro laterale fra veicoli in marcia;Rettilineo;Due carreggiate;Asciutto;Asfaltata;Verticale ed orizzontale;Sereno;Normale;Buona;Ore Diurne;0;0;0;5;12,42799;41,89867;0;2;Autovettura di polizia;In marcia / fermata / arresto;Alfa Romeo;Giulietta;Conducente;1977;M;Illeso;0;;Non accertato;Inesploso
3639256;18;13/01/2018 09:30:00;Strada Urbana;VIA AURELIA;in corrispondenza;;del civico n.;426;;Scontro laterale fra veicoli in marcia;Rettilineo;Due carreggiate;Asciutto;Asfaltata;Verticale ed orizzontale;Sereno;Normale;Buona;Ore Diurne;0;0;0;5;12,42799;41,89867;0;2;Autovettura di polizia;In marcia / fermata / arresto;Alfa Romeo;Giulietta;Passeggero;1961;M;Illeso;0;;Non accertato;Inesploso
3639256;18;13/01/2018 09:30:00;Strada Urbana;VIA AURELIA;in corrispondenza;;del civico n.;426;;Scontro laterale fra veicoli in marcia;Rettilineo;Due carreggiate;Asciutto;Asfaltata;Verticale ed orizzontale;Sereno;Normale;Buona;Ore Diurne;0;0;0;5;12,42799;41,89867;0;2;Autovettura di polizia;In marcia / fermata / arresto;Alfa Romeo;Giulietta;Passeggero;1975;M;Illeso;0;;Non accertato;Inesploso
3639272;19;14/01/2018 14:30:00;Strada Urbana;VIA ARMANDO DI TULLIO;in prossimità;;del civico n.;39;;Veicolo in marcia contro veicolo in sosta;Pendenza;Una carreggiata a doppio senso;Asciutto;Asfaltata;Verticale;Sereno;Scarso;Buona;Ore Diurne;0;0;0;1;;;0;3;Autovettura privata;In marcia / fermata / arresto;Daimler Smart;(non accertato);Conducente;1955;F;Illeso;0;;;
3639274;12;04/01/2018 10:20:00;Strada Urbana;VIA GIOVANNI KOBLER;da specificare;;;;ALT. PALO ACEA N.4 (DIR. CECCHIGNOLA);Scontro laterale fra veicoli in marcia;Rettilineo;Due carreggiate;Asciutto;Asfaltata;Verticale ed orizzontale;Sereno;Normale;Buona;Ore Diurne;0;0;0;2;12,51058;41,81156;0;1;Autovettura privata;In marcia / fermata / arresto;Renault;Twingo;Conducente;1993;M;Illeso;0;;Utilizzato;
3639274;12;04/01/2018 10:20:00;Strada Urbana;VIA GIOVANNI KOBLER;da specificare;;;;ALT. PALO ACEA N.4 (DIR. CECCHIGNOLA);Scontro laterale fra veicoli in marcia;Rettilineo;Due carreggiate;Asciutto;Asfaltata;Verticale ed orizzontale;Sereno;Normale;Buona;Ore Diurne;0;0;0;2;12,51058;41,81156;0;2;Autovettura privata;In marcia / fermata / arresto;Fiat;Panda;Conducente;1946;M;Illeso;0;;Utilizzato;
3639277;13;15/01/2018 09:00:00;Strada Urbana;VIA GABRIELE TORREMUZZA;all'intersezione con;VIA CARLO MARIA ROSINI;VIA CARLO MARIA ROSINI;;;Tamponamento;Incrocio;Una carreggiata a doppio senso;Asciutto;Asfaltata;Assente;Sereno;Normale;Buona;Ore Diurne;0;0;0;3;12,30589;41,76537;0;1;Autovettura privata;In marcia / fermata / arresto;Dacia;Duster;Conducente;1970;F;Illeso;0;;;
3639277;13;15/01/2018 09:00:00;Strada Urbana;VIA GABRIELE TORREMUZZA;all'intersezione con;VIA CARLO MARIA ROSINI;VIA CARLO MARIA ROSINI;;;Tamponamento;Incrocio;Una carreggiata a doppio senso;Asciutto;Asfaltata;Assente;Sereno;Normale;Buona;Ore Diurne;0;0;0;3;12,30589;41,76537;0;2;Autocarro inferiore 35 q.;In marcia / fermata / arresto;Fiat;Iveco;Conducente;1960;M;Illeso;0;;;
3639277;13;15/01/2018 09:00:00;Strada Urbana;VIA GABRIELE TORREMUZZA;all'intersezione con;VIA CARLO MARIA ROSINI;VIA CARLO MARIA ROSINI;;;Tamponamento;Incrocio;Una carreggiata a doppio senso;Asciutto;Asfaltata;Assente;Sereno;Normale;Buona;Ore Diurne;0;0;0;3;12,30589;41,76537;0;2;Autocarro inferiore 35 q.;In marcia / fermata / arresto;Fiat;Iveco;Passeggero;1965;M;Illeso;0;;;
3639295;18;14/01/2018 19:40:00;Strada Urbana;VIA DI SELVA CANDIDA;all'intersezione con;VIA SCANDELUZZA;VIA SCANDELUZZA;;;Scontro frontale/laterale SX fra veicoli in marcia;Incrocio;Una carreggiata a doppio senso;Asciutto;Asfaltata;Verticale ed orizzontale;Sereno;Normale;Buona;Sufficiente;0;0;0;3;;;0;1;Autovettura privata;In marcia / fermata / arresto;Peugeot;407;Conducente;0;M;Illeso;0;;;
3639295;18;14/01/2018 19:40:00;Strada Urbana;VIA DI SELVA CANDIDA;all'intersezione con;VIA SCANDELUZZA;VIA SCANDELUZZA;;;Scontro frontale/laterale SX fra veicoli in marcia;Incrocio;Una carreggiata a doppio senso;Asciutto;Asfaltata;Verticale ed orizzontale;Sereno;Normale;Buona;Sufficiente;0;0;0;3;;;0;2;Autovettura privata;In marcia / fermata / arresto;Volkswagen;Golf;Conducente;0;M;Illeso;0;;;
3639295;18;14/01/2018 19:40:00;Strada Urbana;VIA DI SELVA CANDIDA;all'intersezione con;VIA SCANDELUZZA;VIA SCANDELUZZA;;;Scontro frontale/laterale SX fra veicoli in marcia;Incrocio;Una carreggiata a doppio senso;Asciutto;Asfaltata;Verticale ed orizzontale;Sereno;Normale;Buona;Sufficiente;0;0;0;3;;;0;2;Autovettura privata;In marcia / fermata / arresto;Volkswagen;Golf;Passeggero;0;M;Illeso;0;;;
3639298;12;15/01/2018 09:30:00;Strada Urbana;VIA DELLA CECCHIGNOLA;in corrispondenza;;del civico n.;5;;Infortunio per caduta del veicolo;Rettilineo;Una carreggiata a senso unico di marcia;Asciutto;Asfaltata;Verticale ed orizzontale;Sereno;Normale;Buona;Ore Diurne;1;0;0;1;12,51757;41,82345;0;1;Motociclo a solo;In marcia / fermata / arresto;Yamaha;Majesty;Conducente;1983;M;Rimandato;0;NON DECEDUTO;Utilizzato;
3639298;12;15/01/2018 09:30:00;Strada Urbana;VIA DELLA CECCHIGNOLA;in corrispondenza;;del civico n.;5;;Infortunio per caduta del veicolo;Rettilineo;Una carreggiata a senso unico di marcia;Asciutto;Asfaltata;Verticale ed orizzontale;Sereno;Normale;Buona;Ore Diurne;1;0;0;1;12,51757;41,82345;0;2;Autovettura pubblica;In marcia / fermata / arresto;Dacia;lodgy;Conducente;1974;M;Illeso;0;;Utilizzato;Inesploso
3639299;9;15/01/2018 08:15:00;Strada Urbana;VIA APPIA NUOVA;da specificare;;;;fronte VIA ARCO DI TRAVERTINO;Veicolo in marcia contro veicolo arresto;Curva a visuale libera;Una carreggiata a senso unico di marcia;Asciutto;Asfaltata;Verticale ed orizzontale;Sereno;Normale;Buona;Ore Diurne;0;0;0;2;12,53288;41,86223;0;1;Autovettura privata;In marcia / fermata / arresto;Nissan;QASHQAI;Conducente;1979;F;Illeso;0;;Non accertato;Inesploso
3639299;9;15/01/2018 08:15:00;Strada Urbana;VIA APPIA NUOVA;da specificare;;;;fronte VIA ARCO DI TRAVERTINO;Veicolo in marcia contro veicolo arresto;Curva a visuale libera;Una carreggiata a senso unico di marcia;Asciutto;Asfaltata;Verticale ed orizzontale;Sereno;Normale;Buona;Ore Diurne;0;0;0;2;12,53288;41,86223;0;2;Autovettura privata;In marcia / fermata / arresto;Renault;Twingo;Conducente;1970;M;Illeso;0;;Non accertato;
3639300;7;12/01/2018 12:15:00;Strada Urbana;VIA PAPIRIA;all'intersezione con;VIA CALPURNIO PISONE;VIA CALPURNIO PISONE;;;Scontro laterale fra veicoli in marcia;Incrocio;Una carreggiata a doppio senso;Asciutto;Asfaltata;Verticale ed orizzontale;Nuvoloso;Intenso;Buona;Ore Diurne;0;0;0;4;12,56233;41,86322;0;1;Autovettura privata;In marcia / fermata / arresto;Fiat;Panda;Conducente;1937;F;Illeso;0;;Non accertato;Inesploso
3639300;7;12/01/2018 12:15:00;Strada Urbana;VIA PAPIRIA;all'intersezione con;VIA CALPURNIO PISONE;VIA CALPURNIO PISONE;;;Scontro laterale fra veicoli in marcia;Incrocio;Una carreggiata a doppio senso;Asciutto;Asfaltata;Verticale ed orizzontale;Nuvoloso;Intenso;Buona;Ore Diurne;0;0;0;4;12,56233;41,86322;0;2;Autovettura privata;In marcia / fermata / arresto;Alfa Romeo;Giulietta;Conducente;1995;M;Illeso;0;;Non accertato;Inesploso
3639300;7;12/01/2018 12:15:00;Strada Urbana;VIA PAPIRIA;all'intersezione con;VIA CALPURNIO PISONE;VIA CALPURNIO PISONE;;;Scontro laterale fra veicoli in marcia;Incrocio;Una carreggiata a doppio senso;Asciutto;Asfaltata;Verticale ed orizzontale;Nuvoloso;Intenso;Buona;Ore Diurne;0;0;0;4;12,56233;41,86322;0;2;Autovettura privata;In marcia / fermata / arresto;Alfa Romeo;Giulietta;Passeggero;1996;F;Illeso;0;;Non accertato;Inesploso
3639300;7;12/01/2018 12:15:00;Strada Urbana;VIA PAPIRIA;all'intersezione con;VIA CALPURNIO PISONE;VIA CALPURNIO PISONE;;;Scontro laterale fra veicoli in marcia;Incrocio;Una carreggiata a doppio senso;Asciutto;Asfaltata;Verticale ed orizzontale;Nuvoloso;Intenso;Buona;Ore Diurne;0;0;0;4;12,56233;41,86322;0;3;Autovettura privata;In marcia / fermata / arresto;Renault;Twingo;Conducente;1978;F;Illeso;0;;Non accertato;Inesploso
3639305;4;14/01/2018 20:15:00;;VIA DI CASAL BOCCONE;all'intersezione con;VIA GRAZIA DELEDDA;VIA GRAZIA DELEDDA;;;Tamponamento Multiplo;;;;;;;;;;2;0;0;4;;;0;1;Autovettura privata;In marcia / fermata / arresto;Alfa Romeo;159;Conducente;1991;F;Illeso;0;;;