Protocollo;Gruppo;DataOraIncidente;Localizzazione1;STRADA1;Localizzazione2;STRADA2;Strada02;Chilometrica;DaSpecificare;NaturaIncidente;particolaritastrade;TipoStrada;FondoStradale;Pavimentazione;Segnaletica;CondizioneAtmosferica;Traffico;Visibilita;Illuminazione;NUM_FERITI;NUM_RISERVATA;NUM_MORTI;NUM_ILLESI;Longitudine;Latitudine;Confermato;Progressivo;TipoVeicolo;StatoVeicolo;Marca;Modello;TipoPersona;AnnoNascita;Sesso;Tipolesione;Deceduto;DecedutoDopo;CinturaCascoUtilizzato;Airbag;
3639305;4;14/01/2018 20:15:00;;VIA DI CASAL BOCCONE;all'intersezione con;VIA GRAZIA DELEDDA;VIA GRAZIA DELEDDA;;;Tamponamento Multiplo;;;;;;;;;;2;0;0;4;;;0;1;Autovettura privata;In marcia / fermata / arresto;Alfa Romeo;159;Passeggero;1955;F;Illeso;0;;;
3639305;4;14/01/2018 20:15:00;;VIA DI CASAL BOCCONE;all'intersezione con;VIA GRAZIA DELEDDA;VIA GRAZIA DELEDDA;;;Tamponamento Multiplo;;;;;;;;;;2;0;0;4;;;0;2;Autovettura privata;In marcia / fermata / arresto;Toyota;Yaris;Conducente;1952;M;Rifiuta cure immediate;0;NON DECEDUTO;;
3639305;4;14/01/2018 20:15:00;;VIA DI CASAL BOCCONE;all'intersezione con;VIA GRAZIA DELEDDA;VIA GRAZIA DELEDDA;;;Tamponamento Multiplo;;;;;;;;;;2;0;0;4;;;0;2;Autovettura privata;In marcia / fermata / arresto;Toyota;Yaris;Passeggero;1992;F;Rifiuta cure immediate;0;NON DECEDUTO;;
3639305;4;14/01/2018 20:15:00;;VIA DI CASAL BOCCONE;all'intersezione con;VIA GRAZIA DELEDDA;VIA GRAZIA DELEDDA;;;Tamponamento Multiplo;;;;;;;;;;2;0;0;4;;;0;3;Autovettura privata;In marcia / fermata / arresto;Toyota;Yaris;Conducente;1976;M;Illeso;0;;;
3639305;4;14/01/2018 20:15:00;;VIA DI CASAL BOCCONE;all'intersezione con;VIA GRAZIA DELEDDA;VIA GRAZIA DELEDDA;;;Tamponamento Multiplo;;;;;;;;;;2;0;0;4;;;0;3;Autovettura privata;In marcia / fermata / arresto;Toyota;Yaris;Passeggero;1976;F;Illeso;0;;;
3639306;7;13/01/2018 08:00:00;;VIALE PALMIRO TOGLIATTI;in corrispondenza;;del civico n.;682;;Tamponamento;;;;;;;;;;0;0;0;3;12,57342;41,88042;0;1;Altro;In marcia / fermata / arresto;Fiat;Iveco;Conducente;1967;M;Illeso;0;;;
3639306;7;13/01/2018 08:00:00;;VIALE PALMIRO TOGLIATTI;in corrispondenza;;del civico n.;682;;Tamponamento;;;;;;;;;;0;0;0;3;12,57342;41,88042;0;1;Altro;In marcia / fermata / arresto;Fiat;Iveco;Passeggero;1976;M;Illeso;0;;;
3639306;7;13/01/2018 08:00:00;;VIALE PALMIRO TOGLIATTI;in corrispondenza;;del civico n.;682;;Tamponamento;;;;;;;;;;0;0;0;3;12,57342;41,88042;0;2;Autovettura privata;In marcia / fermata / arresto;Volkswagen;Golf;Conducente;1971;M;Illeso;0;;;
3639309;13;14/01/2018 17:10:00;;VIA DOMENICO DA PONZO;da specificare;;;;prox intersezione via di dragone;Veicolo in marcia contro ostacolo accidentale;;;;;;;;;;0;0;0;1;;;0;1;Autovettura privata;In marcia / fermata / arresto;Opel;Astra;Conducente;1982;M;Illeso;0;;;
3639319;19;15/01/2018 10:00:00;Strada Urbana;VIA LUIGI ARBIB PASCUCCI;all'intersezione con;VIA BERNARDO BARBIELLINI AMIDEI;VIA BERNARDO BARBIELLINI AMIDEI;;;Scontro laterale fra veicoli in marcia;Incrocio;Una carreggiata a senso unico di marcia;Bagnato (pioggia);Asfaltata;Verticale ed orizzontale;Sereno;Normale;Buona;Ore Diurne;1;0;0;1;12,4277;41,92609;-1;1;Motociclo a solo;In marcia / fermata / arresto;Honda;FJS 400 D;Conducente;1967;M;Rifiuta cure immediate;0;NON DECEDUTO;;
3639319;19;15/01/2018 10:00:00;Strada Urbana;VIA LUIGI ARBIB PASCUCCI;all'intersezione con;VIA BERNARDO BARBIELLINI AMIDEI;VIA BERNARDO BARBIELLINI AMIDEI;;;Scontro laterale fra veicoli in marcia;Incrocio;Una carreggiata a senso unico di marcia;Bagnato (pioggia);Asfaltata;Verticale ed orizzontale;Sereno;Normale;Buona;Ore Diurne;1;0;0;1;12,4277;41,92609;-1;2;Autovettura privata;In marcia / fermata / arresto;Citroen;C 4 Picasso;Conducente;1972;M;Illeso;0;;;
3639356;17;15/01/2018 09:30:00;Strada Urbana;VIA DELLA GIULIANA;all'intersezione con;VIA RODI;VIA RODI;;;Scontro laterale fra veicoli in marcia;Incrocio;Una carreggiata a doppio senso;Bagnato (pioggia);Asfaltata;Verticale ed orizzontale;Sereno;Normale;Buona;Ore Diurne;1;0;0;1;;;0;1;Autoveicolo trasp.promisc.;In marcia / fermata / arresto;Volvo;V 60;Conducente;1968;M;Illeso;0;;Non accertato;Inesploso
3639356;17;15/01/2018 09:30:00;Strada Urbana;VIA DELLA GIULIANA;all'intersezione con;VIA RODI;VIA RODI;;;Scontro laterale fra veicoli in marcia;Incrocio;Una carreggiata a doppio senso;Bagnato (pioggia);Asfaltata;Verticale ed orizzontale;Sereno;Normale;Buona;Ore Diurne;1;0;0;1;;;0;2;Motociclo a solo;In marcia / fermata / arresto;Honda;SH 150;Conducente;1989;M;Rimandato;0;NON DECEDUTO;Non accertato;
3639361;13;14/01/2018 12:25:00;;VIA PUNTA DEL SARACENO;in prossimità;;del civico n.;48;;Scontro frontale/laterale DX fra veicoli in marcia;;;;;;;;;;0;0;0;5;;;0;1;Autovettura privata;In marcia / fermata / arresto;Citroen;C3 Picasso;Conducente;1972;M;Illeso;0;;Non accertato;Inesploso
3639361;13;14/01/2018 12:25:00;;VIA PUNTA DEL SARACENO;in prossimità;;del civico n.;48;;Scontro frontale/laterale DX fra veicoli in marcia;;;;;;;;;;0;0;0;5;;;0;1;Autovettura privata;In marcia / fermata / arresto;Citroen;C3 Picasso;Passeggero;1972;F;Illeso;0;;Non accertato;Inesploso
3639361;13;14/01/2018 12:25:00;;VIA PUNTA DEL SARACENO;in prossimità;;del civico n.;48;;Scontro frontale/laterale DX fra veicoli in marcia;;;;;;;;;;0;0;0;5;;;0;1;Autovettura privata;In marcia / fermata / arresto;Citroen;C3 Picasso;Passeggero;2005;M;Illeso;0;;Non accertato;Inesploso
3639361;13;14/01/2018 12:25:00;;VIA PUNTA DEL SARACENO;in prossimità;;del civico n.;48;;Scontro frontale/laterale DX fra veicoli in marcia;;;;;;;;;;0;0;0;5;;;0;1;Autovettura privata;In marcia / fermata / arresto;Citroen;C3 Picasso;Passeggero;2009;M;Illeso;0;;Non accertato;Inesploso
3639361;13;14/01/2018 12:25:00;;VIA PUNTA DEL SARACENO;in prossimità;;del civico n.;48;;Scontro frontale/laterale DX fra veicoli in marcia;;;;;;;;;;0;0;0;5;;;0;2;Autovettura privata;In marcia / fermata / arresto;Citroen;C1;Conducente;1957;F;Illeso;0;;Non accertato;Inesploso
3639362;7;15/01/2018 08:45:00;Provinciale entro l'abitato;VIA PRENESTINA;all'intersezione semaforizzata con;VIALE PALMIRO TOGLIATTI;VIALE PALMIRO TOGLIATTI;;;Scontro frontale/laterale SX fra veicoli in marcia;Intersezione semaforizzata;Una carreggiata a doppio senso;Asciutto;Asfaltata;Verticale ed orizzontale;Sereno;Intenso;Buona;Ore Diurne;1;0;0;2;12,61059;41,89346;0;1;Motociclo a solo;In marcia / fermata / arresto;BMW;(ignoto);Conducente;1954;M;Ricoverato;0;NON DECEDUTO;Utilizzato;
3639362;7;15/01/2018 08:45:00;Provinciale entro l'abitato;VIA PRENESTINA;all'intersezione semaforizzata con;VIALE PALMIRO TOGLIATTI;VIALE PALMIRO TOGLIATTI;;;Scontro frontale/laterale SX fra veicoli in marcia;Intersezione semaforizzata;Una carreggiata a doppio senso;Asciutto;Asfaltata;Verticale ed orizzontale;Sereno;Intenso;Buona;Ore Diurne;1;0;0;2;12,61059;41,89346;0;2;Autovettura privata;In marcia / fermata / arresto;Fiat;Panda;Conducente;1953;F;Illeso;0;;Non accertato;Inesploso
3639362;7;15/01/2018 08:45:00;Provinciale entro l'abitato;VIA PRENESTINA;all'intersezione semaforizzata con;VIALE PALMIRO TOGLIATTI;VIALE PALMIRO TOGLIATTI;;;Scontro frontale/laterale SX fra veicoli in marcia;Intersezione semaforizzata;Una carreggiata a doppio senso;Asciutto;Asfaltata;Verticale ed orizzontale;Sereno;Intenso;Buona;Ore Diurne;1;0;0;2;12,61059;41,89346;0;3;Autovettura privata;In marcia / fermata / arresto;Toyota;Yaris;Conducente;1972;M;Illeso;0;;Non accertato;Inesploso
3639363;13;14/01/2018 15:20:00;;VIA CREMOSANO;all'intersezione con;VIA CASTELLUCCHIO;VIA CASTELLUCCHIO;;;Scontro frontale/laterale DX fra veicoli in marcia;;;;;;;;;;0;0;0;4;;;0;1;Autovettura privata;In marcia / fermata / arresto;Fiat;500 X;Conducente;1967;M;Illeso;0;;Non accertato;
3639363;13;14/01/2018 15:20:00;;VIA CREMOSANO;all'intersezione con;VIA CASTELLUCCHIO;VIA CASTELLUCCHIO;;;Scontro frontale/laterale DX fra veicoli in marcia;;;;;;;;;;0;0;0;4;;;0;1;Autovettura privata;In marcia / fermata / arresto;Fiat;500 X;Passeggero;1971;F;Illeso;0;;Non accertato;
3639363;13;14/01/2018 15:20:00;;VIA CREMOSANO;all'intersezione con;VIA CASTELLUCCHIO;VIA CASTELLUCCHIO;;;Scontro frontale/laterale DX fra veicoli in marcia;;;;;;;;;;0;0;0;4;;;0;2;Autovettura privata;In marcia / fermata / arresto;Ford;Mondeo;Conducente;1997;M;Illeso;0;;Non accertato;Inesploso
3639363;13;14/01/2018 15:20:00;;VIA CREMOSANO;all'intersezione con;VIA CASTELLUCCHIO;VIA CASTELLUCCHIO;;;Scontro frontale/laterale DX fra veicoli in marcia;;;;;;;;;;0;0;0;4;;;0;2;Autovettura privata;In marcia / fermata / arresto;Ford;Mondeo;Passeggero;1997;M;Illeso;0;;;
3639367;19;14/01/2018 16:00:00;Strada Urbana;PIAZZA GIOVENALE;all'intersezione con;VIA DUCCIO GALIMBERTI;VIA DUCCIO GALIMBERTI;;;Scontro laterale fra veicoli in marcia;Incrocio;Una carreggiata a senso unico di marcia;Asciutto;Asfaltata;Verticale ed orizzontale;Sereno;Scarso;Buona;Ore Diurne;0;0;0;2;;;0;1;Autovettura privata;In marcia / fermata / arresto;Mercedes;Smart Fortwo Coupè;Conducente;1987;M;Illeso;0;;Utilizzato;Inesploso
3639367;19;14/01/2018 16:00:00;Strada Urbana;PIAZZA GIOVENALE;all'intersezione con;VIA DUCCIO GALIMBERTI;VIA DUCCIO GALIMBERTI;;;Scontro laterale fra veicoli in marcia;Incrocio;Una carreggiata a senso unico di marcia;Asciutto;Asfaltata;Verticale ed orizzontale;Sereno;Scarso;Buona;Ore Diurne;0;0;0;2;;;0;1;Autovettura privata;In marcia / fermata / arresto;Mercedes;Smart Fortwo Coupè;Passeggero;1993;F;Illeso;0;;;
3639413;7;13/01/2018 18:00:00;;VIA PRENESTINA BIS;all'intersezione con;VIA PRENESTINA;VIA PRENESTINA;;;Scontro laterale fra veicoli in marcia;;;;;;;;;;0;0;0;3;;;0;1;Autovettura privata;In marcia / fermata / arresto;Citroen;C 3;Conducente;1938;M;Illeso;0;;;
3639413;7;13/01/2018 18:00:00;;VIA PRENESTINA BIS;all'intersezione con;VIA PRENESTINA;VIA PRENESTINA;;;Scontro laterale fra veicoli in marcia;;;;;;;;;;0;0;0;3;;;0;1;Autovettura privata;In marcia / fermata / arresto;Citroen;C 3;Passeggero;1948;F;Illeso;0;;;
3639413;7;13/01/2018 18:00:00;;VIA PRENESTINA BIS;all'intersezione con;VIA PRENESTINA;VIA PRENESTINA;;;Scontro laterale fra veicoli in marcia;;;;;;;;;;0;0;0;3;;;0;2;Autovettura privata;In marcia / fermata / arresto;Opel;Corsa;Conducente;1974;F;Illeso;0;;;
3639432;7;14/01/2018 02:20:00;;VIA TUSCOLANA;all'intersezione con;CIRCONVALLAZIONE TUSCOLANA;CIRCONVALLAZIONE TUSCOLANA;;;Scontro frontale fra veicoli in marcia;;;;;;;;;;0;0;0;5;12,57891;41,84636;0;1;Autovettura privata;In marcia / fermata / arresto;Daewoo;Matiz;Conducente;1996;M;Illeso;0;;;
3639432;7;14/01/2018 02:20:00;;VIA TUSCOLANA;all'intersezione con;CIRCONVALLAZIONE TUSCOLANA;CIRCONVALLAZIONE TUSCOLANA;;;Scontro frontale fra veicoli in marcia;;;;;;;;;;0;0;0;5;12,57891;41,84636;0;1;Autovettura privata;In marcia / fermata / arresto;Daewoo;Matiz;Passeggero;0;M;Illeso;0;;;
3639432;7;14/01/2018 02:20:00;;VIA TUSCOLANA;all'intersezione con;CIRCONVALLAZIONE TUSCOLANA;CIRCONVALLAZIONE TUSCOLANA;;;Scontro frontale fra veicoli in marcia;;;;;;;;;;0;0;0;5;12,57891;41,84636;0;2;Autovettura privata;In marcia / fermata / arresto;Alfa Romeo;MITO;Conducente;1968;M;Illeso;0;;;
3639438;12;14/01/2018 01:20:00;Strada Urbana;VIA GABRIELLO CHIABRERA;all'intersezione con;VIA SILVIO D'AMICO;VIA SILVIO D'AMICO;;;Tamponamento;Incrocio;Due carreggiate;Asciutto;Asfaltata;Verticale ed orizzontale;Sereno;Scarso;Sufficiente;Sufficiente;0;0;0;3;12,47864;41,85176;0;1;Autovettura privata;In marcia / fermata / arresto;Mercedes; GLK 220;Conducente;1987;M;Illeso;0;;Utilizzato;Inesploso
3639438;12;14/01/2018 01:20:00;Strada Urbana;VIA GABRIELLO CHIABRERA;all'intersezione con;VIA SILVIO D'AMICO;VIA SILVIO D'AMICO;;;Tamponamento;Incrocio;Due carreggiate;Asciutto;Asfaltata;Verticale ed orizzontale;Sereno;Scarso;Sufficiente;Sufficiente;0;0;0;3;12,47864;41,85176;0;1;Autovettura privata;In marcia / fermata / arresto;Mercedes; GLK 220;Passeggero;1994;F;Illeso;0;;Utilizzato;Inesploso
3639438;12;14/01/2018 01:20:00;Strada Urbana;VIA GABRIELLO CHIABRERA;all'intersezione con;VIA SILVIO D'AMICO;VIA SILVIO D'AMICO;;;Tamponamento;Incrocio;Due carreggiate;Asciutto;Asfaltata;Verticale ed orizzontale;Sereno;Scarso;Sufficiente;Sufficiente;0;0;0;3;12,47864;41,85176;0;2;Autocarro inferiore 35 q.;In marcia / fermata / arresto;Fiat;Ducato;Conducente;1988;;Illeso;0;;;
3639439;12;04/01/2018 09:05:00;Strada Urbana;VIA CRISTOFORO COLOMBO;da specificare;;;;immissione viale carlo levi direzione roma;Scontro laterale fra veicoli in marcia;Rettilineo;Due carreggiate;Asciutto;Asfaltata;Verticale ed orizzontale;Sereno;Normale;Buona;Ore Diurne;0;0;0;4;12,45988;41,81146;0;1;Autovettura privata;In marcia / fermata / arresto;Ford;Mondeo;Conducente;1991;M;Illeso;0;;;
3639439;12;04/01/2018 09:05:00;Strada Urbana;VIA CRISTOFORO COLOMBO;da specificare;;;;immissione viale carlo levi direzione roma;Scontro laterale fra veicoli in marcia;Rettilineo;Due carreggiate;Asciutto;Asfaltata;Verticale ed orizzontale;Sereno;Normale;Buona;Ore Diurne;0;0;0;4;12,45988;41,81146;0;1;Autovettura privata;In marcia / fermata / arresto;Ford;Mondeo;Passeggero;1985;M;Illeso;0;;;
3639439;12;04/01/2018 09:05:00;Strada Urbana;VIA CRISTOFORO COLOMBO;da specificare;;;;immissione viale carlo levi direzione roma;Scontro laterale fra veicoli in marcia;Rettilineo;Due carreggiate;Asciutto;Asfaltata;Verticale ed orizzontale;Sereno;Normale;Buona;Ore Diurne;0;0;0;4;12,45988;41,81146;0;2;Autovettura privata;In marcia / fermata / arresto;Citroen;JUMPER;Conducente;1969;M;Illeso;0;;;
3639439;12;04/01/2018 09:05:00;Strada Urbana;VIA CRISTOFORO COLOMBO;da specificare;;;;immissione viale carlo levi direzione roma;Scontro laterale fra veicoli in marcia;Rettilineo;Due carreggiate;Asciutto;Asfaltata;Verticale ed orizzontale;Sereno;Normale;Buona;Ore Diurne;0;0;0;4;12,45988;41,81146;0;2;Autovettura privata;In marcia / fermata / arresto;Citroen;JUMPER;Passeggero;1977;M;Illeso;0;;;
3639442;7;15/01/2018 07:20:00;Strada Urbana;VIALE DELLA BELLA VILLA;all'intersezione con;VIA DEL GRANO;VIA DEL GRANO;;;Scontro frontale/laterale SX fra veicoli in marcia;Incrocio;Una carreggiata a doppio senso;Asciutto;Asfaltata;Verticale;Sereno;Scarso;Buona;Ore Diurne;0;0;0;3;12,57982;41,87279;0;1;Autovettura privata;In marcia / fermata / arresto;Volkswagen;Passat;Conducente;1983;M;Illeso;0;;Non accertato;Inesploso
3639442;7;15/01/2018 07:20:00;Strada Urbana;VIALE DELLA BELLA VILLA;all'intersezione con;VIA DEL GRANO;VIA DEL GRANO;;;Scontro frontale/laterale SX fra veicoli in marcia;Incrocio;Una carreggiata a doppio senso;Asciutto;Asfaltata;Verticale;Sereno;Scarso;Buona;Ore Diurne;0;0;0;3;12,57982;41,87279;0;1;Autovettura privata;In marcia / fermata / arresto;Volkswagen;Passat;Passeggero;1987;F;Illeso;0;;Non accertato;Inesploso
3639442;7;15/01/2018 07:20:00;Strada Urbana;VIALE DELLA BELLA VILLA;all'intersezione con;VIA DEL GRANO;VIA DEL GRANO;;;Scontro frontale/laterale SX fra veicoli in marcia;Incrocio;Una carreggiata a doppio senso;Asciutto;Asfaltata;Verticale;Sereno;Scarso;Buona;Ore Diurne;0;0;0;3;12,57982;41,87279;0;2;Autovettura privata;In marcia / fermata / arresto;Citroen;C2;Conducente;1992;M;Illeso;0;;Non accertato;Inesploso
3639444;2;14/01/2018 11:30:00;;VIA ENDERTA';in prossimità;;del civico n.;15;;Veicolo in marcia contro ostacolo fisso;;;;;;;;;;0;0;0;2;;;0;1;Autovettura privata;In marcia / fermata / arresto;Alfa Romeo;147;Conducente;1959;M;Illeso;0;;;
3639444;2;14/01/2018 11:30:00;;VIA ENDERTA';in prossimità;;del civico n.;15;;Veicolo in marcia contro ostacolo fisso;;;;;;;;;;0;0;0;2;;;0;2;Autovettura privata;In marcia / fermata / arresto;Ford;Focus;Conducente;1952;M;Illeso;0;;;
3639451;9;15/01/2018 10:30:00;Strada Urbana;VIALE FURIO CAMILLO;in prossimità;;del civico n.;54;;Scontro laterale fra veicoli in marcia;Rettilineo;Due carreggiate;Asciutto;Asfaltata;Assente;Sereno;Normale;Buona;Sufficiente;0;0;0;4;;;0;1;Autovettura privata;In marcia / fermata / arresto;Citroen;Xsara;Conducente;1937;M;Illeso;0;;Non accertato;Inesploso
3639451;9;15/01/2018 10:30:00;Strada Urbana;VIALE FURIO CAMILLO;in prossimità;;del civico n.;54;;Scontro laterale fra veicoli in marcia;Rettilineo;Due carreggiate;Asciutto;Asfaltata;Assente;Sereno;Normale;Buona;Sufficiente;0;0;0;4;;;0;1;Autovettura privata;In marcia / fermata / arresto;Citroen;Xsara;Passeggero;1976;F;Illeso;0;;Non accertato;Inesploso
3639451;9;15/01/2018 10:30:00;Strada Urbana;VIALE FURIO CAMILLO;in prossimità;;del civico n.;54;;Scontro laterale fra veicoli in marcia;Rettilineo;Due carreggiate;Asciutto;Asfaltata;Assente;Sereno;Normale;Buona;Sufficiente;0;0;0;4;;;0;2;Autovettura privata;In marcia / fermata / arresto;Fiat;Panda;Conducente;1964;M;Illeso;0;;Non accertato;Inesploso
3639451;9;15/01/2018 10:30:00;Strada Urbana;VIALE FURIO CAMILLO;in prossimità;;del civico n.;54;;Scontro laterale fra veicoli in marcia;Rettilineo;Due carreggiate;Asciutto;Asfaltata;Assente;Sereno;Normale;Buona;Sufficiente;0;0;0;4;;;0;2;Autovettura privata;In marcia / fermata / arresto;Fiat;Panda;Passeggero;1970;M;Illeso;0;;Non accertato;Inesploso
3639466;18;13/01/2018 17:40:00;Strada Urbana;VIA DI BOCCEA;da specificare;;;;PROSSIMITA' 450;Scontro laterale fra veicoli in marcia;Curva a visuale libera;Due carreggiate;Asciutto;Asfaltata;Verticale ed orizzontale;Sereno;Normale;Sufficiente;Sufficiente;1;0;0;2;;;0;1;Motociclo a solo;In marcia / fermata / arresto;Honda;SH;Conducente;1969;M;Rimandato;0;NON DECEDUTO;Utilizzato;
3639466;18;13/01/2018 17:40:00;Strada Urbana;VIA DI BOCCEA;da specificare;;;;PROSSIMITA' 450;Scontro laterale fra veicoli in marcia;Curva a visuale libera;Due carreggiate;Asciutto;Asfaltata;Verticale ed orizzontale;Sereno;Normale;Sufficiente;Sufficiente;1;0;0;2;;;0;2;Autovettura privata;In marcia / fermata / arresto;Fiat;Panda;Conducente;1969;F;Illeso;0;;Non accertato;Inesploso
3639466;18;13/01/2018 17:40:00;Strada Urbana;VIA DI BOCCEA;da specificare;;;;PROSSIMITA' 450;Scontro laterale fra veicoli in marcia;Curva a visuale libera;Due carreggiate;Asciutto;Asfaltata;Verticale ed orizzontale;Sereno;Normale;Sufficiente;Sufficiente;1;0;0;2;;;0;2;Autovettura privata;In marcia / fermata / arresto;Fiat;Panda;Passeggero;2007;F;Illeso;0;;Non accertato;Inesistente
3639487;2;14/01/2018 20:30:00;;VIA GAETANO DONIZETTI;all'intersezione con;VIA GASPARE SPONTINI;VIA GASPARE SPONTINI;;;Veicolo in marcia contro veicolo fermo;;;;;;;;;;0;0;0;4;;;0;1;Autovettura privata;In marcia / fermata / arresto;Audi;(ignoto);Conducente;1991;M;Illeso;0;;;
3639487;2;14/01/2018 20:30:00;;VIA GAETANO DONIZETTI;all'intersezione con;VIA GASPARE SPONTINI;VIA GASPARE SPONTINI;;;Veicolo in marcia contro veicolo fermo;;;;;;;;;;0;0;0;4;;;0;1;Autovettura privata;In marcia / fermata / arresto;Audi;(ignoto);Passeggero;1991;F;Illeso;0;;;
3639487;2;14/01/2018 20:30:00;;VIA GAETANO DONIZETTI;all'intersezione con;VIA GASPARE SPONTINI;VIA GASPARE SPONTINI;;;Veicolo in marcia contro veicolo fermo;;;;;;;;;;0;0;0;4;;;0;2;Autovettura privata;In marcia / fermata / arresto;Toyota;Auris;Conducente;1947;M;Illeso;0;;;
3639487;2;14/01/2018 20:30:00;;VIA GAETANO DONIZETTI;all'intersezione con;VIA GASPARE SPONTINI;VIA GASPARE SPONTINI;;;Veicolo in marcia contro veicolo fermo;;;;;;;;;;0;0;0;4;;;0;2;Autovettura privata;In marcia / fermata / arresto;Toyota;Auris;Passeggero;1955;F;Illeso;0;;;
3639506;7;14/01/2018 00:40:00;;VIALE PALMIRO TOGLIATTI;in corrispondenza;;del civico n.;75;;Scontro frontale fra veicoli in marcia;;;;;;;;;;0;0;0;6;12,57086;41,85637;0;1;Autovettura privata;In marcia / fermata / arresto;Nissan;QASHQAI;Conducente;0;M;Illeso;0;;;
3639506;7;14/01/2018 00:40:00;;VIALE PALMIRO TOGLIATTI;in corrispondenza;;del civico n.;75;;Scontro frontale fra veicoli in marcia;;;;;;;;;;0;0;0;6;12,57086;41,85637;0;2;Autovettura privata;In marcia / fermata / arresto;Fiat;500;Conducente;1951;M;Illeso;0;;;
3639506;7;14/01/2018 00:40:00;;VIALE PALMIRO TOGLIATTI;in corrispondenza;;del civico n.;75;;Scontro frontale fra veicoli in marcia;;;;;;;;;;0;0;0;6;12,57086;41,85637;0;2;Autovettura privata;In marcia / fermata / arresto;Fiat;500;Passeggero;1954;M;Illeso;0;;;
3639506;7;14/01/2018 00:40:00;;VIALE PALMIRO TOGLIATTI;in corrispondenza;;del civico n.;75;;Scontro frontale fra veicoli in marcia;;;;;;;;;;0;0;0;6;12,57086;41,85637;0;3;Autovettura privata;In marcia / fermata / arresto;Fiat;600;Conducente;1997;M;Illeso;0;;;
3639506;7;14/01/2018 00:40:00;;VIALE PALMIRO TOGLIATTI;in corrispondenza;;del civico n.;75;;Scontro frontale fra veicoli in marcia;;;;;;;;;;0;0;0;6;12,57086;41,85637;0;3;Autovettura privata;In marcia / fermata / arresto;Fiat;600;Passeggero;0;M;Illeso;0;;;
3639509;2;14/01/2018 15:00:00;;VIALE REGINA MARGHERITA;all'intersezione semaforizzata con;VIA BASENTO;VIA BASENTO;;;Scontro frontale/laterale SX fra veicoli in marcia;;;;;;;;;;0;0;0;2;;;0;1;Autovettura privata;In marcia / fermata / arresto;Suzuki;Swift;Conducente;1974;M;Illeso;0;;Non accertato;Inesploso
3639509;2;14/01/2018 15:00:00;;VIALE REGINA MARGHERITA;all'intersezione semaforizzata con;VIA BASENTO;VIA BASENTO;;;Scontro frontale/laterale SX fra veicoli in marcia;;;;;;;;;;0;0;0;2;;;0;2;Autovettura privata;In marcia / fermata / arresto;Opel;Astra;Conducente;1998;M;Illeso;0;;Non utilizzato;Inesploso
3639521;12;05/01/2018 11:10:00;Strada Urbana;VIALE CAMILLO SABATINI;in prossimità;;del civico n.;165;;Tamponamento Multiplo;Rettilineo;Una carreggiata a doppio senso;Asciutto;Asfaltata;Verticale ed orizzontale;Sereno;Normale;Buona;Ore Diurne;0;0;0;4;12,43886;41,81697;0;1;Autovettura privata;In marcia / fermata / arresto;Smart ;FORTWO;Conducente;1992;F;Illeso;0;;Utilizzato;Inesploso
3639521;12;05/01/2018 11:10:00;Strada Urbana;VIALE CAMILLO SABATINI;in prossimità;;del civico n.;165;;Tamponamento Multiplo;Rettilineo;Una carreggiata a doppio senso;Asciutto;Asfaltata;Verticale ed orizzontale;Sereno;Normale;Buona;Ore Diurne;0;0;0;4;12,43886;41,81697;0;2;Autovettura privata;In marcia / fermata / arresto;Toyota;Rav 4;Conducente;1974;F;Illeso;0;;Utilizzato;Inesploso
3639521;12;05/01/2018 11:10:00;Strada Urbana;VIALE CAMILLO SABATINI;in prossimità;;del civico n.;165;;Tamponamento Multiplo;Rettilineo;Una carreggiata a doppio senso;Asciutto;Asfaltata;Verticale ed orizzontale;Sereno;Normale;Buona;Ore Diurne;0;0;0;4;12,43886;41,81697;0;2;Autovettura privata;In marcia / fermata / arresto;Toyota;Rav 4;Passeggero;2006;F;Illeso;0;;Utilizzato;Inesploso
3639521;12;05/01/2018 11:10:00;Strada Urbana;VIALE CAMILLO SABATINI;in prossimità;;del civico n.;165;;Tamponamento Multiplo;Rettilineo;Una carreggiata a doppio senso;Asciutto;Asfaltata;Verticale ed orizzontale;Sereno;Normale;Buona;Ore Diurne;0;0;0;4;12,43886;41,81697;0;3;Autovettura privata;In marcia / fermata / arresto;Fiat;Panda;Conducente;1957;F;Illeso;0;;Utilizzato;Inesploso
3639536;16;12/01/2018 11:40:00;;VIA CESARE PASCARELLA;in prossimità;;del civico n.;11/13;;Scontro laterale fra veicoli in marcia;;;;;;;;;;0;0;0;2;;;0;1;Autovettura privata;In marcia / fermata / arresto;Opel;AGILA;Conducente;0;M;Illeso;0;;;
3639536;16;12/01/2018 11:40:00;;VIA CESARE PASCARELLA;in prossimità;;del civico n.;11/13;;Scontro laterale fra veicoli in marcia;;;;;;;;;;0;0;0;2;;;0;2;Motociclo a solo;In marcia / fermata / arresto;Kawasaki;Versys;Conducente;0;M;Illeso;0;;;
3639541;13;14/01/2018 22:10:00;;VIALE CAPITAN CONSALVO;all'intersezione con;VIALE CARDINAL GINNASI;VIALE CARDINAL GINNASI;;;Scontro laterale fra veicoli in marcia;;;;;;;;;;0;0;0;2;;;0;1;Autovettura privata;In marcia / fermata / arresto;Opel;Corsa;Conducente;1998;M;Illeso;0;;Non accertato;Inesploso
3639541;13;14/01/2018 22:10:00;;VIALE CAPITAN CONSALVO;all'intersezione con;VIALE CARDINAL GINNASI;VIALE CARDINAL GINNASI;;;Scontro laterale fra veicoli in marcia;;;;;;;;;;0;0;0;2;;;0;2;Autovettura privata;In marcia / fermata / arresto;Toyota;Aygo;Conducente;1977;F;Illeso;0;;Non accertato;Inesploso