Protocollo;Gruppo;DataOraIncidente;Localizzazione1;STRADA1;Localizzazione2;STRADA2;Strada02;Chilometrica;DaSpecificare;NaturaIncidente;particolaritastrade;TipoStrada;FondoStradale;Pavimentazione;Segnaletica;CondizioneAtmosferica;Traffico;Visibilita;Illuminazione;NUM_FERITI;NUM_RISERVATA;NUM_MORTI;NUM_ILLESI;Longitudine;Latitudine;Confermato;Progressivo;TipoVeicolo;StatoVeicolo;Marca;Modello;TipoPersona;AnnoNascita;Sesso;Tipolesione;Deceduto;DecedutoDopo;CinturaCascoUtilizzato;Airbag;
3639601;6;12/01/2018 17:30:00;;VIA CONTE DI CARMAGNOLA;all'intersezione con;VIA ALBERTO DA GIUSSANO;VIA ALBERTO DA GIUSSANO;;;Investimento di pedone;;;;;;;;;;0;0;0;2;;;0;;;;;;Pedone;1946;F;Illeso;0;;;
3639601;6;12/01/2018 17:30:00;;VIA CONTE DI CARMAGNOLA;all'intersezione con;VIA ALBERTO DA GIUSSANO;VIA ALBERTO DA GIUSSANO;;;Investimento di pedone;;;;;;;;;;0;0;0;2;;;0;1;Autovettura privata;In marcia / fermata / arresto;Nissan;Micra;Conducente;1945;M;Illeso;0;;;
3639611;7;15/01/2018 11:20:00;Strada Urbana;VIA DELL'OMO;in prossimità;;del civico n.;55;;Scontro frontale/laterale SX fra veicoli in marcia;Rettilineo;Una carreggiata a senso unico di marcia;Asciutto;Asfaltata;Orizzontale;Sereno;Scarso;Buona;Ore Diurne;0;0;0;2;;;0;1;Autovettura privata;In marcia / fermata / arresto;Lancia;Y;Conducente;1978;M;Illeso;0;;Non accertato;Inesploso
3639611;7;15/01/2018 11:20:00;Strada Urbana;VIA DELL'OMO;in prossimità;;del civico n.;55;;Scontro frontale/laterale SX fra veicoli in marcia;Rettilineo;Una carreggiata a senso unico di marcia;Asciutto;Asfaltata;Orizzontale;Sereno;Scarso;Buona;Ore Diurne;0;0;0;2;;;0;2;Autovettura privata;In marcia / fermata / arresto;Volkswagen;Touran;Conducente;1958;M;Illeso;0;;Non accertato;Inesploso
3639613;12;15/01/2018 12:00:00;Strada Urbana;PIAZZA GUGLIELMO MARCONI;da specificare;;;;altezza viale della Civiltà Romana;Scontro laterale fra veicoli in marcia;Rotatoria;Due carreggiate;Asciutto;Asfaltata;Verticale ed orizzontale;Sereno;Normale;Buona;Ore Diurne;0;0;0;4;12,4712;41,83382;-1;1;Autovettura privata;In marcia / fermata / arresto;Daimler AG;Smart Fortwo coupè;Conducente;1960;F;Illeso;0;;Utilizzato;Inesploso
3639613;12;15/01/2018 12:00:00;Strada Urbana;PIAZZA GUGLIELMO MARCONI;da specificare;;;;altezza viale della Civiltà Romana;Scontro laterale fra veicoli in marcia;Rotatoria;Due carreggiate;Asciutto;Asfaltata;Verticale ed orizzontale;Sereno;Normale;Buona;Ore Diurne;0;0;0;4;12,4712;41,83382;-1;1;Autovettura privata;In marcia / fermata / arresto;Daimler AG;Smart Fortwo coupè;Passeggero;1998;F;Illeso;0;;Utilizzato;Inesploso
3639613;12;15/01/2018 12:00:00;Strada Urbana;PIAZZA GUGLIELMO MARCONI;da specificare;;;;altezza viale della Civiltà Romana;Scontro laterale fra veicoli in marcia;Rotatoria;Due carreggiate;Asciutto;Asfaltata;Verticale ed orizzontale;Sereno;Normale;Buona;Ore Diurne;0;0;0;4;12,4712;41,83382;-1;2;Autovettura privata;In marcia / fermata / arresto;BMW;116;Conducente;1988;M;Illeso;0;;Non accertato;Inesploso
3639613;12;15/01/2018 12:00:00;Strada Urbana;PIAZZA GUGLIELMO MARCONI;da specificare;;;;altezza viale della Civiltà Romana;Scontro laterale fra veicoli in marcia;Rotatoria;Due carreggiate;Asciutto;Asfaltata;Verticale ed orizzontale;Sereno;Normale;Buona;Ore Diurne;0;0;0;4;12,4712;41,83382;-1;2;Autovettura privata;In marcia / fermata / arresto;BMW;116;Passeggero;1988;F;Illeso;0;;Non accertato;Inesploso
3639648;11;15/01/2018 12:00:00;Strada Urbana;VIA GIUSEPPE GREZAR;all'intersezione con;LARGO JOSEMARIA ESCRIVA DE BALAGUER;LARGO JOSEMARIA ESCRIVA DE BALAGUER;;;Veicolo in marcia contro veicolo arresto;Intersezione non regolata/non segnalata;Una carreggiata a senso unico di marcia;Asciutto;Asfaltata;Verticale ed orizzontale;Nuvoloso;Scarso;Buona;Ore Diurne;0;0;0;3;12,49407;41,83603;-1;1;Autovettura privata;In marcia / fermata / arresto;Mercedes;B180;Conducente;1953;M;Illeso;0;;Non accertato;Inesploso
3639648;11;15/01/2018 12:00:00;Strada Urbana;VIA GIUSEPPE GREZAR;all'intersezione con;LARGO JOSEMARIA ESCRIVA DE BALAGUER;LARGO JOSEMARIA ESCRIVA DE BALAGUER;;;Veicolo in marcia contro veicolo arresto;Intersezione non regolata/non segnalata;Una carreggiata a senso unico di marcia;Asciutto;Asfaltata;Verticale ed orizzontale;Nuvoloso;Scarso;Buona;Ore Diurne;0;0;0;3;12,49407;41,83603;-1;1;Autovettura privata;In marcia / fermata / arresto;Mercedes;B180;Passeggero;1959;F;Illeso;0;;Non accertato;Inesploso
3639648;11;15/01/2018 12:00:00;Strada Urbana;VIA GIUSEPPE GREZAR;all'intersezione con;LARGO JOSEMARIA ESCRIVA DE BALAGUER;LARGO JOSEMARIA ESCRIVA DE BALAGUER;;;Veicolo in marcia contro veicolo arresto;Intersezione non regolata/non segnalata;Una carreggiata a senso unico di marcia;Asciutto;Asfaltata;Verticale ed orizzontale;Nuvoloso;Scarso;Buona;Ore Diurne;0;0;0;3;12,49407;41,83603;-1;2;Autovettura privata;Allontanatosi;Fiat;Punto;Passeggero;0;M;Illeso;0;;;
3639653;2;14/01/2018 15:30:00;;VIA ANAPO;all'intersezione con;VIA FOGLIANO;VIA FOGLIANO;;;Scontro frontale/laterale SX fra veicoli in marcia;;;;;;;;;;0;0;0;4;;;0;1;Autovettura privata;In marcia / fermata / arresto;Alfa Romeo;MITO;Conducente;1989;M;Illeso;0;;;
3639653;2;14/01/2018 15:30:00;;VIA ANAPO;all'intersezione con;VIA FOGLIANO;VIA FOGLIANO;;;Scontro frontale/laterale SX fra veicoli in marcia;;;;;;;;;;0;0;0;4;;;0;1;Autovettura privata;In marcia / fermata / arresto;Alfa Romeo;MITO;Passeggero;1990;F;Illeso;0;;Non accertato;Inesploso
3639653;2;14/01/2018 15:30:00;;VIA ANAPO;all'intersezione con;VIA FOGLIANO;VIA FOGLIANO;;;Scontro frontale/laterale SX fra veicoli in marcia;;;;;;;;;;0;0;0;4;;;0;2;Autovettura privata;In marcia / fermata / arresto;Mercedes;Classe A 180;Conducente;1951;;Illeso;0;;;
3639653;2;14/01/2018 15:30:00;;VIA ANAPO;all'intersezione con;VIA FOGLIANO;VIA FOGLIANO;;;Scontro frontale/laterale SX fra veicoli in marcia;;;;;;;;;;0;0;0;4;;;0;2;Autovettura privata;In marcia / fermata / arresto;Mercedes;Classe A 180;Passeggero;1953;F;Illeso;0;;Non utilizzato;Inesploso
3639742;17;15/01/2018 12:28:00;Strada Urbana;PIAZZA DELLA LIBERTA';da specificare;;;;in prossimità di Ponte Margherita;Scontro laterale fra veicoli in marcia;Rettilineo;Più di due carreggiate;Asciutto;Asfaltata;Verticale ed orizzontale;Sereno;Normale;Buona;Ore Diurne;0;0;0;3;;;0;1;Motociclo con passeggero;In marcia / fermata / arresto;ADIVA;(ignoto);Conducente;1966;M;Illeso;0;;;
3639742;17;15/01/2018 12:28:00;Strada Urbana;PIAZZA DELLA LIBERTA';da specificare;;;;in prossimità di Ponte Margherita;Scontro laterale fra veicoli in marcia;Rettilineo;Più di due carreggiate;Asciutto;Asfaltata;Verticale ed orizzontale;Sereno;Normale;Buona;Ore Diurne;0;0;0;3;;;0;2;Motociclo a solo;In marcia / fermata / arresto;Honda;Silver Wing 400;Conducente;1989;M;Illeso;0;;;
3639742;17;15/01/2018 12:28:00;Strada Urbana;PIAZZA DELLA LIBERTA';da specificare;;;;in prossimità di Ponte Margherita;Scontro laterale fra veicoli in marcia;Rettilineo;Più di due carreggiate;Asciutto;Asfaltata;Verticale ed orizzontale;Sereno;Normale;Buona;Ore Diurne;0;0;0;3;;;0;2;Motociclo a solo;In marcia / fermata / arresto;Honda;Silver Wing 400;Passeggero;1974;M;Illeso;0;;;
3639753;11;15/01/2018 13:50:00;Strada Urbana;VIALE DI TOR MARANCIA;all'intersezione con;VIA DELL'ARCADIA;VIA DELL'ARCADIA;;;Scontro frontale/laterale SX fra veicoli in marcia;Intersezione stradale segnalata;Due carreggiate;Asciutto;Asfaltata;Verticale ed orizzontale;Nuvoloso;Normale;Buona;Ore Diurne;1;0;0;1;;;0;1;Autovettura privata;In marcia / fermata / arresto;Mercedes;Smart;Conducente;1990;M;Rifiuta cure immediate;0;NON DECEDUTO;Non accertato;Inesploso
3639753;11;15/01/2018 13:50:00;Strada Urbana;VIALE DI TOR MARANCIA;all'intersezione con;VIA DELL'ARCADIA;VIA DELL'ARCADIA;;;Scontro frontale/laterale SX fra veicoli in marcia;Intersezione stradale segnalata;Due carreggiate;Asciutto;Asfaltata;Verticale ed orizzontale;Nuvoloso;Normale;Buona;Ore Diurne;1;0;0;1;;;0;2;Autovettura privata;In marcia / fermata / arresto;Kia;SOUL;Conducente;1987;F;Illeso;0;;Non accertato;Inesploso
3639905;10;15/01/2018 13:30:00;Strada Urbana;VIA SCRIBONIO CURIONE;in corrispondenza;;del civico n.;85;;Veicolo in marcia contro veicolo fermo;Rettilineo;Due carreggiate;Asciutto;Asfaltata;Assente;Sereno;Normale;Buona;Ore Diurne;0;0;0;2;12,55424;41,8644;-1;1;Autocarro superiore 35 q.;In marcia / fermata / arresto;Fiat;Iveco;Conducente;1967;M;Illeso;0;;Non accertato;Inesploso
3639905;10;15/01/2018 13:30:00;Strada Urbana;VIA SCRIBONIO CURIONE;in corrispondenza;;del civico n.;85;;Veicolo in marcia contro veicolo fermo;Rettilineo;Due carreggiate;Asciutto;Asfaltata;Assente;Sereno;Normale;Buona;Ore Diurne;0;0;0;2;12,55424;41,8644;-1;2;Autovettura privata;In marcia / fermata / arresto;Ford;Fiesta;Conducente;1971;M;Illeso;0;;Non accertato;Inesploso
3639908;12;10/01/2018 12:30:00;;VIA DI TRIGORIA;in prossimità;;del civico n.;300;;Veicolo in marcia contro ostacolo accidentale;;;;;;;;;;1;0;0;0;;;0;1;Motociclo a solo;In marcia / fermata / arresto;Honda;Hornet 600;Conducente;1945;M;Rimandato;0;NON DECEDUTO;Utilizzato;
3639921;12;11/01/2018 19:50:00;;VIALE GIUSTINIANO IMPERATORE;all'intersezione con;VIA GALBA;VIA GALBA;;;Scontro frontale/laterale SX fra veicoli in marcia;;;;;;;;;;0;0;0;1;;;0;1;Autovettura privata;In marcia / fermata / arresto;Lancia;Ypsilon;Conducente;1998;M;Illeso;0;;;
3639922;12;10/01/2018 19:50:00;;VIA DI CASTEL DI LEVA;in corrispondenza;;del civico n.;249;;Veicolo in marcia contro veicolo fermo;;;;;;;;;;2;0;0;1;;;0;1;Autovettura privata;In marcia / fermata / arresto;Mercedes;180;Conducente;1986;F;Illeso;0;;Utilizzato;Esploso
3639922;12;10/01/2018 19:50:00;;VIA DI CASTEL DI LEVA;in corrispondenza;;del civico n.;249;;Veicolo in marcia contro veicolo fermo;;;;;;;;;;2;0;0;1;;;0;2;Autovettura privata;In marcia / fermata / arresto;Audi;(ignoto);Conducente;1998;M;Rimandato;0;NON DECEDUTO;Utilizzato;Inesploso
3639922;12;10/01/2018 19:50:00;;VIA DI CASTEL DI LEVA;in corrispondenza;;del civico n.;249;;Veicolo in marcia contro veicolo fermo;;;;;;;;;;2;0;0;1;;;0;2;Autovettura privata;In marcia / fermata / arresto;Audi;(ignoto);Passeggero;1999;M;Rimandato;0;NON DECEDUTO;Utilizzato;Inesploso
3639927;17;15/01/2018 13:10:00;Strada Urbana;PIAZZALE CLODIO;in prossimità;;del civico n.;21;;Scontro laterale fra veicoli in marcia;Rettilineo;Una carreggiata a doppio senso;Asciutto;Asfaltata;Verticale ed orizzontale;Sereno;Normale;Buona;Ore Diurne;0;0;0;3;;;0;1;Autobus di linea;In marcia / fermata / arresto;Irisbus;(ignoto);Conducente;1987;M;Illeso;0;;;
3639927;17;15/01/2018 13:10:00;Strada Urbana;PIAZZALE CLODIO;in prossimità;;del civico n.;21;;Scontro laterale fra veicoli in marcia;Rettilineo;Una carreggiata a doppio senso;Asciutto;Asfaltata;Verticale ed orizzontale;Sereno;Normale;Buona;Ore Diurne;0;0;0;3;;;0;2;Autovettura privata;In marcia / fermata / arresto;Hyundai;i10;Conducente;1995;F;Illeso;0;;;
3639927;17;15/01/2018 13:10:00;Strada Urbana;PIAZZALE CLODIO;in prossimità;;del civico n.;21;;Scontro laterale fra veicoli in marcia;Rettilineo;Una carreggiata a doppio senso;Asciutto;Asfaltata;Verticale ed orizzontale;Sereno;Normale;Buona;Ore Diurne;0;0;0;3;;;0;2;Autovettura privata;In marcia / fermata / arresto;Hyundai;i10;Passeggero;1964;F;Illeso;0;;;
3640024;12;12/01/2018 09:25:00;;VIA OSTIENSE;da specificare;;;;direzione centro altezza G.R.A.;Scontro frontale/laterale SX fra veicoli in marcia;;;;;;;;;;1;0;0;1;;;0;1;Motociclo a solo;In marcia / fermata / arresto;Peugeot;(ignoto);Conducente;1993;M;Rimandato;0;NON DECEDUTO;Utilizzato;
3640024;12;12/01/2018 09:25:00;;VIA OSTIENSE;da specificare;;;;direzione centro altezza G.R.A.;Scontro frontale/laterale SX fra veicoli in marcia;;;;;;;;;;1;0;0;1;;;0;2;Autovettura privata;In marcia / fermata / arresto;Volkswagen;Polo;Conducente;1991;F;Illeso;0;;Non accertato;Inesploso
3640060;12;12/01/2018 20:00:00;;VIA LAURENTINA;da specificare;;;;rotatoria VIA VALLERANO direzione TRIGORIA;Scontro frontale fra veicoli in marcia;;;;;;;;;;1;0;0;0;;;0;1;Autovettura privata;In marcia / fermata / arresto;smart for two;(ignoto);Conducente;1984;M;Rimandato;0;NON DECEDUTO;Utilizzato;Inesploso
3640062;3;12/01/2018 19:20:00;Strada Urbana;VIALE VENTUNO APRILE;in prossimità;;del civico n.;34;;Veicolo in marcia contro veicolo in sosta;Rettilineo;Una carreggiata a doppio senso;Asciutto;Asfaltata;Verticale ed orizzontale;Sereno;Normale;Sufficiente;Sufficiente;0;0;0;1;12,51968;41,91893;0;2;Autovettura privata;In marcia / fermata / arresto;Mercedes;Smart For Two;Conducente;1958;M;Illeso;0;;Non accertato;Inesploso
3640067;13;15/01/2018 09:45:00;Strada Urbana;VIA ISOLE DEL CAPO VERDE;all'intersezione con;VIA CARLO BOSIO;VIA CARLO BOSIO;;;Scontro frontale/laterale DX fra veicoli in marcia;Intersezione semaforizzata;Due carreggiate;Asciutto;Asfaltata;Verticale ed orizzontale;Sereno;Normale;Buona;Ore Diurne;0;0;0;3;12,27388;41,73786;-1;1;Autovettura privata;In marcia / fermata / arresto;Ford;KA;Conducente;1991;F;Illeso;0;;Non accertato;Inesploso
3640067;13;15/01/2018 09:45:00;Strada Urbana;VIA ISOLE DEL CAPO VERDE;all'intersezione con;VIA CARLO BOSIO;VIA CARLO BOSIO;;;Scontro frontale/laterale DX fra veicoli in marcia;Intersezione semaforizzata;Due carreggiate;Asciutto;Asfaltata;Verticale ed orizzontale;Sereno;Normale;Buona;Ore Diurne;0;0;0;3;12,27388;41,73786;-1;2;Autovettura privata;In marcia / fermata / arresto;Daihatsu;Terios;Conducente;1956;M;Illeso;0;;Non accertato;Inesploso
3640067;13;15/01/2018 09:45:00;Strada Urbana;VIA ISOLE DEL CAPO VERDE;all'intersezione con;VIA CARLO BOSIO;VIA CARLO BOSIO;;;Scontro frontale/laterale DX fra veicoli in marcia;Intersezione semaforizzata;Due carreggiate;Asciutto;Asfaltata;Verticale ed orizzontale;Sereno;Normale;Buona;Ore Diurne;0;0;0;3;12,27388;41,73786;-1;2;Autovettura privata;In marcia / fermata / arresto;Daihatsu;Terios;Passeggero;1967;M;Illeso;0;;Non accertato;Inesploso
3640068;3;13/01/2018 11:30:00;;VIA TIBURTINA;da specificare;;;;altezza largo camesena;Scontro laterale fra veicoli in marcia;;;;;;;;;;0;0;0;1;;;0;1;Autovettura privata;In marcia / fermata / arresto;Fiat;Panda;Conducente;0;M;Illeso;0;;;
3640082;3;14/01/2018 01:20:00;Strada Urbana;VIA NOMENTANA;all'intersezione con;VIALE VENTUNO APRILE;VIALE VENTUNO APRILE;;;Scontro laterale fra veicoli in marcia;Incrocio;Una carreggiata a doppio senso;Asciutto;Asfaltata;Verticale ed orizzontale;Sereno;Scarso;Buona;Sufficiente;1;0;0;4;12,51768;41,92113;0;1;Autovettura privata;In marcia / fermata / arresto;Honda;CRV;Conducente;1994;M;Illeso;0;;Non accertato;
3640082;3;14/01/2018 01:20:00;Strada Urbana;VIA NOMENTANA;all'intersezione con;VIALE VENTUNO APRILE;VIALE VENTUNO APRILE;;;Scontro laterale fra veicoli in marcia;Incrocio;Una carreggiata a doppio senso;Asciutto;Asfaltata;Verticale ed orizzontale;Sereno;Scarso;Buona;Sufficiente;1;0;0;4;12,51768;41,92113;0;1;Autovettura privata;In marcia / fermata / arresto;Honda;CRV;Passeggero;1994;M;Illeso;0;;Non accertato;
3640082;3;14/01/2018 01:20:00;Strada Urbana;VIA NOMENTANA;all'intersezione con;VIALE VENTUNO APRILE;VIALE VENTUNO APRILE;;;Scontro laterale fra veicoli in marcia;Incrocio;Una carreggiata a doppio senso;Asciutto;Asfaltata;Verticale ed orizzontale;Sereno;Scarso;Buona;Sufficiente;1;0;0;4;12,51768;41,92113;0;1;Autovettura privata;In marcia / fermata / arresto;Honda;CRV;Passeggero;1995;M;Illeso;0;;Non accertato;
3640082;3;14/01/2018 01:20:00;Strada Urbana;VIA NOMENTANA;all'intersezione con;VIALE VENTUNO APRILE;VIALE VENTUNO APRILE;;;Scontro laterale fra veicoli in marcia;Incrocio;Una carreggiata a doppio senso;Asciutto;Asfaltata;Verticale ed orizzontale;Sereno;Scarso;Buona;Sufficiente;1;0;0;4;12,51768;41,92113;0;1;Autovettura privata;In marcia / fermata / arresto;Honda;CRV;Passeggero;1998;M;Illeso;0;;Non accertato;
3640082;3;14/01/2018 01:20:00;Strada Urbana;VIA NOMENTANA;all'intersezione con;VIALE VENTUNO APRILE;VIALE VENTUNO APRILE;;;Scontro laterale fra veicoli in marcia;Incrocio;Una carreggiata a doppio senso;Asciutto;Asfaltata;Verticale ed orizzontale;Sereno;Scarso;Buona;Sufficiente;1;0;0;4;12,51768;41,92113;0;2;Motociclo a solo;In marcia / fermata / arresto;Honda;SH;Conducente;1994;M;Rimandato;0;NON DECEDUTO;Non accertato;
3640085;12;15/01/2018 12:32:00;;VIALE DELL'UMANESIMO;in corrispondenza;;del civico n.;53;;Scontro laterale fra veicoli in marcia;;;;;;;;;;0;0;0;2;;;0;1;Autovettura privata;In marcia / fermata / arresto;Citroen;C 1;Conducente;1919;M;Illeso;0;;Utilizzato;Inesploso
3640085;12;15/01/2018 12:32:00;;VIALE DELL'UMANESIMO;in corrispondenza;;del civico n.;53;;Scontro laterale fra veicoli in marcia;;;;;;;;;;0;0;0;2;;;0;2;Autovettura pubblica;In marcia / fermata / arresto;Toyota;Auris;Conducente;1969;M;Illeso;0;;Utilizzato;Inesploso
3640090;3;14/01/2018 04:20:00;;CIRCONVALLAZIONE NOMENTANA;in corrispondenza;;del civico n.;522;;Veicolo in marcia contro veicoli fermi;;;;;;;;;;0;0;0;1;;;0;2;Motociclo a solo;In marcia / fermata / arresto;Honda;SH 150;Conducente;0;M;Illeso;0;;;
3640091;10;15/01/2018 16:00:00;Strada Urbana;VIA FILOMUSI GUELFI;in prossimità;;del civico n.;20;;Veicolo in marcia contro veicolo arresto;Rettilineo;Una carreggiata a doppio senso;Bagnato (umidità in atto);Asfaltata;Verticale;Nuvoloso;Normale;Sufficiente;Ore Diurne;0;0;0;3;;;0;1;Autovettura privata;In marcia / fermata / arresto;Peugeot;208;Conducente;1993;M;Illeso;0;;Non accertato;Inesploso
3640091;10;15/01/2018 16:00:00;Strada Urbana;VIA FILOMUSI GUELFI;in prossimità;;del civico n.;20;;Veicolo in marcia contro veicolo arresto;Rettilineo;Una carreggiata a doppio senso;Bagnato (umidità in atto);Asfaltata;Verticale;Nuvoloso;Normale;Sufficiente;Ore Diurne;0;0;0;3;;;0;2;Autovettura privata;In marcia / fermata / arresto;Fiat;Punto;Conducente;1967;M;Illeso;0;;Non accertato;Inesploso
3640091;10;15/01/2018 16:00:00;Strada Urbana;VIA FILOMUSI GUELFI;in prossimità;;del civico n.;20;;Veicolo in marcia contro veicolo arresto;Rettilineo;Una carreggiata a doppio senso;Bagnato (umidità in atto);Asfaltata;Verticale;Nuvoloso;Normale;Sufficiente;Ore Diurne;0;0;0;3;;;0;2;Autovettura privata;In marcia / fermata / arresto;Fiat;Punto;Passeggero;1963;M;Illeso;0;;Non accertato;Inesploso
3640094;18;15/01/2018 15:30:00;Strada Urbana;VIA GREGORIO VII;in prossimità;;del civico n.;464;;Infortunio per sola frenata improvvisa;Pendenza;Una carreggiata a doppio senso;Asciutto;Asfaltata;Verticale ed orizzontale;Sereno;Normale;Buona;Ore Diurne;2;0;0;1;12,43274;41,89418;0;1;Autobus urbano;In marcia / fermata / arresto;Evobus;GMBH;Conducente;1982;M;Illeso;0;;Non accertato;Inesploso
3640094;18;15/01/2018 15:30:00;Strada Urbana;VIA GREGORIO VII;in prossimità;;del civico n.;464;;Infortunio per sola frenata improvvisa;Pendenza;Una carreggiata a doppio senso;Asciutto;Asfaltata;Verticale ed orizzontale;Sereno;Normale;Buona;Ore Diurne;2;0;0;1;12,43274;41,89418;0;1;Autobus urbano;In marcia / fermata / arresto;Evobus;GMBH;Passeggero;1948;F;Rimandato;0;NON DECEDUTO;Esente;Inesistente
3640094;18;15/01/2018 15:30:00;Strada Urbana;VIA GREGORIO VII;in prossimità;;del civico n.;464;;Infortunio per sola frenata improvvisa;Pendenza;Una carreggiata a doppio senso;Asciutto;Asfaltata;Verticale ed orizzontale;Sereno;Normale;Buona;Ore Diurne;2;0;0;1;12,43274;41,89418;0;1;Autobus urbano;In marcia / fermata / arresto;Evobus;GMBH;Passeggero;1978;M;Rimandato;0;NON DECEDUTO;Esente;Inesistente
3640098;17;15/01/2018 15:30:00;Strada Urbana;VIA OSTIA;all'intersezione con;VIA SANTAMAURA;VIA SANTAMAURA;;;Veicolo in marcia contro veicolo in sosta;Incrocio;Una carreggiata a senso unico di marcia;Asciutto;Asfaltata;Verticale ed orizzontale;Nuvoloso;Normale;Buona;Ore Diurne;0;0;0;1;;;0;1;Autovettura privata;In marcia / fermata / arresto;Ford;Fiesta;Conducente;1977;F;Illeso;0;;Non accertato;Inesploso
3640100;19;15/01/2018 08:20:00;Strada Urbana;VIA MARZIALE;in corrispondenza;;del civico n.;38;;Ribaltamento senza urto contro ostacolo fisso;Rettilineo;Una carreggiata a senso unico di marcia;Bagnato (umidità in atto);Asfaltata;Assente;Sereno;Normale;Buona;Ore Diurne;1;0;0;0;;;0;1;Motociclo a solo;In marcia / fermata / arresto;Suzuki;Burgman 400;Conducente;1961;M;Rimandato;0;NON DECEDUTO;Non accertato;
3640171;15;15/01/2018 08:45:00;;VIADOTTO DELLA MAGLIANA;da specificare;;;;III palo ACEA prima dello svincolo per Magliana;Tamponamento Multiplo;;;;;;;;;;1;0;0;7;12,46314;41,84172;0;1;Autovettura privata;In marcia / fermata / arresto;Mitsubishi;Space Star;Conducente;1987;M;Rifiuta cure immediate;0;NON DECEDUTO;Utilizzato;Inesploso
3640171;15;15/01/2018 08:45:00;;VIADOTTO DELLA MAGLIANA;da specificare;;;;III palo ACEA prima dello svincolo per Magliana;Tamponamento Multiplo;;;;;;;;;;1;0;0;7;12,46314;41,84172;0;1;Autovettura privata;In marcia / fermata / arresto;Mitsubishi;Space Star;Passeggero;0;F;Illeso;0;;;
3640171;15;15/01/2018 08:45:00;;VIADOTTO DELLA MAGLIANA;da specificare;;;;III palo ACEA prima dello svincolo per Magliana;Tamponamento Multiplo;;;;;;;;;;1;0;0;7;12,46314;41,84172;0;2;Autovettura privata;In marcia / fermata / arresto;Kia;cee'd;Conducente;0;M;Illeso;0;;;
3640171;15;15/01/2018 08:45:00;;VIADOTTO DELLA MAGLIANA;da specificare;;;;III palo ACEA prima dello svincolo per Magliana;Tamponamento Multiplo;;;;;;;;;;1;0;0;7;12,46314;41,84172;0;3;Autovettura privata;In marcia / fermata / arresto;Alfa Romeo;Giulietta;Conducente;0;F;Illeso;0;;;
3640171;15;15/01/2018 08:45:00;;VIADOTTO DELLA MAGLIANA;da specificare;;;;III palo ACEA prima dello svincolo per Magliana;Tamponamento Multiplo;;;;;;;;;;1;0;0;7;12,46314;41,84172;0;3;Autovettura privata;In marcia / fermata / arresto;Alfa Romeo;Giulietta;Passeggero;0;M;Illeso;0;;;
3640171;15;15/01/2018 08:45:00;;VIADOTTO DELLA MAGLIANA;da specificare;;;;III palo ACEA prima dello svincolo per Magliana;Tamponamento Multiplo;;;;;;;;;;1;0;0;7;12,46314;41,84172;0;4;Autovettura privata;In marcia / fermata / arresto;Mercedes;Smart Fortwo Coupè;Conducente;1958;;Illeso;0;;;
3640171;15;15/01/2018 08:45:00;;VIADOTTO DELLA MAGLIANA;da specificare;;;;III palo ACEA prima dello svincolo per Magliana;Tamponamento Multiplo;;;;;;;;;;1;0;0;7;12,46314;41,84172;0;5;Autovettura privata;In marcia / fermata / arresto;Fiat;600;Conducente;0;M;Illeso;0;;;
3640171;15;15/01/2018 08:45:00;;VIADOTTO DELLA MAGLIANA;da specificare;;;;III palo ACEA prima dello svincolo per Magliana;Tamponamento Multiplo;;;;;;;;;;1;0;0;7;12,46314;41,84172;0;6;Autovettura privata;In marcia / fermata / arresto;Nissan;Micra;Conducente;0;M;Illeso;0;;;
3640205;15;15/01/2018 09:30:00;;VIA DELLA CASETTA MATTEI;in prossimità;;del civico n.;417;;Scontro frontale/laterale DX fra veicoli in marcia;;;;;;;;;;0;0;0;2;;;0;1;Quadriciclo leggero;In marcia / fermata / arresto;AIXAM;MEGA;Conducente;0;M;Illeso;0;;;
3640205;15;15/01/2018 09:30:00;;VIA DELLA CASETTA MATTEI;in prossimità;;del civico n.;417;;Scontro frontale/laterale DX fra veicoli in marcia;;;;;;;;;;0;0;0;2;;;0;2;Autocarro inferiore 35 q.;In marcia / fermata / arresto;Nissan;NV 2000;Conducente;0;M;Illeso;0;;;
3640210;15;15/01/2018 10:15:00;;VIA DEL MONTE DELLE CAPRE;in prossimità;;del civico n.;27;;Scontro laterale fra veicoli in marcia;;;;;;;;;;1;0;0;1;;;0;1;Autovettura privata;In marcia / fermata / arresto;Skoda;Roomster;Conducente;0;F;Illeso;0;;;
3640210;15;15/01/2018 10:15:00;;VIA DEL MONTE DELLE CAPRE;in prossimità;;del civico n.;27;;Scontro laterale fra veicoli in marcia;;;;;;;;;;1;0;0;1;;;0;2;Motociclo a solo;In marcia / fermata / arresto;Honda;SH 150;Conducente;0;F;Rifiuta cure immediate;0;NON DECEDUTO;;
3640217;15;15/01/2018 10:30:00;;VIA DELLA MAGLIANA;in corrispondenza;;del civico n.;277;;Investimento di pedone;;;;;;;;;;1;0;0;1;;;0;;;;;;Pedone;0;F;Rifiuta cure immediate;0;NON DECEDUTO;;