Protocollo;Gruppo;DataOraIncidente;Localizzazione1;STRADA1;Localizzazione2;STRADA2;Strada02;Chilometrica;DaSpecificare;NaturaIncidente;particolaritastrade;TipoStrada;FondoStradale;Pavimentazione;Segnaletica;CondizioneAtmosferica;Traffico;Visibilita;Illuminazione;NUM_FERITI;NUM_RISERVATA;NUM_MORTI;NUM_ILLESI;Longitudine;Latitudine;Confermato;Progressivo;TipoVeicolo;StatoVeicolo;Marca;Modello;TipoPersona;AnnoNascita;Sesso;Tipolesione;Deceduto;DecedutoDopo;CinturaCascoUtilizzato;Airbag;
3641475;17;16/01/2018 10:00:00;Strada Urbana;VIA DI PORTA CASTELLO;all'intersezione con;VIA ALBERICO II;VIA ALBERICO II;;;Scontro frontale/laterale SX fra veicoli in marcia;Intersezione stradale segnalata;Due carreggiate;Bagnato (pioggia);Asfaltata;Verticale ed orizzontale;Pioggia in atto;Normale;Buona;Ore Diurne;0;0;0;2;12,46329;41,90482;0;2;Autovettura privata;In marcia / fermata / arresto;Fiat;500;Conducente;1987;F;Illeso;0;;;
3641539;19;16/01/2018 15:40:00;Strada Urbana;VIA DI CASAL DEL MARMO;da specificare;;;;in prossimità di via A. Miola;Veicolo in marcia contro ostacolo fisso;Rettilineo;Una carreggiata a doppio senso;Bagnato (pioggia);Asfaltata;Orizzontale;Pioggia in atto;Normale;Buona;Ore Diurne;1;0;0;0;;;0;1;Autovettura privata;In marcia / fermata / arresto;Nissan;Micra;Conducente;1973;M;Rifiuta cure immediate;0;NON DECEDUTO;Non accertato;Inesploso
3641690;13;16/01/2018 16:50:00;Strada Urbana;VIA EGNA;in corrispondenza;;del civico n.;4;;Scontro frontale/laterale DX fra veicoli in marcia;Rettilineo;Una carreggiata a senso unico di marcia;Asciutto;Asfaltata;Assente;Sereno;Scarso;Sufficiente;Sufficiente;0;0;0;2;12,36017;41,73415;0;1;Autovettura privata;In marcia / fermata / arresto;BMW;Z 4;Conducente;1983;M;Illeso;0;;Non accertato;Inesploso
3641690;13;16/01/2018 16:50:00;Strada Urbana;VIA EGNA;in corrispondenza;;del civico n.;4;;Scontro frontale/laterale DX fra veicoli in marcia;Rettilineo;Una carreggiata a senso unico di marcia;Asciutto;Asfaltata;Assente;Sereno;Scarso;Sufficiente;Sufficiente;0;0;0;2;12,36017;41,73415;0;2;Autovettura privata;In marcia / fermata / arresto;Jeep;Grand Cherokee;Conducente;1970;F;Illeso;0;;Non accertato;Inesploso
3641702;18;16/01/2018 12:45:00;;VIA DI CASAL DEL MARMO;in corrispondenza;;del civico n.;688;;Scontro laterale fra veicoli in marcia;;;;;;;;;;0;0;0;4;;;0;1;Autovettura privata;In marcia / fermata / arresto;Hyundai;i10;Conducente;0;F;Illeso;0;;;
3641702;18;16/01/2018 12:45:00;;VIA DI CASAL DEL MARMO;in corrispondenza;;del civico n.;688;;Scontro laterale fra veicoli in marcia;;;;;;;;;;0;0;0;4;;;0;2;Autoambulanza;In marcia / fermata / arresto;Fiat;(non accertato);Conducente;0;M;Illeso;0;;;
3641702;18;16/01/2018 12:45:00;;VIA DI CASAL DEL MARMO;in corrispondenza;;del civico n.;688;;Scontro laterale fra veicoli in marcia;;;;;;;;;;0;0;0;4;;;0;2;Autoambulanza;In marcia / fermata / arresto;Fiat;(non accertato);Passeggero;0;M;Illeso;0;;;
3641702;18;16/01/2018 12:45:00;;VIA DI CASAL DEL MARMO;in corrispondenza;;del civico n.;688;;Scontro laterale fra veicoli in marcia;;;;;;;;;;0;0;0;4;;;0;3;Autovettura privata;In marcia / fermata / arresto;Ford;Fiesta;Conducente;0;F;Illeso;0;;;
3641711;20;16/01/2018 15:30:00;Regionale entro l'abitato;VIA FLAMINIA;in corrispondenza;;della chilometrica;18.3;;Scontro frontale fra veicoli in marcia;Curva senza visuale libera;Una carreggiata a doppio senso;Bagnato (pioggia);Asfaltata;Verticale ed orizzontale;Pioggia in atto;Intenso;Buona;Ore Diurne;3;0;0;2;;;0;1;Autotreno;In marcia / fermata / arresto;Volvo;(ignoto);Conducente;1975;M;Illeso;0;;Non accertato;Inesploso
3641711;20;16/01/2018 15:30:00;Regionale entro l'abitato;VIA FLAMINIA;in corrispondenza;;della chilometrica;18.3;;Scontro frontale fra veicoli in marcia;Curva senza visuale libera;Una carreggiata a doppio senso;Bagnato (pioggia);Asfaltata;Verticale ed orizzontale;Pioggia in atto;Intenso;Buona;Ore Diurne;3;0;0;2;;;0;3;Autovettura privata;In marcia / fermata / arresto;Volkswagen;Polo;Conducente;1981;F;Ricoverato;0;NON DECEDUTO;Non accertato;Inesploso
3641711;20;16/01/2018 15:30:00;Regionale entro l'abitato;VIA FLAMINIA;in corrispondenza;;della chilometrica;18.3;;Scontro frontale fra veicoli in marcia;Curva senza visuale libera;Una carreggiata a doppio senso;Bagnato (pioggia);Asfaltata;Verticale ed orizzontale;Pioggia in atto;Intenso;Buona;Ore Diurne;3;0;0;2;;;0;4;Autovettura privata;In marcia / fermata / arresto;Chevrolet;Aveo;Conducente;1946;M;Illeso;0;;Non accertato;Inesploso
3641711;20;16/01/2018 15:30:00;Regionale entro l'abitato;VIA FLAMINIA;in corrispondenza;;della chilometrica;18.3;;Scontro frontale fra veicoli in marcia;Curva senza visuale libera;Una carreggiata a doppio senso;Bagnato (pioggia);Asfaltata;Verticale ed orizzontale;Pioggia in atto;Intenso;Buona;Ore Diurne;3;0;0;2;;;0;4;Autovettura privata;In marcia / fermata / arresto;Chevrolet;Aveo;Passeggero;1946;M;Rimandato;0;NON DECEDUTO;Non accertato;Inesploso
3641711;20;16/01/2018 15:30:00;Regionale entro l'abitato;VIA FLAMINIA;in corrispondenza;;della chilometrica;18.3;;Scontro frontale fra veicoli in marcia;Curva senza visuale libera;Una carreggiata a doppio senso;Bagnato (pioggia);Asfaltata;Verticale ed orizzontale;Pioggia in atto;Intenso;Buona;Ore Diurne;3;0;0;2;;;0;4;Autovettura privata;In marcia / fermata / arresto;Chevrolet;Aveo;Passeggero;1960;F;Rimandato;0;NON DECEDUTO;Non accertato;Inesploso
3641712;17;16/01/2018 11:00:00;Strada Urbana;VIALE DELLE MILIZIE;in prossimità;;del civico n.;15;;Scontro laterale fra veicoli in marcia;Rettilineo;Una carreggiata a senso unico di marcia;Bagnato (pioggia);Asfaltata;Verticale ed orizzontale;Pioggia in atto;Normale;Buona;Ore Diurne;0;0;0;2;12,45665;41,91056;0;1;Autovettura privata;In marcia / fermata / arresto;Chevrolet;Matiz;Conducente;1974;M;Illeso;0;;;
3641712;17;16/01/2018 11:00:00;Strada Urbana;VIALE DELLE MILIZIE;in prossimità;;del civico n.;15;;Scontro laterale fra veicoli in marcia;Rettilineo;Una carreggiata a senso unico di marcia;Bagnato (pioggia);Asfaltata;Verticale ed orizzontale;Pioggia in atto;Normale;Buona;Ore Diurne;0;0;0;2;12,45665;41,91056;0;2;Autovettura privata;In marcia / fermata / arresto;Fiat;500;Conducente;1991;F;Illeso;0;;;
3641722;18;16/01/2018 12:30:00;Strada Urbana;VIA BALDO DEGLI UBALDI;in corrispondenza;;del civico n.;114 a;;Ribaltamento senza urto contro ostacolo fisso;Rettilineo;Due carreggiate;Bagnato (pioggia);Asfaltata;Verticale ed orizzontale;Nuvoloso;Normale;Buona;Ore Diurne;0;0;0;2;;;0;1;Motociclo a solo;In marcia / fermata / arresto;Malaguti;(non accertato);Conducente;1968;F;Illeso;0;;;
3641722;18;16/01/2018 12:30:00;Strada Urbana;VIA BALDO DEGLI UBALDI;in corrispondenza;;del civico n.;114 a;;Ribaltamento senza urto contro ostacolo fisso;Rettilineo;Due carreggiate;Bagnato (pioggia);Asfaltata;Verticale ed orizzontale;Nuvoloso;Normale;Buona;Ore Diurne;0;0;0;2;;;0;2;Autovettura privata;In marcia / fermata / arresto;Audi;2;Conducente;1971;F;Illeso;0;;;
3642145;5;16/01/2018 09:25:00;;VIA FILIPPO MEDA;all'intersezione con;VIA ACHILLE BENEDETTI;VIA ACHILLE BENEDETTI;;;Scontro frontale/laterale DX fra veicoli in marcia;;;;;;;;;;1;0;0;0;12,54355;41,91322;0;1;Autovettura privata;In marcia / fermata / arresto;Fiat;Panda;Conducente;0;F;Rimandato;0;NON DECEDUTO;;
3642167;6;16/01/2018 19:45:00;Strada Urbana;VIA GIUSEPPE CEI;all'intersezione con;VIA PIETRO ROVETTI;VIA PIETRO ROVETTI;;;Scontro frontale/laterale DX fra veicoli in marcia;Incrocio;Una carreggiata a senso unico di marcia;Bagnato (pioggia);Asfaltata;Verticale;Nuvoloso;Normale;Sufficiente;Sufficiente;1;0;0;2;12,54704;41,87758;0;1;Autovettura privata;In marcia / fermata / arresto;Citroen;Xara;Conducente;1968;M;Illeso;0;;;
3642167;6;16/01/2018 19:45:00;Strada Urbana;VIA GIUSEPPE CEI;all'intersezione con;VIA PIETRO ROVETTI;VIA PIETRO ROVETTI;;;Scontro frontale/laterale DX fra veicoli in marcia;Incrocio;Una carreggiata a senso unico di marcia;Bagnato (pioggia);Asfaltata;Verticale;Nuvoloso;Normale;Sufficiente;Sufficiente;1;0;0;2;12,54704;41,87758;0;1;Autovettura privata;In marcia / fermata / arresto;Citroen;Xara;Passeggero;2002;F;Illeso;0;;;
3642167;6;16/01/2018 19:45:00;Strada Urbana;VIA GIUSEPPE CEI;all'intersezione con;VIA PIETRO ROVETTI;VIA PIETRO ROVETTI;;;Scontro frontale/laterale DX fra veicoli in marcia;Incrocio;Una carreggiata a senso unico di marcia;Bagnato (pioggia);Asfaltata;Verticale;Nuvoloso;Normale;Sufficiente;Sufficiente;1;0;0;2;12,54704;41,87758;0;2;Autovettura privata;In marcia / fermata / arresto;Ford;Fiesta;Conducente;1986;M;Rifiuta cure immediate;0;NON DECEDUTO;;
3642174;15;16/01/2018 19:05:00;;LARGO VOLONTARI DEL SANGUE;all'intersezione con;VIA BERNARDINO RAMAZZINI;VIA BERNARDINO RAMAZZINI;;;Scontro frontale/laterale DX fra veicoli in marcia;;;;;;;;;;0;0;0;1;;;0;1;Autovettura privata;In marcia / fermata / arresto;Daimler Chrysler;Jeep;Conducente;0;F;Illeso;0;;;
3642175;11;16/01/2018 15:10:00;Strada Urbana;VIA DELLE SETTE CHIESE;in corrispondenza;;del civico n.;152;;Scontro frontale/laterale SX fra veicoli in marcia;Rettilineo;Una carreggiata a doppio senso;Bagnato (umidità in atto);Asfaltata;Verticale ed orizzontale;Nuvoloso;Scarso;Buona;Ore Diurne;0;0;0;3;12,49153;41,86064;-1;1;Autovettura privata;In marcia / fermata / arresto;Nissan;Micra;Conducente;1978;F;Illeso;0;;;
3642175;11;16/01/2018 15:10:00;Strada Urbana;VIA DELLE SETTE CHIESE;in corrispondenza;;del civico n.;152;;Scontro frontale/laterale SX fra veicoli in marcia;Rettilineo;Una carreggiata a doppio senso;Bagnato (umidità in atto);Asfaltata;Verticale ed orizzontale;Nuvoloso;Scarso;Buona;Ore Diurne;0;0;0;3;12,49153;41,86064;-1;2;Autovettura privata;In marcia / fermata / arresto;Renault;Clio;Conducente;1968;M;Illeso;0;;;
3642175;11;16/01/2018 15:10:00;Strada Urbana;VIA DELLE SETTE CHIESE;in corrispondenza;;del civico n.;152;;Scontro frontale/laterale SX fra veicoli in marcia;Rettilineo;Una carreggiata a doppio senso;Bagnato (umidità in atto);Asfaltata;Verticale ed orizzontale;Nuvoloso;Scarso;Buona;Ore Diurne;0;0;0;3;12,49153;41,86064;-1;2;Autovettura privata;In marcia / fermata / arresto;Renault;Clio;Passeggero;1971;F;Illeso;0;;;
3642181;15;16/01/2018 17:15:00;;VIA DELLA MAGLIANA;in prossimità;;del civico n.;100;;Scontro frontale/laterale DX fra veicoli in marcia;;;;;;;;;;0;0;0;4;;;0;1;Autovettura privata;In marcia / fermata / arresto;Fiat;500;Conducente;0;F;Illeso;0;;;
3642181;15;16/01/2018 17:15:00;;VIA DELLA MAGLIANA;in prossimità;;del civico n.;100;;Scontro frontale/laterale DX fra veicoli in marcia;;;;;;;;;;0;0;0;4;;;0;1;Autovettura privata;In marcia / fermata / arresto;Fiat;500;Passeggero;0;F;Illeso;0;;;
3642181;15;16/01/2018 17:15:00;;VIA DELLA MAGLIANA;in prossimità;;del civico n.;100;;Scontro frontale/laterale DX fra veicoli in marcia;;;;;;;;;;0;0;0;4;;;0;1;Autovettura privata;In marcia / fermata / arresto;Fiat;500;Passeggero;0;M;Illeso;0;;;
3642181;15;16/01/2018 17:15:00;;VIA DELLA MAGLIANA;in prossimità;;del civico n.;100;;Scontro frontale/laterale DX fra veicoli in marcia;;;;;;;;;;0;0;0;4;;;0;2;Ciclomotore;In marcia / fermata / arresto;Peugeot;Tweet;Conducente;0;M;Illeso;0;;;
3642213;11;16/01/2018 11:55:00;Strada Urbana;VIA CRISTOFORO COLOMBO;in corrispondenza;;del civico n.;163;;Tamponamento;Rettilineo;Più di due carreggiate;Bagnato (pioggia);Asfaltata;Verticale ed orizzontale;Sereno;Normale;Buona;Ore Diurne;1;0;0;1;12,49755;41,86581;0;1;Autovettura privata;In marcia / fermata / arresto;Audi;A 3;Conducente;1992;M;Illeso;0;;Non accertato;
3642213;11;16/01/2018 11:55:00;Strada Urbana;VIA CRISTOFORO COLOMBO;in corrispondenza;;del civico n.;163;;Tamponamento;Rettilineo;Più di due carreggiate;Bagnato (pioggia);Asfaltata;Verticale ed orizzontale;Sereno;Normale;Buona;Ore Diurne;1;0;0;1;12,49755;41,86581;0;2;Motociclo a solo;In marcia / fermata / arresto;Honda;Silve Wing;Conducente;0;M;Rimandato;0;NON DECEDUTO;;
3642215;13;16/01/2018 08:50:00;Strada Urbana;PIAZZA FONTE DEGLI ACILII;all'intersezione con;VIA PINDARO;VIA PINDARO;;;Scontro frontale/laterale SX fra veicoli in marcia;Rotatoria;Una carreggiata a senso unico di marcia;Bagnato (pioggia);Asfaltata;Orizzontale;Nuvoloso;Normale;Buona;Ore Diurne;0;0;0;2;12,36846;41,7557;0;1;Autovettura privata;In marcia / fermata / arresto;Ford;Kuga;Conducente;1936;M;Illeso;0;;Non accertato;Inesploso
3642215;13;16/01/2018 08:50:00;Strada Urbana;PIAZZA FONTE DEGLI ACILII;all'intersezione con;VIA PINDARO;VIA PINDARO;;;Scontro frontale/laterale SX fra veicoli in marcia;Rotatoria;Una carreggiata a senso unico di marcia;Bagnato (pioggia);Asfaltata;Orizzontale;Nuvoloso;Normale;Buona;Ore Diurne;0;0;0;2;12,36846;41,7557;0;2;Autocarro inferiore 35 q.;In marcia / fermata / arresto;Fiat;Panda;Conducente;1982;M;Illeso;0;;Non accertato;Inesploso
3642218;9;16/01/2018 17:30:00;;VIA CASILINA VECCHIA;all'intersezione semaforizzata con;VIA GALLARATE;VIA GALLARATE;;;Scontro frontale/laterale DX fra veicoli in marcia;;;;;;;;;;1;0;0;4;;;0;1;Autovettura privata;In marcia / fermata / arresto;Skoda;Fabia Sw;Conducente;1967;M;Illeso;0;;Non accertato;Inesploso
3642218;9;16/01/2018 17:30:00;;VIA CASILINA VECCHIA;all'intersezione semaforizzata con;VIA GALLARATE;VIA GALLARATE;;;Scontro frontale/laterale DX fra veicoli in marcia;;;;;;;;;;1;0;0;4;;;0;1;Autovettura privata;In marcia / fermata / arresto;Skoda;Fabia Sw;Passeggero;1999;F;Illeso;0;;Non accertato;Inesploso
3642218;9;16/01/2018 17:30:00;;VIA CASILINA VECCHIA;all'intersezione semaforizzata con;VIA GALLARATE;VIA GALLARATE;;;Scontro frontale/laterale DX fra veicoli in marcia;;;;;;;;;;1;0;0;4;;;0;1;Autovettura privata;In marcia / fermata / arresto;Skoda;Fabia Sw;Passeggero;1999;M;Illeso;0;;Non accertato;Inesploso
3642218;9;16/01/2018 17:30:00;;VIA CASILINA VECCHIA;all'intersezione semaforizzata con;VIA GALLARATE;VIA GALLARATE;;;Scontro frontale/laterale DX fra veicoli in marcia;;;;;;;;;;1;0;0;4;;;0;2;Motociclo a solo;In marcia / fermata / arresto;Yamaha;Majesty 400;Conducente;1960;F;Rimandato;0;NON DECEDUTO;;
3642220;9;16/01/2018 11:45:00;;VIA MONSELICE;all'intersezione con;VIA MESTRE;VIA MESTRE;;;Scontro laterale fra veicoli in marcia;;;;;;;;;;0;0;0;2;;;0;1;Autovettura privata;In marcia / fermata / arresto;Smart ;-;Conducente;1960;M;Illeso;0;;;
3642220;9;16/01/2018 11:45:00;;VIA MONSELICE;all'intersezione con;VIA MESTRE;VIA MESTRE;;;Scontro laterale fra veicoli in marcia;;;;;;;;;;0;0;0;2;;;0;2;Autovettura privata;In marcia / fermata / arresto;Audi;80;Conducente;1993;M;Illeso;0;;;
3642225;1;15/01/2018 19:45:00;Strada Urbana;VIA CAVOUR;in prossimità;;del civico n.;289;;Scontro frontale/laterale SX fra veicoli in marcia;Rettilineo;Una carreggiata a doppio senso;Bagnato (pioggia);Asfaltata;Verticale ed orizzontale;Pioggia in atto;Normale;Sufficiente;Sufficiente;0;0;0;5;;;0;1;Motociclo a solo;In marcia / fermata / arresto;Yamaha;(non accertato);Conducente;1983;M;Illeso;0;;;
3642225;1;15/01/2018 19:45:00;Strada Urbana;VIA CAVOUR;in prossimità;;del civico n.;289;;Scontro frontale/laterale SX fra veicoli in marcia;Rettilineo;Una carreggiata a doppio senso;Bagnato (pioggia);Asfaltata;Verticale ed orizzontale;Pioggia in atto;Normale;Sufficiente;Sufficiente;0;0;0;5;;;0;2;Autovettura privata;In marcia / fermata / arresto;Citroen;DS3;Conducente;1992;M;Illeso;0;;;
3642225;1;15/01/2018 19:45:00;Strada Urbana;VIA CAVOUR;in prossimità;;del civico n.;289;;Scontro frontale/laterale SX fra veicoli in marcia;Rettilineo;Una carreggiata a doppio senso;Bagnato (pioggia);Asfaltata;Verticale ed orizzontale;Pioggia in atto;Normale;Sufficiente;Sufficiente;0;0;0;5;;;0;2;Autovettura privata;In marcia / fermata / arresto;Citroen;DS3;Passeggero;0;F;Illeso;0;;;
3642225;1;15/01/2018 19:45:00;Strada Urbana;VIA CAVOUR;in prossimità;;del civico n.;289;;Scontro frontale/laterale SX fra veicoli in marcia;Rettilineo;Una carreggiata a doppio senso;Bagnato (pioggia);Asfaltata;Verticale ed orizzontale;Pioggia in atto;Normale;Sufficiente;Sufficiente;0;0;0;5;;;0;2;Autovettura privata;In marcia / fermata / arresto;Citroen;DS3;Passeggero;0;M;Illeso;0;;;
3642227;9;16/01/2018 14:00:00;;LARGO PANNONIA;in corrispondenza;;del civico n.;42/43;;Scontro laterale fra veicoli in marcia;;;;;;;;;;0;0;0;2;;;0;1;Autocarro inferiore 35 q.;In marcia / fermata / arresto;Fiat;Iveco;Conducente;1992;M;Illeso;0;;;
3642227;9;16/01/2018 14:00:00;;LARGO PANNONIA;in corrispondenza;;del civico n.;42/43;;Scontro laterale fra veicoli in marcia;;;;;;;;;;0;0;0;2;;;0;2;Autovettura privata;In marcia / fermata / arresto;Opel;Corsa;Conducente;1958;M;Illeso;0;;;
3642228;18;16/01/2018 19:30:00;Strada Urbana;VIA DI CASAL SELCE;all'intersezione con;VIA DI PANTAN MONASTERO;VIA DI PANTAN MONASTERO;;;Scontro frontale fra veicoli in marcia;Intersezione stradale segnalata;Una carreggiata a doppio senso;Bagnato (umidità in atto);Asfaltata;Verticale ed orizzontale;Sereno;Scarso;Sufficiente;Sufficiente;1;0;0;1;12,35103;41,9117;0;1;Autovettura privata;In marcia / fermata / arresto;Chevrolet;spark;Conducente;1992;F;Rifiuta cure immediate;0;NON DECEDUTO;;
3642228;18;16/01/2018 19:30:00;Strada Urbana;VIA DI CASAL SELCE;all'intersezione con;VIA DI PANTAN MONASTERO;VIA DI PANTAN MONASTERO;;;Scontro frontale fra veicoli in marcia;Intersezione stradale segnalata;Una carreggiata a doppio senso;Bagnato (umidità in atto);Asfaltata;Verticale ed orizzontale;Sereno;Scarso;Sufficiente;Sufficiente;1;0;0;1;12,35103;41,9117;0;2;Autovettura privata;In marcia / fermata / arresto;Land Rover;Range Rover;Conducente;1983;M;Illeso;0;;;
3642232;11;16/01/2018 17:45:00;Strada Urbana;VIALE CARLO TOMMASO ODESCALCHI;all'intersezione con;VIA LIVIO AGRESTI;VIA LIVIO AGRESTI;;;Scontro frontale/laterale DX fra veicoli in marcia;Intersezione stradale segnalata;Due carreggiate;Bagnato (pioggia);Asfaltata;Verticale ed orizzontale;Nuvoloso;Scarso;Buona;Sufficiente;0;0;0;4;12,50066;41,85581;-1;2;Autovettura privata;In marcia / fermata / arresto;Fiat;Punto;Conducente;1956;M;Illeso;0;;Non accertato;
3642232;11;16/01/2018 17:45:00;Strada Urbana;VIALE CARLO TOMMASO ODESCALCHI;all'intersezione con;VIA LIVIO AGRESTI;VIA LIVIO AGRESTI;;;Scontro frontale/laterale DX fra veicoli in marcia;Intersezione stradale segnalata;Due carreggiate;Bagnato (pioggia);Asfaltata;Verticale ed orizzontale;Nuvoloso;Scarso;Buona;Sufficiente;0;0;0;4;12,50066;41,85581;-1;3;Autovettura privata;In marcia / fermata / arresto;Fiat;Punto;Conducente;1959;M;Illeso;0;;;
3642232;11;16/01/2018 17:45:00;Strada Urbana;VIALE CARLO TOMMASO ODESCALCHI;all'intersezione con;VIA LIVIO AGRESTI;VIA LIVIO AGRESTI;;;Scontro frontale/laterale DX fra veicoli in marcia;Intersezione stradale segnalata;Due carreggiate;Bagnato (pioggia);Asfaltata;Verticale ed orizzontale;Nuvoloso;Scarso;Buona;Sufficiente;0;0;0;4;12,50066;41,85581;-1;3;Autovettura privata;In marcia / fermata / arresto;Fiat;Punto;Passeggero;1959;F;Illeso;0;;Non accertato;
3642232;11;16/01/2018 17:45:00;Strada Urbana;VIALE CARLO TOMMASO ODESCALCHI;all'intersezione con;VIA LIVIO AGRESTI;VIA LIVIO AGRESTI;;;Scontro frontale/laterale DX fra veicoli in marcia;Intersezione stradale segnalata;Due carreggiate;Bagnato (pioggia);Asfaltata;Verticale ed orizzontale;Nuvoloso;Scarso;Buona;Sufficiente;0;0;0;4;12,50066;41,85581;-1;3;Autovettura privata;In marcia / fermata / arresto;Fiat;Punto;Passeggero;1960;M;Illeso;0;;Non accertato;
3642235;20;16/01/2018 13:55:00;Strada Urbana;VIA DI GROTTAROSSA;in prossimità;;del civico n.;597;;Veicolo in marcia contro ostacolo fisso;Curva senza visuale libera;Una carreggiata a doppio senso;Bagnato (pioggia);Asfaltata;Assente;Nuvoloso;Scarso;Sufficiente;Ore Diurne;1;0;0;0;;;0;1;Autovettura privata;In marcia / fermata / arresto;Opel;Corsa;Conducente;1965;M;Rimandato;0;NON DECEDUTO;;
3642237;8;16/01/2018 18:20:00;Provinciale entro l'abitato;VIA PRENESTINA;in prossimità;;del palo luce n.;1654;;Veicolo in marcia contro ostacolo accidentale;Rettilineo;Una carreggiata a doppio senso;Bagnato (pioggia);Asfaltata;Verticale ed orizzontale;Nuvoloso;Normale;Insufficiente;Inesistente;0;0;0;1;12,63773;41,89224;-1;1;Autovettura privata;In marcia / fermata / arresto;Mercedes;A 160;Conducente;1990;M;Illeso;0;;Non accertato;Inesploso
3642239;8;16/01/2018 19:15:00;Provinciale entro l'abitato;VIA PRENESTINA;in prossimità;;del palo luce n.;1654;;Veicolo in marcia contro ostacolo accidentale;Rettilineo;Una carreggiata a doppio senso;Bagnato (pioggia);Asfaltata;Verticale ed orizzontale;Nuvoloso;Normale;Insufficiente;Inesistente;0;0;0;1;12,61059;41,89346;-1;1;Autovettura privata;In marcia / fermata / arresto;Ford;FOCUS C - MAX;Conducente;1969;M;Illeso;0;;Non accertato;Inesploso
3642240;7;16/01/2018 16:15:00;Strada Urbana;VIALE PALMIRO TOGLIATTI;in prossimità;;del palo luce n.;154;;Tamponamento;Rettilineo;Due carreggiate;Bagnato (pioggia);Asfaltata;Orizzontale;Pioggia in atto;Normale;Sufficiente;Ore Diurne;0;0;0;4;;;0;1;Autovettura privata;In marcia / fermata / arresto;Opel;Corsa;Conducente;1962;M;Illeso;0;;Non accertato;Inesploso
3642240;7;16/01/2018 16:15:00;Strada Urbana;VIALE PALMIRO TOGLIATTI;in prossimità;;del palo luce n.;154;;Tamponamento;Rettilineo;Due carreggiate;Bagnato (pioggia);Asfaltata;Orizzontale;Pioggia in atto;Normale;Sufficiente;Ore Diurne;0;0;0;4;;;0;1;Autovettura privata;In marcia / fermata / arresto;Opel;Corsa;Passeggero;1987;M;Illeso;0;;Non accertato;Inesploso
3642240;7;16/01/2018 16:15:00;Strada Urbana;VIALE PALMIRO TOGLIATTI;in prossimità;;del palo luce n.;154;;Tamponamento;Rettilineo;Due carreggiate;Bagnato (pioggia);Asfaltata;Orizzontale;Pioggia in atto;Normale;Sufficiente;Ore Diurne;0;0;0;4;;;0;1;Autovettura privata;In marcia / fermata / arresto;Opel;Corsa;Passeggero;1989;F;Illeso;0;;Non accertato;Inesploso
3642240;7;16/01/2018 16:15:00;Strada Urbana;VIALE PALMIRO TOGLIATTI;in prossimità;;del palo luce n.;154;;Tamponamento;Rettilineo;Due carreggiate;Bagnato (pioggia);Asfaltata;Orizzontale;Pioggia in atto;Normale;Sufficiente;Ore Diurne;0;0;0;4;;;0;2;Autovettura privata;In marcia / fermata / arresto;Peugeot;206;Conducente;1977;M;Illeso;0;;Non accertato;Inesploso
3642245;8;16/01/2018 18:30:00;Provinciale entro l'abitato;VIA PRENESTINA;in prossimità;;del palo luce n.;1654;;Veicolo in marcia contro ostacolo accidentale;Rettilineo;Una carreggiata a doppio senso;Bagnato (pioggia);Asfaltata;Verticale ed orizzontale;Nuvoloso;Normale;Insufficiente;Inesistente;0;0;0;2;12,61059;41,89346;-1;1;Autovettura privata;In marcia / fermata / arresto;Citroen;C 4 Picasso;Conducente;1984;M;Illeso;0;;Non accertato;Inesploso
3642245;8;16/01/2018 18:30:00;Provinciale entro l'abitato;VIA PRENESTINA;in prossimità;;del palo luce n.;1654;;Veicolo in marcia contro ostacolo accidentale;Rettilineo;Una carreggiata a doppio senso;Bagnato (pioggia);Asfaltata;Verticale ed orizzontale;Nuvoloso;Normale;Insufficiente;Inesistente;0;0;0;2;12,61059;41,89346;-1;1;Autovettura privata;In marcia / fermata / arresto;Citroen;C 4 Picasso;Passeggero;2016;M;Illeso;0;;Non accertato;Inesploso
3642250;8;16/01/2018 19:00:00;Provinciale entro l'abitato;VIA PRENESTINA;in prossimità;;del palo luce n.;1654;;Veicolo in marcia contro ostacolo accidentale;Rettilineo;Una carreggiata a doppio senso;Bagnato (pioggia);Asfaltata;Verticale ed orizzontale;Nuvoloso;Normale;Insufficiente;Inesistente;0;0;0;2;12,61059;41,89346;-1;1;Autovettura privata;In marcia / fermata / arresto;Lancia;Ypsilon;Conducente;1973;M;Illeso;0;;Non accertato;Inesploso