Protocollo;Gruppo;DataOraIncidente;Localizzazione1;STRADA1;Localizzazione2;STRADA2;Strada02;Chilometrica;DaSpecificare;NaturaIncidente;particolaritastrade;TipoStrada;FondoStradale;Pavimentazione;Segnaletica;CondizioneAtmosferica;Traffico;Visibilita;Illuminazione;NUM_FERITI;NUM_RISERVATA;NUM_MORTI;NUM_ILLESI;Longitudine;Latitudine;Confermato;Progressivo;TipoVeicolo;StatoVeicolo;Marca;Modello;TipoPersona;AnnoNascita;Sesso;Tipolesione;Deceduto;DecedutoDopo;CinturaCascoUtilizzato;Airbag;
3642698;10;17/01/2018 10:45:00;Strada Urbana;VIA PALERMITI;in prossimità;;del civico n.;18;;Scontro frontale/laterale DX fra veicoli in marcia;Rettilineo;Una carreggiata a doppio senso;Asciutto;Asfaltata;Assente;Nuvoloso;Scarso;Buona;Ore Diurne;0;0;0;4;;;0;1;Autocarro inferiore 35 q.;In marcia / fermata / arresto;Land Rover;Discovery;Passeggero;1969;F;Illeso;0;;Non accertato;Inesploso
3642698;10;17/01/2018 10:45:00;Strada Urbana;VIA PALERMITI;in prossimità;;del civico n.;18;;Scontro frontale/laterale DX fra veicoli in marcia;Rettilineo;Una carreggiata a doppio senso;Asciutto;Asfaltata;Assente;Nuvoloso;Scarso;Buona;Ore Diurne;0;0;0;4;;;0;2;Autovettura privata;In marcia / fermata / arresto;Renault;Captur;Conducente;1980;F;Illeso;0;;Non accertato;Inesploso
3642698;10;17/01/2018 10:45:00;Strada Urbana;VIA PALERMITI;in prossimità;;del civico n.;18;;Scontro frontale/laterale DX fra veicoli in marcia;Rettilineo;Una carreggiata a doppio senso;Asciutto;Asfaltata;Assente;Nuvoloso;Scarso;Buona;Ore Diurne;0;0;0;4;;;0;2;Autovettura privata;In marcia / fermata / arresto;Renault;Captur;Passeggero;2011;F;Illeso;0;;Non accertato;Inesploso
3642723;4;16/01/2018 17:00:00;Strada Urbana;VIA CAMERATA PICENA;in corrispondenza;;del civico n.;363;;Scontro laterale fra veicoli in marcia;Rettilineo;Due carreggiate;Bagnato (pioggia);Asfaltata;Orizzontale;Pioggia in atto;Normale;Buona;Ore Diurne;0;0;0;3;;;0;1;Autovettura privata;In marcia / fermata / arresto;Citroen;Berlingo;Conducente;1974;F;Illeso;0;;;
3642723;4;16/01/2018 17:00:00;Strada Urbana;VIA CAMERATA PICENA;in corrispondenza;;del civico n.;363;;Scontro laterale fra veicoli in marcia;Rettilineo;Due carreggiate;Bagnato (pioggia);Asfaltata;Orizzontale;Pioggia in atto;Normale;Buona;Ore Diurne;0;0;0;3;;;0;1;Autovettura privata;In marcia / fermata / arresto;Citroen;Berlingo;Passeggero;2010;M;Illeso;0;;;
3642723;4;16/01/2018 17:00:00;Strada Urbana;VIA CAMERATA PICENA;in corrispondenza;;del civico n.;363;;Scontro laterale fra veicoli in marcia;Rettilineo;Due carreggiate;Bagnato (pioggia);Asfaltata;Orizzontale;Pioggia in atto;Normale;Buona;Ore Diurne;0;0;0;3;;;0;2;Autovettura privata;In marcia / fermata / arresto;Opel;Insigna;Conducente;1948;M;Illeso;0;;;
3642806;6;17/01/2018 11:00:00;Strada Urbana;VIA TOR DE' SCHIAVI;in prossimità;;del civico n.;373;;Investimento di pedone;Rettilineo;Due carreggiate;Asciutto;Asfaltata;Orizzontale;Sole radente;Normale;Buona;Ore Diurne;1;0;0;1;12,55941;41,89336;-1;;;;;;Pedone;1927;M;Rimandato;0;NON DECEDUTO;;
3642806;6;17/01/2018 11:00:00;Strada Urbana;VIA TOR DE' SCHIAVI;in prossimità;;del civico n.;373;;Investimento di pedone;Rettilineo;Due carreggiate;Asciutto;Asfaltata;Orizzontale;Sole radente;Normale;Buona;Ore Diurne;1;0;0;1;12,55941;41,89336;-1;1;Autovettura privata;In marcia / fermata / arresto;Toyota;Corolla;Conducente;1944;M;Illeso;0;;Non accertato;Inesploso
3642807;19;17/01/2018 11:15:00;Strada Urbana;VIA LA NEBBIA;all'intersezione con;VIA COGOLETO;VIA COGOLETO;;;Tamponamento;Incrocio;Una carreggiata a senso unico di marcia;Asciutto;Asfaltata;Verticale ed orizzontale;Sereno;Normale;Buona;Ore Diurne;0;0;0;2;12,42427;41,92699;-1;1;Autovettura privata;In marcia / fermata / arresto;Fiat;Panda;Conducente;1943;M;Illeso;0;;;
3642807;19;17/01/2018 11:15:00;Strada Urbana;VIA LA NEBBIA;all'intersezione con;VIA COGOLETO;VIA COGOLETO;;;Tamponamento;Incrocio;Una carreggiata a senso unico di marcia;Asciutto;Asfaltata;Verticale ed orizzontale;Sereno;Normale;Buona;Ore Diurne;0;0;0;2;12,42427;41,92699;-1;2;Autocarro inferiore 35 q.;In marcia / fermata / arresto;Volkswagen;Crafter;Conducente;1991;M;Illeso;0;;;
3642811;12;01/01/2018 04:20:00;Strada Urbana;VIA CALOPEZZATI;da specificare;;;;altezza palo acea 73;Veicolo in marcia contro ostacolo accidentale;Rettilineo;Una carreggiata a doppio senso;Bagnato (pioggia);Asfaltata;Verticale ed orizzontale;Nuvoloso;Scarso;Buona;Sufficiente;0;0;0;1;12,4701;41,73742;-1;1;Autovettura privata;In marcia / fermata / arresto;Fiat;Seicento;Conducente;1986;F;Illeso;0;;Utilizzato;
3642839;18;17/01/2018 08:30:00;Strada Urbana;VIA ODOARDO GIOVE;da specificare;;;;altezza Via Frate Giuseppe Lazzaro;Investimento di pedone;Rettilineo;Una carreggiata a doppio senso;Asciutto;Asfaltata;Verticale ed orizzontale;Sereno;Normale;Buona;Ore Diurne;3;0;0;0;12,40437;41,91443;0;;;;;;Pedone;1954;F;Rimandato;0;NON DECEDUTO;;
3642839;18;17/01/2018 08:30:00;Strada Urbana;VIA ODOARDO GIOVE;da specificare;;;;altezza Via Frate Giuseppe Lazzaro;Investimento di pedone;Rettilineo;Una carreggiata a doppio senso;Asciutto;Asfaltata;Verticale ed orizzontale;Sereno;Normale;Buona;Ore Diurne;3;0;0;0;12,40437;41,91443;0;;;;;;Pedone;2010;F;Ricoverato;0;NON DECEDUTO;;
3642839;18;17/01/2018 08:30:00;Strada Urbana;VIA ODOARDO GIOVE;da specificare;;;;altezza Via Frate Giuseppe Lazzaro;Investimento di pedone;Rettilineo;Una carreggiata a doppio senso;Asciutto;Asfaltata;Verticale ed orizzontale;Sereno;Normale;Buona;Ore Diurne;3;0;0;0;12,40437;41,91443;0;1;Motociclo a solo;In marcia / fermata / arresto;Honda;SH 125;Conducente;1999;M;Rimandato;0;NON DECEDUTO;Non accertato;
3642860;12;17/01/2018 01:30:00;Strada Urbana;VIA OSTIENSE;in prossimità;;del civico n.;537;;Scontro frontale/laterale DX fra veicoli in marcia;Rettilineo;Una carreggiata a doppio senso;Asciutto;Asfaltata;Verticale ed orizzontale;Sereno;Normale;Buona;Sufficiente;1;0;0;1;;;0;1;Autovettura privata;In marcia / fermata / arresto;Mercedes;250;Conducente;1970;F;Illeso;0;;Non accertato;Esploso
3642860;12;17/01/2018 01:30:00;Strada Urbana;VIA OSTIENSE;in prossimità;;del civico n.;537;;Scontro frontale/laterale DX fra veicoli in marcia;Rettilineo;Una carreggiata a doppio senso;Asciutto;Asfaltata;Verticale ed orizzontale;Sereno;Normale;Buona;Sufficiente;1;0;0;1;;;0;2;Autovettura privata;In marcia / fermata / arresto;Seat;M I I;Conducente;1984;M;Rimandato;0;NON DECEDUTO;Non accertato;Esploso
3642895;12;16/01/2018 18:45:00;;VIA PONTINA;da specificare;;;;altezza km 12.700;Tamponamento Multiplo;;;;;;;;;;0;0;0;3;;;0;1;Autovettura privata;In marcia / fermata / arresto;Lancia;Ypsilon;Conducente;1969;M;Illeso;0;;;
3642895;12;16/01/2018 18:45:00;;VIA PONTINA;da specificare;;;;altezza km 12.700;Tamponamento Multiplo;;;;;;;;;;0;0;0;3;;;0;2;Autovettura privata;In marcia / fermata / arresto;Alfa Romeo;156;Conducente;1964;F;Illeso;0;;Utilizzato;Inesploso
3642895;12;16/01/2018 18:45:00;;VIA PONTINA;da specificare;;;;altezza km 12.700;Tamponamento Multiplo;;;;;;;;;;0;0;0;3;;;0;3;Autovettura privata;In marcia / fermata / arresto;Fiat;Freemont;Conducente;1967;M;Illeso;0;;;
3642909;17;17/01/2018 10:40:00;Strada Urbana;VIALE ANGELICO;all'intersezione semaforizzata con;VIALE CARSO;VIALE CARSO;;;Scontro frontale/laterale SX fra veicoli in marcia;Intersezione semaforizzata;Due carreggiate;Asciutto;Asfaltata;Verticale ed orizzontale;Sereno;Normale;Buona;Ore Diurne;0;0;0;3;12,45866;41,91897;0;1;Autovettura privata;In marcia / fermata / arresto;Smart ;-;Conducente;1974;M;Illeso;0;;;
3642909;17;17/01/2018 10:40:00;Strada Urbana;VIALE ANGELICO;all'intersezione semaforizzata con;VIALE CARSO;VIALE CARSO;;;Scontro frontale/laterale SX fra veicoli in marcia;Intersezione semaforizzata;Due carreggiate;Asciutto;Asfaltata;Verticale ed orizzontale;Sereno;Normale;Buona;Ore Diurne;0;0;0;3;12,45866;41,91897;0;1;Autovettura privata;In marcia / fermata / arresto;Smart ;-;Passeggero;1983;M;Illeso;0;;;
3642909;17;17/01/2018 10:40:00;Strada Urbana;VIALE ANGELICO;all'intersezione semaforizzata con;VIALE CARSO;VIALE CARSO;;;Scontro frontale/laterale SX fra veicoli in marcia;Intersezione semaforizzata;Due carreggiate;Asciutto;Asfaltata;Verticale ed orizzontale;Sereno;Normale;Buona;Ore Diurne;0;0;0;3;12,45866;41,91897;0;2;Autovettura privata;In marcia / fermata / arresto;Mazda;2;Conducente;1971;F;Illeso;0;;;
3643008;12;01/01/2018 23:00:00;Strada Urbana;VIALE DELL'OCEANO INDIANO;in prossimità;;del civico n.;9;;Veicolo in marcia contro ostacolo accidentale;Rettilineo;Una carreggiata a doppio senso;Bagnato (pioggia);Con buche;Verticale ed orizzontale;Nuvoloso;Scarso;Sufficiente;Sufficiente;0;0;0;2;12,4521;41,82711;0;1;Autovettura privata;In marcia / fermata / arresto;Smart ;(non accertato);Conducente;1991;F;Illeso;0;;Non accertato;Inesploso
3643008;12;01/01/2018 23:00:00;Strada Urbana;VIALE DELL'OCEANO INDIANO;in prossimità;;del civico n.;9;;Veicolo in marcia contro ostacolo accidentale;Rettilineo;Una carreggiata a doppio senso;Bagnato (pioggia);Con buche;Verticale ed orizzontale;Nuvoloso;Scarso;Sufficiente;Sufficiente;0;0;0;2;12,4521;41,82711;0;1;Autovettura privata;In marcia / fermata / arresto;Smart ;(non accertato);Passeggero;1991;M;Illeso;0;;Non accertato;Inesploso
3643023;12;03/01/2018 15:15:00;Strada Urbana;VIA DI MEZZOCAMMINO;in prossimità;;del civico n.;81 b;;Veicolo in marcia contro ostacolo accidentale;Rettilineo;Una carreggiata a doppio senso;Asciutto;Con buche;Verticale ed orizzontale;Nuvoloso;Normale;Buona;Ore Diurne;0;0;0;2;12,44013;41,79272;-1;1;Autovettura privata;In marcia / fermata / arresto;BMW;118 D;Conducente;1988;M;Illeso;0;;Non accertato;Inesploso
3643023;12;03/01/2018 15:15:00;Strada Urbana;VIA DI MEZZOCAMMINO;in prossimità;;del civico n.;81 b;;Veicolo in marcia contro ostacolo accidentale;Rettilineo;Una carreggiata a doppio senso;Asciutto;Con buche;Verticale ed orizzontale;Nuvoloso;Normale;Buona;Ore Diurne;0;0;0;2;12,44013;41,79272;-1;1;Autovettura privata;In marcia / fermata / arresto;BMW;118 D;Passeggero;1985;M;Illeso;0;;Non accertato;Inesploso
3643027;12;01/01/2018 03:45:00;Strada Urbana;VIALE DELL'OCEANO PACIFICO;in prossimità;;del civico n.;251;;Veicolo in marcia contro ostacolo fisso;Rettilineo;Una carreggiata a doppio senso;Bagnato (umidità in atto);Asfaltata;Verticale ed orizzontale;Nuvoloso;Scarso;Buona;Sufficiente;0;0;0;1;12,45499;41,82575;0;1;Autovettura privata;In marcia / fermata / arresto;Mercedes;Smart For Two;Conducente;1996;F;Illeso;0;;;
3643033;12;03/01/2018 18:00:00;Strada Urbana;VIA DI ACQUA ACETOSA OSTIENSE;da specificare;;;;altezza italo calvino;Veicolo in marcia contro ostacolo accidentale;Rettilineo;Una carreggiata a doppio senso;Bagnato (umidità in atto);Asfaltata;Verticale ed orizzontale;Nuvoloso;Scarso;Buona;Insufficiente;0;0;0;1;12,46733;41,80484;0;1;Autovettura privata;In marcia / fermata / arresto;Ford;Fiesta;Conducente;1963;M;Illeso;0;;;
3643040;12;04/01/2018 09:45:00;Strada Urbana;VIA DEL CAPPELLACCIO;da specificare;;;;200 mt. dopo viadotto;Veicolo in marcia contro ostacolo accidentale;Rettilineo;Una carreggiata a doppio senso;Asciutto;Con buche;Orizzontale;Sereno;Scarso;Buona;Ore Diurne;0;0;0;1;12,45248;41,8325;0;1;Autovettura privata;In marcia / fermata / arresto;Toyota;Yaris;Conducente;1984;F;Illeso;0;;;
3643045;12;04/01/2018 21:20:00;Strada Urbana;VIA PORTUENSE;in prossimità;;del civico n.;713;;Veicolo in marcia contro ostacolo accidentale;Rettilineo;Una carreggiata a doppio senso;Asciutto;Con buche;Verticale ed orizzontale;Sereno;Normale;Buona;Sufficiente;0;0;0;1;12,43398;41,85142;0;1;Motociclo a solo;In marcia / fermata / arresto;S.W.M.;(non accertato);Conducente;2001;M;Illeso;0;;;
3643048;12;07/01/2018 10:00:00;;VIALE DEGLI EROI DI CEFALONIA;in prossimità;;del civico n.;320;;Veicolo in marcia contro ostacolo accidentale;;;;;;;;;;0;0;0;1;;;0;1;Autovettura privata;In marcia / fermata / arresto;Renault;Clio;Conducente;1964;M;Illeso;0;;;
3643054;12;08/01/2018 22:20:00;Strada Urbana;VIALE CESARE PAVESE;in prossimità;;del civico n.;301;;Veicolo in marcia contro ostacolo accidentale;Rettilineo;Due carreggiate;Asciutto;Con buche;Verticale ed orizzontale;Sereno;Scarso;Sufficiente;Sufficiente;0;0;0;1;;;0;1;Autovettura privata;In marcia / fermata / arresto;Audi;A 3;Conducente;1996;M;Illeso;0;;Utilizzato;Inesploso
3643057;12;10/01/2018 17:00:00;;VIALE DELLA GRANDE MURAGLIA;in prossimità;;del civico n.;95;;Veicolo in marcia contro ostacolo accidentale;;;;;;;;;;0;0;0;1;;;0;1;Autovettura privata;In marcia / fermata / arresto;Fiat;Panda;Conducente;0;F;Illeso;0;;;
3643058;12;10/01/2018 17:20:00;;VIALE DELLA GRANDE MURAGLIA;in prossimità;;del civico n.;95;;Veicolo in marcia contro ostacolo accidentale;;;;;;;;;;0;0;0;1;;;0;1;Autovettura privata;In marcia / fermata / arresto;BMW;320 D;Conducente;0;F;Illeso;0;;;
3643066;12;15/01/2018 10:00:00;;VIA DELLE TRE FONTANE;da specificare;;;;palo acea 7;Infortunio per sola frenata improvvisa;;;;;;;;;;1;0;0;1;;;0;1;Autovettura privata;In marcia / fermata / arresto;Fiat;Panda;Conducente;1959;F;Illeso;0;;;
3643066;12;15/01/2018 10:00:00;;VIA DELLE TRE FONTANE;da specificare;;;;palo acea 7;Infortunio per sola frenata improvvisa;;;;;;;;;;1;0;0;1;;;0;2;Motociclo a solo;In marcia / fermata / arresto;Piaggio;Beverly;Conducente;1976;M;Rimandato;0;NON DECEDUTO;;
3643068;12;11/01/2018 18:10:00;Strada Urbana;VIA CINA;in corrispondenza;;del civico n.;91;;Veicolo in marcia contro ostacolo accidentale;Rettilineo;Due carreggiate;Bagnato (pioggia);Asfaltata;Verticale ed orizzontale;Pioggia in atto;Normale;Buona;Sufficiente;0;0;0;1;12,43569;41,81325;0;1;Autovettura privata;In marcia / fermata / arresto;Fiat;Punto;Conducente;1971;M;Illeso;0;;Utilizzato;Inesploso
3643122;12;11/01/2018 21:04:00;;VIA PONTINA  (CARREGGIATA COMPLANARE);in prossimità;;del civico n.;325;;Veicolo in marcia contro ostacolo accidentale;;;;;;;;;;0;0;0;1;;;0;1;Autovettura privata;In marcia / fermata / arresto;Ford;Fiesta;Conducente;0;F;Illeso;0;;;
3643132;12;11/01/2018 21:05:00;;VIA PONTINA  (CARREGGIATA COMPLANARE);in prossimità;;del civico n.;325;;Veicolo in marcia contro ostacolo accidentale;;;;;;;;;;0;0;0;1;;;0;1;Autovettura privata;In marcia / fermata / arresto;Opel;Corsa;Conducente;0;M;Illeso;0;;;
3643137;12;12/01/2018 06:10:00;;VIA DI PORTA MEDAGLIA;in prossimità;;del civico n.;158;;Veicolo in marcia contro ostacolo accidentale;;;;;;;;;;0;0;0;1;;;0;1;Autovettura privata;In marcia / fermata / arresto;Toyota;Pic Nic;Conducente;0;M;Illeso;0;;;
3643139;12;12/01/2018 08:15:00;;PIAZZALE DEGLI ARCHIVI;in prossimità;;del civico n.;41;;Veicoli in marcia contro veicoli fermi;;;;;;;;;;0;0;0;2;;;0;1;Autovettura privata;In marcia / fermata / arresto;Smart ;-;Conducente;1978;F;Illeso;0;;;
3643139;12;12/01/2018 08:15:00;;PIAZZALE DEGLI ARCHIVI;in prossimità;;del civico n.;41;;Veicoli in marcia contro veicoli fermi;;;;;;;;;;0;0;0;2;;;0;3;Autovettura privata;In marcia / fermata / arresto;Peugeot; 2008;Conducente;1966;M;Illeso;0;;;
3643141;12;12/01/2018 23:45:00;;VIA DI VALLERANO;all'intersezione con;VIA PIERO CALEFFI;VIA PIERO CALEFFI;;;Veicolo in marcia contro ostacolo accidentale;;;;;;;;;;0;0;0;1;;;0;1;Autovettura privata;In marcia / fermata / arresto;Ford;Fiesta;Conducente;0;F;Illeso;0;;;
3643144;12;13/01/2018 13:30:00;;VIA GUIDO DA VERONA;all'intersezione con;VIALE IGNAZIO SILONE;VIALE IGNAZIO SILONE;;;Veicolo in marcia contro ostacolo accidentale;;;;;;;;;;0;0;0;1;;;0;1;Autovettura privata;In marcia / fermata / arresto;Mercedes;C;Conducente;1994;M;Illeso;0;;;
3643150;12;13/01/2018 14:10:00;;VIA DELLA SOLFARATA;da specificare;;;;50 mt. dopo rotatoria;Veicolo in marcia contro ostacolo accidentale;;;;;;;;;;0;0;0;1;;;0;1;Autovettura privata;In marcia / fermata / arresto;Toyota;Aygo;Conducente;1983;M;Illeso;0;;;
3643167;12;13/01/2018 18:40:00;;VIA PONTINA  (CARREGGIATA COMPLANARE);in prossimità;;del palo luce n.;391;;Veicolo in marcia contro ostacolo accidentale;;;;;;;;;;0;0;0;1;;;0;1;Autovettura privata;In marcia / fermata / arresto;Fiat;500;Conducente;1986;M;Illeso;0;;;
3643181;10;17/01/2018 14:30:00;Strada Urbana;VIA TUSCOLANA;in prossimità;;del palo luce n.;978;;Tamponamento Multiplo;Rettilineo;Una carreggiata a senso unico di marcia;Asciutto;Asfaltata;Verticale ed orizzontale;Sereno;Normale;Sufficiente;Ore Diurne;2;0;0;2;;;0;1;Autovettura privata;In marcia / fermata / arresto;Fiat;500;Conducente;1991;M;Rimandato;0;NON DECEDUTO;Non accertato;Inesploso
3643181;10;17/01/2018 14:30:00;Strada Urbana;VIA TUSCOLANA;in prossimità;;del palo luce n.;978;;Tamponamento Multiplo;Rettilineo;Una carreggiata a senso unico di marcia;Asciutto;Asfaltata;Verticale ed orizzontale;Sereno;Normale;Sufficiente;Ore Diurne;2;0;0;2;;;0;1;Autovettura privata;In marcia / fermata / arresto;Fiat;500;Passeggero;1955;F;Rimandato;0;NON DECEDUTO;Non accertato;Inesploso
3643181;10;17/01/2018 14:30:00;Strada Urbana;VIA TUSCOLANA;in prossimità;;del palo luce n.;978;;Tamponamento Multiplo;Rettilineo;Una carreggiata a senso unico di marcia;Asciutto;Asfaltata;Verticale ed orizzontale;Sereno;Normale;Sufficiente;Ore Diurne;2;0;0;2;;;0;2;Autovettura privata;In marcia / fermata / arresto;Volkswagen;Polo;Conducente;1955;M;Illeso;0;;Non accertato;Inesploso
3643181;10;17/01/2018 14:30:00;Strada Urbana;VIA TUSCOLANA;in prossimità;;del palo luce n.;978;;Tamponamento Multiplo;Rettilineo;Una carreggiata a senso unico di marcia;Asciutto;Asfaltata;Verticale ed orizzontale;Sereno;Normale;Sufficiente;Ore Diurne;2;0;0;2;;;0;3;Autovettura privata;In marcia / fermata / arresto;Ford;Fiesta;Conducente;1989;M;Illeso;0;;Non accertato;Inesploso
3643182;12;13/01/2018 19:15:00;;VIA PONTINA  (CARREGGIATA COMPLANARE);in prossimità;;del civico n.;391;;Veicolo in marcia contro ostacolo accidentale;;;;;;;;;;0;0;0;1;;;0;1;Autovettura privata;In marcia / fermata / arresto;Audi;A 3;Conducente;0;M;Illeso;0;;;
3643186;12;13/01/2018 19:20:00;;VIA PONTINA  (CARREGGIATA COMPLANARE);in prossimità;;del civico n.;391;;Veicolo in marcia contro ostacolo accidentale;;;;;;;;;;0;0;0;1;;;0;1;Autovettura privata;In marcia / fermata / arresto;Renault;Twingo;Conducente;0;F;Illeso;0;;;
3643189;12;14/01/2018 20:30:00;;VIALE DELL'OCEANO INDIANO;in prossimità;;del civico n.;9;;Veicolo in marcia contro ostacolo accidentale;;;;;;;;;;0;0;0;1;;;0;1;Autovettura privata;In marcia / fermata / arresto;Audi;A 6;Conducente;0;M;Illeso;0;;;
3643197;12;16/01/2018 17:20:00;;VIALE CESARE PAVESE;in prossimità;;del civico n.;342;;Veicolo in marcia contro ostacolo accidentale;;;;;;;;;;0;0;0;1;;;0;1;Autovettura privata;In marcia / fermata / arresto;Mercedes;E 200;Conducente;1989;M;Illeso;0;;;
3643217;12;12/01/2018 17:25:00;;VIA LAURENTINA;da specificare;;;;prossimità via boccabelli;Scontro frontale/laterale SX fra veicoli in marcia;;;;;;;;;;0;0;0;2;;;0;1;Autovettura privata;In marcia / fermata / arresto;Fiat;Punto;Conducente;1996;M;Illeso;0;;;
3643217;12;12/01/2018 17:25:00;;VIA LAURENTINA;da specificare;;;;prossimità via boccabelli;Scontro frontale/laterale SX fra veicoli in marcia;;;;;;;;;;0;0;0;2;;;0;2;Trattore stradale;In marcia / fermata / arresto;Astra;HD8242;Conducente;0;M;Illeso;0;;;
3643269;19;17/01/2018 15:20:00;Strada Urbana;VIA DEI CASALI DI TORREVECCHIA;all'intersezione con;VIA DI TORREVECCHIA;VIA DI TORREVECCHIA;;;Veicolo in marcia contro veicolo fermo;Incrocio;Una carreggiata a doppio senso;Asciutto;Asfaltata;Verticale ed orizzontale;Sereno;Normale;Buona;Ore Diurne;0;0;0;3;;;0;1;Autovettura privata;In marcia / fermata / arresto;Fiat;500;Conducente;1954;M;Illeso;0;;Non accertato;Inesploso
3643269;19;17/01/2018 15:20:00;Strada Urbana;VIA DEI CASALI DI TORREVECCHIA;all'intersezione con;VIA DI TORREVECCHIA;VIA DI TORREVECCHIA;;;Veicolo in marcia contro veicolo fermo;Incrocio;Una carreggiata a doppio senso;Asciutto;Asfaltata;Verticale ed orizzontale;Sereno;Normale;Buona;Ore Diurne;0;0;0;3;;;0;2;Motociclo a solo;In marcia / fermata / arresto;Honda;SH 150;Conducente;1954;M;Illeso;0;;Non accertato;
3643269;19;17/01/2018 15:20:00;Strada Urbana;VIA DEI CASALI DI TORREVECCHIA;all'intersezione con;VIA DI TORREVECCHIA;VIA DI TORREVECCHIA;;;Veicolo in marcia contro veicolo fermo;Incrocio;Una carreggiata a doppio senso;Asciutto;Asfaltata;Verticale ed orizzontale;Sereno;Normale;Buona;Ore Diurne;0;0;0;3;;;0;2;Motociclo a solo;In marcia / fermata / arresto;Honda;SH 150;Passeggero;2007;M;Illeso;0;;Non accertato;
3643299;12;16/01/2018 18:15:00;;VIA LAURENTINA;da specificare;;;;pross Fonte Laurentina;Veicolo in marcia contro ostacolo accidentale;;;;;;;;;;0;0;0;1;;;0;1;Motociclo a solo;In marcia / fermata / arresto;Ducati;Monster 600;Conducente;0;F;Illeso;0;;;
3643303;12;12/01/2018 12:00:00;;PIAZZALE DELL'UMANESIMO;all'intersezione con;VIA NAIROBI;VIA NAIROBI;;;Scontro laterale fra veicoli in marcia;;;;;;;;;;0;0;0;2;;;0;1;Autovettura pubblica;In marcia / fermata / arresto;Toyota;Auris;Conducente;1954;M;Illeso;0;;;
3643303;12;12/01/2018 12:00:00;;PIAZZALE DELL'UMANESIMO;all'intersezione con;VIA NAIROBI;VIA NAIROBI;;;Scontro laterale fra veicoli in marcia;;;;;;;;;;0;0;0;2;;;0;2;Autovettura privata;In marcia / fermata / arresto;Lancia;Ypsilon;Conducente;1977;M;Illeso;0;;;
3643306;12;16/01/2018 07:05:00;;VIALE DEI CADUTI NELLA GUERRA DI LIBERAZIONE;in prossimità;;del civico n.;270;;Veicolo in marcia contro ostacolo accidentale;;;;;;;;;;0;0;0;1;;;0;1;Autobus di linea;In marcia / fermata / arresto;TEMSA;AVENUE LF;Conducente;1978;M;Illeso;0;;;
3643313;12;16/01/2018 20:10:00;;PIAZZALE CINA;in prossimità;;del civico n.;57;;Veicolo in marcia contro ostacolo accidentale;;;;;;;;;;0;0;0;1;;;0;1;Autovettura privata;In marcia / fermata / arresto;Fiat;500;Conducente;0;M;Illeso;0;;;
3643317;12;14/01/2018 20:00:00;;VIA LAURENTINA;in prossimità;;della chilometrica;11.5;;Ribaltamento senza urto contro ostacolo fisso;;;;;;;;;;0;0;0;1;;;0;1;Autovettura privata;In marcia / fermata / arresto;Volkswagen;Golf;Conducente;1989;M;Illeso;0;;;
3643344;12;13/01/2018 11:20:00;;VIALE DEI CADUTI NELLA GUERRA DI LIBERAZIONE;in prossimità;;del civico n.;157;;Veicolo in marcia contro ostacolo accidentale;;;;;;;;;;0;0;0;1;;;0;1;Autovettura pubblica;In marcia / fermata / arresto;Mercedes;E220;Conducente;1972;M;Illeso;0;;;
3643376;18;17/01/2018 13:15:00;Strada Urbana;VIA GREGORIO VII;da specificare;;;;in prossimità del fronte civico 490;Scontro laterale fra veicoli in marcia;Pendenza;Una carreggiata a senso unico di marcia;Asciutto;Asfaltata;Verticale ed orizzontale;Sereno;Normale;Buona;Ore Diurne;1;0;0;2;12,44056;41,8961;0;1;Motociclo a solo;In marcia / fermata / arresto;Piaggio;X10;Conducente;1961;M;Rimandato;0;NON DECEDUTO;Non accertato;
3643376;18;17/01/2018 13:15:00;Strada Urbana;VIA GREGORIO VII;da specificare;;;;in prossimità del fronte civico 490;Scontro laterale fra veicoli in marcia;Pendenza;Una carreggiata a senso unico di marcia;Asciutto;Asfaltata;Verticale ed orizzontale;Sereno;Normale;Buona;Ore Diurne;1;0;0;2;12,44056;41,8961;0;2;Autovettura privata;In marcia / fermata / arresto;Toyota;Rav 4;Conducente;1977;F;Illeso;0;;Non accertato;Inesploso
3643376;18;17/01/2018 13:15:00;Strada Urbana;VIA GREGORIO VII;da specificare;;;;in prossimità del fronte civico 490;Scontro laterale fra veicoli in marcia;Pendenza;Una carreggiata a senso unico di marcia;Asciutto;Asfaltata;Verticale ed orizzontale;Sereno;Normale;Buona;Ore Diurne;1;0;0;2;12,44056;41,8961;0;2;Autovettura privata;In marcia / fermata / arresto;Toyota;Rav 4;Passeggero;2006;F;Illeso;0;;Non accertato;Inesploso
3643378;12;15/01/2018 17:45:00;;VIA PONTINA;da specificare;;;;km 13.600;Scontro frontale fra veicoli in marcia;;;;;;;;;;0;0;0;2;;;0;1;Autovettura privata;In marcia / fermata / arresto;Hyundai;Tucson;Conducente;1983;M;Illeso;0;;;