Protocollo;Gruppo;DataOraIncidente;Localizzazione1;STRADA1;Localizzazione2;STRADA2;Strada02;Chilometrica;DaSpecificare;NaturaIncidente;particolaritastrade;TipoStrada;FondoStradale;Pavimentazione;Segnaletica;CondizioneAtmosferica;Traffico;Visibilita;Illuminazione;NUM_FERITI;NUM_RISERVATA;NUM_MORTI;NUM_ILLESI;Longitudine;Latitudine;Confermato;Progressivo;TipoVeicolo;StatoVeicolo;Marca;Modello;TipoPersona;AnnoNascita;Sesso;Tipolesione;Deceduto;DecedutoDopo;CinturaCascoUtilizzato;Airbag;
3643378;12;15/01/2018 17:45:00;;VIA PONTINA;da specificare;;;;km 13.600;Scontro frontale fra veicoli in marcia;;;;;;;;;;0;0;0;2;;;0;2;Autovettura privata;In marcia / fermata / arresto;Ford;FOCUS C - MAX;Conducente;1968;M;Illeso;0;;;
3643468;10;17/01/2018 16:05:00;Strada Urbana;VIA DEL PONTE DELLE SETTE MIGLIA;all'intersezione con;VIA LEOPOLDO MICUCCI;VIA LEOPOLDO MICUCCI;;;Scontro frontale/laterale DX fra veicoli in marcia;Intersezione stradale segnalata;Una carreggiata a doppio senso;Asciutto;Asfaltata;Verticale ed orizzontale;Sereno;Normale;Sufficiente;Ore Diurne;2;0;0;2;;;0;1;Autovettura privata;In marcia / fermata / arresto;Nissan;Micra;Conducente;1955;M;Rimandato;0;NON DECEDUTO;Non accertato;Esploso
3643468;10;17/01/2018 16:05:00;Strada Urbana;VIA DEL PONTE DELLE SETTE MIGLIA;all'intersezione con;VIA LEOPOLDO MICUCCI;VIA LEOPOLDO MICUCCI;;;Scontro frontale/laterale DX fra veicoli in marcia;Intersezione stradale segnalata;Una carreggiata a doppio senso;Asciutto;Asfaltata;Verticale ed orizzontale;Sereno;Normale;Sufficiente;Ore Diurne;2;0;0;2;;;0;1;Autovettura privata;In marcia / fermata / arresto;Nissan;Micra;Passeggero;1950;F;Rimandato;0;NON DECEDUTO;;
3643468;10;17/01/2018 16:05:00;Strada Urbana;VIA DEL PONTE DELLE SETTE MIGLIA;all'intersezione con;VIA LEOPOLDO MICUCCI;VIA LEOPOLDO MICUCCI;;;Scontro frontale/laterale DX fra veicoli in marcia;Intersezione stradale segnalata;Una carreggiata a doppio senso;Asciutto;Asfaltata;Verticale ed orizzontale;Sereno;Normale;Sufficiente;Ore Diurne;2;0;0;2;;;0;2;Autovettura privata;In marcia / fermata / arresto;Peugeot;4007;Conducente;1954;M;Illeso;0;;Non accertato;Inesploso
3643468;10;17/01/2018 16:05:00;Strada Urbana;VIA DEL PONTE DELLE SETTE MIGLIA;all'intersezione con;VIA LEOPOLDO MICUCCI;VIA LEOPOLDO MICUCCI;;;Scontro frontale/laterale DX fra veicoli in marcia;Intersezione stradale segnalata;Una carreggiata a doppio senso;Asciutto;Asfaltata;Verticale ed orizzontale;Sereno;Normale;Sufficiente;Ore Diurne;2;0;0;2;;;0;2;Autovettura privata;In marcia / fermata / arresto;Peugeot;4007;Passeggero;1967;M;Illeso;0;;Non accertato;Inesploso
3643471;12;15/01/2018 23:30:00;;VIA ARDEATINA;in prossimità;;del civico n.;822;;Fuoriuscita dalla sede stradale;;;;;;;;;;0;0;0;1;;;0;1;Autobus di linea;In marcia / fermata / arresto;Fiat;Iveco;Conducente;1977;M;Illeso;0;;;
3643490;11;17/01/2018 16:30:00;Strada Urbana;VIA ARDEATINA;all'intersezione con;VIA DI VIGNA MURATA;VIA DI VIGNA MURATA;;;Scontro laterale fra veicoli in marcia;Intersezione non regolata/non segnalata;Due carreggiate;Asciutto;Asfaltata;Verticale ed orizzontale;Sereno;Normale;Buona;Ore Diurne;0;0;0;3;12,56072;41,74837;0;1;Autovettura privata;In marcia / fermata / arresto;Nissan;Primera;Conducente;1968;M;Illeso;0;;Non accertato;Inesploso
3643490;11;17/01/2018 16:30:00;Strada Urbana;VIA ARDEATINA;all'intersezione con;VIA DI VIGNA MURATA;VIA DI VIGNA MURATA;;;Scontro laterale fra veicoli in marcia;Intersezione non regolata/non segnalata;Due carreggiate;Asciutto;Asfaltata;Verticale ed orizzontale;Sereno;Normale;Buona;Ore Diurne;0;0;0;3;12,56072;41,74837;0;2;Autovettura privata;In marcia / fermata / arresto;Mercedes;Smart Fortwo;Conducente;1966;M;Illeso;0;;Non accertato;Inesploso
3643490;11;17/01/2018 16:30:00;Strada Urbana;VIA ARDEATINA;all'intersezione con;VIA DI VIGNA MURATA;VIA DI VIGNA MURATA;;;Scontro laterale fra veicoli in marcia;Intersezione non regolata/non segnalata;Due carreggiate;Asciutto;Asfaltata;Verticale ed orizzontale;Sereno;Normale;Buona;Ore Diurne;0;0;0;3;12,56072;41,74837;0;2;Autovettura privata;In marcia / fermata / arresto;Mercedes;Smart Fortwo;Passeggero;1999;F;Illeso;0;;Utilizzato;Inesploso
3643503;12;17/01/2018 14:00:00;;VIA GIUSEPPE TOMASI DI LAMPEDUSA;da specificare;;;;PROSSIMITA' VIA SALVATORE QUASIMODO;Veicolo in marcia contro veicoli in sosta;;;;;;;;;;0;0;0;1;;;0;1;Autovettura privata;In marcia / fermata / arresto;Opel;Corsa;Conducente;1965;F;Illeso;0;;;
3643656;19;17/01/2018 18:30:00;Strada Urbana;VIA TRIONFALE;in corrispondenza;;del civico n.;9612;;Scontro frontale/laterale SX fra veicoli in marcia;Rettilineo;Una carreggiata a doppio senso;Asciutto;Asfaltata;Verticale ed orizzontale;Sereno;Normale;Buona;Sufficiente;0;0;0;2;;;0;1;Autovettura privata;In marcia / fermata / arresto;Lancia;Prisma;Conducente;1936;M;Illeso;0;;Non accertato;Inesploso
3643656;19;17/01/2018 18:30:00;Strada Urbana;VIA TRIONFALE;in corrispondenza;;del civico n.;9612;;Scontro frontale/laterale SX fra veicoli in marcia;Rettilineo;Una carreggiata a doppio senso;Asciutto;Asfaltata;Verticale ed orizzontale;Sereno;Normale;Buona;Sufficiente;0;0;0;2;;;0;2;Autovettura privata;In marcia / fermata / arresto;Citroen;C 3;Conducente;1938;M;Illeso;0;;Non accertato;Inesploso
3643692;9;17/01/2018 14:20:00;;VIA TUSCOLANA;da specificare;;;;fronte VIA GELA;Scontro frontale/laterale SX fra veicoli in marcia;;;;;;;;;;1;0;0;3;12,52179;41,87947;0;1;Autovettura privata;In marcia / fermata / arresto;Lancia;Ypsilon;Conducente;1995;M;Illeso;0;;Non accertato;Inesploso
3643692;9;17/01/2018 14:20:00;;VIA TUSCOLANA;da specificare;;;;fronte VIA GELA;Scontro frontale/laterale SX fra veicoli in marcia;;;;;;;;;;1;0;0;3;12,52179;41,87947;0;1;Autovettura privata;In marcia / fermata / arresto;Lancia;Ypsilon;Passeggero;2002;F;Illeso;0;;Non accertato;Inesploso
3643692;9;17/01/2018 14:20:00;;VIA TUSCOLANA;da specificare;;;;fronte VIA GELA;Scontro frontale/laterale SX fra veicoli in marcia;;;;;;;;;;1;0;0;3;12,52179;41,87947;0;2;Motociclo a solo;In marcia / fermata / arresto;Aprilia;sport city;Conducente;1983;M;Rimandato;0;NON DECEDUTO;;
3643693;9;17/01/2018 15:50:00;;VIA TARANTO;in prossimità;;del civico n.;146;;Scontro laterale fra veicoli in marcia;;;;;;;;;;0;0;0;2;12,51963;41,88305;0;1;Autovettura privata;In marcia / fermata / arresto;Renault;Clio;Conducente;1985;M;Illeso;0;;Non accertato;Inesploso
3643693;9;17/01/2018 15:50:00;;VIA TARANTO;in prossimità;;del civico n.;146;;Scontro laterale fra veicoli in marcia;;;;;;;;;;0;0;0;2;12,51963;41,88305;0;2;Motociclo a solo;In marcia / fermata / arresto;Honda;Hornet;Conducente;1966;M;Illeso;0;;Non accertato;
3643694;15;17/01/2018 16:30:00;;VIA DELLA CASETTA MATTEI;all'intersezione con;VIA DEGLI ADIMARI;VIA DEGLI ADIMARI;;;Scontro frontale/laterale SX fra veicoli in marcia;;;;;;;;;;0;0;0;3;;;0;1;Autovettura privata;In marcia / fermata / arresto;Mazda;2;Conducente;0;M;Illeso;0;;;
3643694;15;17/01/2018 16:30:00;;VIA DELLA CASETTA MATTEI;all'intersezione con;VIA DEGLI ADIMARI;VIA DEGLI ADIMARI;;;Scontro frontale/laterale SX fra veicoli in marcia;;;;;;;;;;0;0;0;3;;;0;1;Autovettura privata;In marcia / fermata / arresto;Mazda;2;Passeggero;0;F;Illeso;0;;;
3643694;15;17/01/2018 16:30:00;;VIA DELLA CASETTA MATTEI;all'intersezione con;VIA DEGLI ADIMARI;VIA DEGLI ADIMARI;;;Scontro frontale/laterale SX fra veicoli in marcia;;;;;;;;;;0;0;0;3;;;0;2;Motociclo a solo;In marcia / fermata / arresto;Benelli;(non accertato);Conducente;0;M;Illeso;0;;;
3643697;9;17/01/2018 16:15:00;;VIA APPIA NUOVA;all'intersezione con;LARGO DON ORIONE;LARGO DON ORIONE;;;Scontro frontale/laterale DX fra veicoli in marcia;;;;;;;;;;0;0;0;3;12,5169;41,87931;0;1;Autovettura privata;In marcia / fermata / arresto;Volkswagen;Golf;Conducente;1965;F;Illeso;0;;Non accertato;Inesploso
3643697;9;17/01/2018 16:15:00;;VIA APPIA NUOVA;all'intersezione con;LARGO DON ORIONE;LARGO DON ORIONE;;;Scontro frontale/laterale DX fra veicoli in marcia;;;;;;;;;;0;0;0;3;12,5169;41,87931;0;1;Autovettura privata;In marcia / fermata / arresto;Volkswagen;Golf;Passeggero;2004;M;Illeso;0;;Non accertato;Inesploso
3643697;9;17/01/2018 16:15:00;;VIA APPIA NUOVA;all'intersezione con;LARGO DON ORIONE;LARGO DON ORIONE;;;Scontro frontale/laterale DX fra veicoli in marcia;;;;;;;;;;0;0;0;3;12,5169;41,87931;0;2;Motociclo a solo;In marcia / fermata / arresto;Aprilia;MH;Conducente;1965;M;Illeso;0;;Non accertato;
3643711;12;15/01/2018 18:00:00;Strada Urbana;VIA DI MEZZOCAMMINO;in corrispondenza;;del civico n.;276;;Investimento di pedone;Curva a visuale libera;Una carreggiata a senso unico alternato;Bagnato (pioggia);Asfaltata;Verticale ed orizzontale;Pioggia in atto;Normale;Buona;Sufficiente;1;0;0;1;12,43419;41,78745;0;;;;;;Pedone;1967;M;Ricoverato;0;NON DECEDUTO;;
3643711;12;15/01/2018 18:00:00;Strada Urbana;VIA DI MEZZOCAMMINO;in corrispondenza;;del civico n.;276;;Investimento di pedone;Curva a visuale libera;Una carreggiata a senso unico alternato;Bagnato (pioggia);Asfaltata;Verticale ed orizzontale;Pioggia in atto;Normale;Buona;Sufficiente;1;0;0;1;12,43419;41,78745;0;1;Autobus urbano;In marcia / fermata / arresto; Mercedes ;(ignoto);Conducente;1973;F;Illeso;0;;Non accertato;Inesploso
3643716;15;17/01/2018 17:00:00;;LARGO CESARE REDUZZI;in prossimità;;del civico n.;5;;Veicolo in marcia contro ostacolo fisso;;;;;;;;;;0;0;0;1;;;0;1;Autobus di linea;In marcia / fermata / arresto;Bredamenarinibus;(non accertato);Conducente;0;M;Illeso;0;;;
3644001;9;17/01/2018 22:40:00;;VIA CILICIA;in prossimità;;del civico n.;14;;Tamponamento;;;;;;;;;;1;0;0;1;12,50478;41,87293;0;1;Autovettura privata;In marcia / fermata / arresto;Nissan;(non accertato);Conducente;1995;M;Illeso;0;;Non accertato;Inesploso
3644001;9;17/01/2018 22:40:00;;VIA CILICIA;in prossimità;;del civico n.;14;;Tamponamento;;;;;;;;;;1;0;0;1;12,50478;41,87293;0;2;Autovettura privata;In marcia / fermata / arresto;Fiat;600;Conducente;0;M;Rimandato;0;NON DECEDUTO;;
3644009;6;17/01/2018 15:30:00;Strada Urbana;VIALE DELLA PRIMAVERA;in corrispondenza;;del civico n.;41;;Tamponamento;Rettilineo;Una carreggiata a doppio senso;Asciutto;Asfaltata;Verticale ed orizzontale;Sereno;Normale;Buona;Ore Diurne;0;0;0;2;12,56125;41,88577;-1;1;Autovettura privata;In marcia / fermata / arresto;Suzuki;Gran Vitara;Conducente;1963;F;Illeso;0;;;
3644009;6;17/01/2018 15:30:00;Strada Urbana;VIALE DELLA PRIMAVERA;in corrispondenza;;del civico n.;41;;Tamponamento;Rettilineo;Una carreggiata a doppio senso;Asciutto;Asfaltata;Verticale ed orizzontale;Sereno;Normale;Buona;Ore Diurne;0;0;0;2;12,56125;41,88577;-1;2;Autovettura privata;In marcia / fermata / arresto;Volkswagen;Golf;Conducente;1994;M;Illeso;0;;;
3644020;8;17/01/2018 10:30:00;Strada Urbana;VIA MICHELE DE MARCO;in prossimità;;del civico n.;18;;Veicolo in marcia contro veicolo in sosta;Curva senza visuale libera;Una carreggiata a doppio senso;Bagnato (umidità in atto);Asfaltata;Assente;Nuvoloso;Scarso;Buona;Ore Diurne;0;0;0;1;12,5866;41,86194;-1;1;Autovettura privata;In marcia / fermata / arresto;Fiat;Bravo;Conducente;1964;M;Illeso;0;;Non accertato;Inesploso
3644022;1;17/01/2018 20:40:00;Strada Urbana;VIA CONTE VERDE;in prossimità;;del civico n.;47;;Investimento di pedone;Rettilineo;Una carreggiata a doppio senso;Asciutto;Asfaltata;Verticale ed orizzontale;Sereno;Normale;Sufficiente;Insufficiente;1;0;0;1;;;0;;;;;;Pedone;1969;M;Rimandato;0;NON DECEDUTO;;
3644022;1;17/01/2018 20:40:00;Strada Urbana;VIA CONTE VERDE;in prossimità;;del civico n.;47;;Investimento di pedone;Rettilineo;Una carreggiata a doppio senso;Asciutto;Asfaltata;Verticale ed orizzontale;Sereno;Normale;Sufficiente;Insufficiente;1;0;0;1;;;0;1;Motociclo a solo;In marcia / fermata / arresto;Aprilia;Atlantic;Conducente;1963;M;Illeso;0;;;
3644029;8;18/01/2018 00:05:00;Strada Urbana;VIA PIETRO ROMANO;all'intersezione con;VIA ANGIOLO CASSIOLI;VIA ANGIOLO CASSIOLI;;;Scontro laterale fra veicoli in marcia;Incrocio;Una carreggiata a doppio senso;Asciutto;Asfaltata;Verticale ed orizzontale;Sereno;Scarso;Buona;Sufficiente;0;0;0;2;12,57777;41,87071;0;1;Motociclo a solo;In marcia / fermata / arresto;Honda;CBF 600;Conducente;1990;M;Illeso;0;;Non accertato;
3644029;8;18/01/2018 00:05:00;Strada Urbana;VIA PIETRO ROMANO;all'intersezione con;VIA ANGIOLO CASSIOLI;VIA ANGIOLO CASSIOLI;;;Scontro laterale fra veicoli in marcia;Incrocio;Una carreggiata a doppio senso;Asciutto;Asfaltata;Verticale ed orizzontale;Sereno;Scarso;Buona;Sufficiente;0;0;0;2;12,57777;41,87071;0;2;Autovettura privata;In marcia / fermata / arresto;Peugeot;206;Conducente;1997;M;Illeso;0;;Non accertato;Inesploso
3644034;8;19/01/2018 09:15:00;;VIALE DUILIO CAMBELLOTTI;da specificare;;;;inversione di marcia;Tamponamento Multiplo;;;;;;;;;;1;0;0;1;;;0;1;Autovettura privata;In marcia / fermata / arresto;Audi;A4 Avant;Conducente;1981;M;Illeso;0;;;
3644034;8;19/01/2018 09:15:00;;VIALE DUILIO CAMBELLOTTI;da specificare;;;;inversione di marcia;Tamponamento Multiplo;;;;;;;;;;1;0;0;1;;;0;2;Autovettura privata;In marcia / fermata / arresto;Kia;Picanto;Conducente;1982;F;Rifiuta cure immediate;0;NON DECEDUTO;;
3644042;6;17/01/2018 15:56:00;Strada Urbana;VIA OLEVANO ROMANO;all'intersezione con;VIA FILETTINO;VIA FILETTINO;;;Scontro frontale/laterale DX fra veicoli in marcia;Incrocio;Due carreggiate;Asciutto;Asfaltata;Verticale ed orizzontale;Sereno;Normale;Buona;Ore Diurne;2;0;0;0;12,5556;41,89117;0;1;Autovettura privata;In marcia / fermata / arresto;Fiat;Panda;Conducente;1993;M;Rimandato;0;NON DECEDUTO;Non accertato;Esploso
3644042;6;17/01/2018 15:56:00;Strada Urbana;VIA OLEVANO ROMANO;all'intersezione con;VIA FILETTINO;VIA FILETTINO;;;Scontro frontale/laterale DX fra veicoli in marcia;Incrocio;Due carreggiate;Asciutto;Asfaltata;Verticale ed orizzontale;Sereno;Normale;Buona;Ore Diurne;2;0;0;0;12,5556;41,89117;0;2;Autovettura privata;In marcia / fermata / arresto;Daimler Chrysler;Smart 451;Conducente;1987;M;Rimandato;0;NON DECEDUTO;Non accertato;Esploso
3644047;8;17/01/2018 20:00:00;;VIA CASILINA;in corrispondenza;;del palo luce n.;466;;Tamponamento;;;;;;;;;;1;0;0;1;;;0;1;Autovettura privata;In marcia / fermata / arresto;Alfa Romeo;159;Conducente;1964;;Illeso;0;;;
3644047;8;17/01/2018 20:00:00;;VIA CASILINA;in corrispondenza;;del palo luce n.;466;;Tamponamento;;;;;;;;;;1;0;0;1;;;0;2;Velocipede;In marcia / fermata / arresto;RockRider;(non accertato);Conducente;1975;M;Ricoverato;0;NON DECEDUTO;Esente;
3644049;6;17/01/2018 16:45:00;Strada Urbana;VIA CASILINA;da specificare;;;;altezza Via ROMOLO BALZANI;Tamponamento Multiplo;Rettilineo;Più di due carreggiate;Asciutto;Asfaltata;Verticale ed orizzontale;Sereno;Normale;Buona;Sufficiente;0;0;0;3;12,55437;41,87641;0;1;Autovettura privata;In marcia / fermata / arresto;Fiat;Panda;Conducente;1979;M;Illeso;0;;;
3644049;6;17/01/2018 16:45:00;Strada Urbana;VIA CASILINA;da specificare;;;;altezza Via ROMOLO BALZANI;Tamponamento Multiplo;Rettilineo;Più di due carreggiate;Asciutto;Asfaltata;Verticale ed orizzontale;Sereno;Normale;Buona;Sufficiente;0;0;0;3;12,55437;41,87641;0;2;Autocarro inferiore 35 q.;In marcia / fermata / arresto;Fiat;Scudo;Conducente;1959;M;Illeso;0;;;
3644049;6;17/01/2018 16:45:00;Strada Urbana;VIA CASILINA;da specificare;;;;altezza Via ROMOLO BALZANI;Tamponamento Multiplo;Rettilineo;Più di due carreggiate;Asciutto;Asfaltata;Verticale ed orizzontale;Sereno;Normale;Buona;Sufficiente;0;0;0;3;12,55437;41,87641;0;3;Autovettura privata;In marcia / fermata / arresto;Renault;Clio;Conducente;1982;F;Illeso;0;;;
3644052;19;17/01/2018 08:40:00;;VIA MATTIA BATTISTINI;da specificare;;;;altezza VIA B.V. CENTURIONI BRACELLI;Ribaltamento senza urto contro ostacolo fisso;;;;;;;;;;0;0;0;1;;;0;1;Motociclo a solo;In marcia / fermata / arresto;Suzuki;GSXR 600;Conducente;1989;M;Illeso;0;;;
3644054;8;17/01/2018 13:00:00;Strada Urbana;PIAZZA DEGLI ALCIONI;in prossimità;;del civico n.;19;;Veicolo in marcia contro ostacolo accidentale;Rettilineo;Una carreggiata a doppio senso;Asciutto;Asfaltata;Verticale;Vento forte;Scarso;Buona;Ore Diurne;0;0;0;1;;;0;1;Autovettura privata;In marcia / fermata / arresto;Fiat;500;Conducente;1946;M;Illeso;0;;Non accertato;Inesploso
3644060;10;17/01/2018 17:15:00;;VIA DI TORRE SPACCATA;all'intersezione con;VIA WALTER PROCACCINI;VIA WALTER PROCACCINI;;;Scontro laterale fra veicoli in marcia;;;;;;;;;;0;0;0;3;;;0;1;Autovettura privata;In marcia / fermata / arresto;Fiat;Stilo;Conducente;1966;M;Illeso;0;;;
3644060;10;17/01/2018 17:15:00;;VIA DI TORRE SPACCATA;all'intersezione con;VIA WALTER PROCACCINI;VIA WALTER PROCACCINI;;;Scontro laterale fra veicoli in marcia;;;;;;;;;;0;0;0;3;;;0;2;Autovettura privata;In marcia / fermata / arresto;Ford;Mondeo;Conducente;1976;M;Illeso;0;;;
3644060;10;17/01/2018 17:15:00;;VIA DI TORRE SPACCATA;all'intersezione con;VIA WALTER PROCACCINI;VIA WALTER PROCACCINI;;;Scontro laterale fra veicoli in marcia;;;;;;;;;;0;0;0;3;;;0;2;Autovettura privata;In marcia / fermata / arresto;Ford;Mondeo;Passeggero;1978;M;Illeso;0;;;
3644062;20;17/01/2018 14:10:00;Strada Urbana;VIA FLAMINIA NUOVA;da specificare;;;;VIA FABBRONI;Veicolo in marcia contro ostacolo accidentale;Rettilineo;Una carreggiata a doppio senso;Asciutto;Asfaltata;Verticale ed orizzontale;Vento forte;Normale;Buona;Ore Diurne;0;0;0;1;12,4717;41,95109;-1;1;Autobus di linea;In marcia / fermata / arresto;Fiat;Iveco;Conducente;1986;M;Illeso;0;;;
3644063;15;17/01/2018 21:10:00;Strada Urbana;VIA ALBERESE;all'intersezione con;VICOLO DI PAPA LEONE;VICOLO DI PAPA LEONE;;;Scontro frontale/laterale SX fra veicoli in marcia;Intersezione stradale segnalata;Una carreggiata a doppio senso;Asciutto;Asfaltata;Verticale ed orizzontale;Sereno;Scarso;Buona;Sufficiente;1;0;0;1;12,44119;41,84821;0;1;Autovettura privata;In marcia / fermata / arresto;Opel;Astra SW;Conducente;1963;M;Illeso;0;;Utilizzato;
3644063;15;17/01/2018 21:10:00;Strada Urbana;VIA ALBERESE;all'intersezione con;VICOLO DI PAPA LEONE;VICOLO DI PAPA LEONE;;;Scontro frontale/laterale SX fra veicoli in marcia;Intersezione stradale segnalata;Una carreggiata a doppio senso;Asciutto;Asfaltata;Verticale ed orizzontale;Sereno;Scarso;Buona;Sufficiente;1;0;0;1;12,44119;41,84821;0;2;Motociclo a solo;In marcia / fermata / arresto;Honda;SH 300;Conducente;1992;M;Rimandato;0;NON DECEDUTO;Utilizzato;
3644065;20;17/01/2018 20:30:00;Provinciale entro l'abitato;VIA CASSIA;in prossimità;;del civico n.;1698;;Scontro frontale fra veicoli in marcia;Rettilineo;Una carreggiata a doppio senso;Asciutto;Asfaltata;Orizzontale;Sereno;Scarso;Buona;Sufficiente;0;0;0;1;;;0;2;Autovettura privata;In marcia / fermata / arresto;Mercedes;SLK 200;Conducente;1968;M;Illeso;0;;Non accertato;
3644066;8;17/01/2018 08:00:00;;VIALE DUILIO CAMBELLOTTI;da specificare;;;;pross. inversione marcia Metro C dir. Oxford;Scontro laterale fra veicoli in marcia;;;;;;;;;;0;0;0;4;;;0;1;Autovettura privata;In marcia / fermata / arresto;Fiat;500 L;Conducente;1999;M;Illeso;0;;;
3644066;8;17/01/2018 08:00:00;;VIALE DUILIO CAMBELLOTTI;da specificare;;;;pross. inversione marcia Metro C dir. Oxford;Scontro laterale fra veicoli in marcia;;;;;;;;;;0;0;0;4;;;0;1;Autovettura privata;In marcia / fermata / arresto;Fiat;500 L;Passeggero;1999;M;Illeso;0;;;
3644066;8;17/01/2018 08:00:00;;VIALE DUILIO CAMBELLOTTI;da specificare;;;;pross. inversione marcia Metro C dir. Oxford;Scontro laterale fra veicoli in marcia;;;;;;;;;;0;0;0;4;;;0;2;Autovettura privata;In marcia / fermata / arresto;Ford;Fiesta;Conducente;1979;M;Illeso;0;;;
3644068;10;17/01/2018 18:40:00;;VIA TUSCOLANA;all'intersezione con;PIAZZA DI CINECITTA';PIAZZA DI CINECITTA';;;Scontro frontale/laterale DX fra veicoli in marcia;;;;;;;;;;0;0;0;3;;;0;1;Autovettura privata;In marcia / fermata / arresto;Fiat;500;Conducente;1984;F;Illeso;0;;;
3644068;10;17/01/2018 18:40:00;;VIA TUSCOLANA;all'intersezione con;PIAZZA DI CINECITTA';PIAZZA DI CINECITTA';;;Scontro frontale/laterale DX fra veicoli in marcia;;;;;;;;;;0;0;0;3;;;0;1;Autovettura privata;In marcia / fermata / arresto;Fiat;500;Passeggero;1977;M;Illeso;0;;;
3644068;10;17/01/2018 18:40:00;;VIA TUSCOLANA;all'intersezione con;PIAZZA DI CINECITTA';PIAZZA DI CINECITTA';;;Scontro frontale/laterale DX fra veicoli in marcia;;;;;;;;;;0;0;0;3;;;0;2;Motociclo a solo;In marcia / fermata / arresto;Honda;RC;Conducente;1969;M;Illeso;0;;;
3644069;13;17/01/2018 19:15:00;;VIA DI MACCHIA SAPONARA;da specificare;;;;prossimità via Domenico Purificato;Veicolo in marcia contro ostacolo fisso;;;;;;;;;;0;0;0;1;12,35762;41,76749;0;1;Motociclo con passeggero;In marcia / fermata / arresto;Piaggio;Vespa PX 125;Conducente;1982;F;Illeso;0;;Non accertato;
3644070;10;17/01/2018 21:30:00;;VIA DON PRIMO MAZZOLARI;all'intersezione con;VIA MARCELLO CANDIA;VIA MARCELLO CANDIA;;;Scontro frontale/laterale DX fra veicoli in marcia;;;;;;;;;;1;0;0;2;;;0;1;Autovettura privata;In marcia / fermata / arresto;Ford;Fiesta;Conducente;1995;M;Illeso;0;;;
3644070;10;17/01/2018 21:30:00;;VIA DON PRIMO MAZZOLARI;all'intersezione con;VIA MARCELLO CANDIA;VIA MARCELLO CANDIA;;;Scontro frontale/laterale DX fra veicoli in marcia;;;;;;;;;;1;0;0;2;;;0;1;Autovettura privata;In marcia / fermata / arresto;Ford;Fiesta;Passeggero;2000;F;Illeso;0;;;
3644070;10;17/01/2018 21:30:00;;VIA DON PRIMO MAZZOLARI;all'intersezione con;VIA MARCELLO CANDIA;VIA MARCELLO CANDIA;;;Scontro frontale/laterale DX fra veicoli in marcia;;;;;;;;;;1;0;0;2;;;0;2;Autocarro inferiore 35 q.;In marcia / fermata / arresto;Fiat;Doblo';Conducente;1998;F;Rimandato;0;NON DECEDUTO;;
3644074;13;17/01/2018 18:00:00;;VIA OSTIENSE;da specificare;;;;altezza rampa discendente viadotto Zelia Nuttall;Veicolo in marcia contro ostacolo accidentale;;;;;;;;;;0;0;0;1;12,41094;41,80891;0;1;Autovettura privata;In marcia / fermata / arresto;Renault;Clio;Conducente;1984;M;Illeso;0;;Non accertato;Inesploso
3644076;13;17/01/2018 16:40:00;;VIA AZZANELLO;all'intersezione con;VIA CASTELLUCCHIO;VIA CASTELLUCCHIO;;;Scontro frontale/laterale DX fra veicoli in marcia;;;;;;;;;;0;0;0;8;;;0;1;Autovettura privata;In marcia / fermata / arresto;Citroen;C3;Conducente;1977;F;Illeso;0;;Non accertato;Inesploso
3644076;13;17/01/2018 16:40:00;;VIA AZZANELLO;all'intersezione con;VIA CASTELLUCCHIO;VIA CASTELLUCCHIO;;;Scontro frontale/laterale DX fra veicoli in marcia;;;;;;;;;;0;0;0;8;;;0;1;Autovettura privata;In marcia / fermata / arresto;Citroen;C3;Passeggero;1979;M;Illeso;0;;Non accertato;Inesploso
3644076;13;17/01/2018 16:40:00;;VIA AZZANELLO;all'intersezione con;VIA CASTELLUCCHIO;VIA CASTELLUCCHIO;;;Scontro frontale/laterale DX fra veicoli in marcia;;;;;;;;;;0;0;0;8;;;0;1;Autovettura privata;In marcia / fermata / arresto;Citroen;C3;Passeggero;2008;M;Illeso;0;;Non accertato;Inesploso
3644076;13;17/01/2018 16:40:00;;VIA AZZANELLO;all'intersezione con;VIA CASTELLUCCHIO;VIA CASTELLUCCHIO;;;Scontro frontale/laterale DX fra veicoli in marcia;;;;;;;;;;0;0;0;8;;;0;1;Autovettura privata;In marcia / fermata / arresto;Citroen;C3;Passeggero;2011;M;Illeso;0;;Non accertato;Inesploso
3644076;13;17/01/2018 16:40:00;;VIA AZZANELLO;all'intersezione con;VIA CASTELLUCCHIO;VIA CASTELLUCCHIO;;;Scontro frontale/laterale DX fra veicoli in marcia;;;;;;;;;;0;0;0;8;;;0;2;Autovettura privata;In marcia / fermata / arresto;Ford;C - MAX;Conducente;1980;M;Illeso;0;;Non accertato;Inesploso
3644076;13;17/01/2018 16:40:00;;VIA AZZANELLO;all'intersezione con;VIA CASTELLUCCHIO;VIA CASTELLUCCHIO;;;Scontro frontale/laterale DX fra veicoli in marcia;;;;;;;;;;0;0;0;8;;;0;2;Autovettura privata;In marcia / fermata / arresto;Ford;C - MAX;Passeggero;2009;F;Illeso;0;;Non accertato;Inesploso