Protocollo;Gruppo;DataOraIncidente;Localizzazione1;STRADA1;Localizzazione2;STRADA2;Strada02;Chilometrica;DaSpecificare;NaturaIncidente;particolaritastrade;TipoStrada;FondoStradale;Pavimentazione;Segnaletica;CondizioneAtmosferica;Traffico;Visibilita;Illuminazione;NUM_FERITI;NUM_RISERVATA;NUM_MORTI;NUM_ILLESI;Longitudine;Latitudine;Confermato;Progressivo;TipoVeicolo;StatoVeicolo;Marca;Modello;TipoPersona;AnnoNascita;Sesso;Tipolesione;Deceduto;DecedutoDopo;CinturaCascoUtilizzato;Airbag;
3644363;2;18/01/2018 07:55:00;;VIA SALARIA;all'intersezione con;VIA YSER;VIA YSER;;;Investimento di pedone;;;;;;;;;;0;0;0;1;;;0;1;Autovettura privata;In marcia / fermata / arresto;Fiat-Lancia;Y;Conducente;1948;M;Illeso;0;;;
3644365;23;17/01/2018 18:40:00;;PIAZZALE OSTIENSE;da specificare;;;;fronte stazione metro;Scontro laterale fra veicoli in marcia;;;;;;;;;;0;0;0;2;;;0;1;Autovettura privata;In marcia / fermata / arresto;Nissan;QASHQAI;Conducente;1964;F;Illeso;0;;;
3644365;23;17/01/2018 18:40:00;;PIAZZALE OSTIENSE;da specificare;;;;fronte stazione metro;Scontro laterale fra veicoli in marcia;;;;;;;;;;0;0;0;2;;;0;2;Autovettura privata;In marcia / fermata / arresto;Fiat;Panda;Conducente;1948;F;Illeso;0;;;
3644382;23;17/01/2018 14:00:00;;CIRCONVALLAZIONE APPIA;in prossimità;;del civico n.;98;;Veicolo in marcia contro veicoli in sosta;;;;;;;;;;0;0;0;1;;;0;1;Autovettura privata;In marcia / fermata / arresto;Chevrolet;Aveo;Conducente;1976;M;Illeso;0;;Utilizzato;Inesploso
3644383;1;18/01/2018 07:15:00;Strada Urbana;VIA DEI SS. QUATTRO;in corrispondenza;;del civico n.;37;;Scontro laterale fra veicoli in marcia;Rettilineo;Una carreggiata a senso unico di marcia;Asciutto;Asfaltata;Verticale;Sereno;Scarso;Buona;Ore Diurne;0;0;0;2;;;0;1;Autovettura di polizia;In marcia / fermata / arresto;Alfa Romeo;Giulietta;Conducente;1992;M;Illeso;0;;;
3644383;1;18/01/2018 07:15:00;Strada Urbana;VIA DEI SS. QUATTRO;in corrispondenza;;del civico n.;37;;Scontro laterale fra veicoli in marcia;Rettilineo;Una carreggiata a senso unico di marcia;Asciutto;Asfaltata;Verticale;Sereno;Scarso;Buona;Ore Diurne;0;0;0;2;;;0;2;Autovettura pubblica;In marcia / fermata / arresto;Toyota;Auris;Conducente;1955;M;Illeso;0;;;
3644410;23;17/01/2018 14:10:00;Comunale extraurbana;VIA CRISTOFORO COLOMBO;all'intersezione semaforizzata con;VIA DI CASAL PALOCCO;VIA DI CASAL PALOCCO;;;Tamponamento;Intersezione semaforizzata;Più di due carreggiate;Asciutto;Asfaltata;Verticale ed orizzontale;Vento forte;Scarso;Buona;Ore Diurne;1;0;0;1;12,35743;41,74569;-1;1;Autovettura privata;In marcia / fermata / arresto;Fiat;Uno;Conducente;1972;F;Rifiuta cure immediate;0;NON DECEDUTO;Non accertato;Inesploso
3644410;23;17/01/2018 14:10:00;Comunale extraurbana;VIA CRISTOFORO COLOMBO;all'intersezione semaforizzata con;VIA DI CASAL PALOCCO;VIA DI CASAL PALOCCO;;;Tamponamento;Intersezione semaforizzata;Più di due carreggiate;Asciutto;Asfaltata;Verticale ed orizzontale;Vento forte;Scarso;Buona;Ore Diurne;1;0;0;1;12,35743;41,74569;-1;2;Autovettura privata;In marcia / fermata / arresto;Honda;CRV;Conducente;1947;F;Illeso;0;;Non accertato;Inesploso
3644435;4;17/01/2018 16:30:00;;VIA DI SETTEBAGNI;da specificare;;;;subito dopo intersezione con via tenuta redicicoli;Veicolo in marcia contro ostacolo accidentale;;;;;;;;;;0;0;0;1;;;0;1;Autovettura privata;In marcia / fermata / arresto;Ford;Fiesta;Conducente;1977;M;Illeso;0;;Non accertato;
3644454;4;17/01/2018 07:20:00;;VIA SALARIA;in prossimità;;del civico n.;1373;;Tamponamento Multiplo;;;;;;;;;;1;0;0;3;;;0;1;Autovettura privata;In marcia / fermata / arresto;Toyota;Yaris;Conducente;1968;F;Illeso;0;;;
3644454;4;17/01/2018 07:20:00;;VIA SALARIA;in prossimità;;del civico n.;1373;;Tamponamento Multiplo;;;;;;;;;;1;0;0;3;;;0;1;Autovettura privata;In marcia / fermata / arresto;Toyota;Yaris;Passeggero;2005;M;Illeso;0;;;
3644454;4;17/01/2018 07:20:00;;VIA SALARIA;in prossimità;;del civico n.;1373;;Tamponamento Multiplo;;;;;;;;;;1;0;0;3;;;0;2;Autovettura privata;In marcia / fermata / arresto;Mitsubishi;Colt;Conducente;1967;F;Illeso;0;;;
3644454;4;17/01/2018 07:20:00;;VIA SALARIA;in prossimità;;del civico n.;1373;;Tamponamento Multiplo;;;;;;;;;;1;0;0;3;;;0;3;Autovettura privata;In marcia / fermata / arresto;Citroen;C1;Conducente;1963;F;Rimandato;0;NON DECEDUTO;;
3644458;11;18/01/2018 09:45:00;Strada Urbana;VIA APPIA PIGNATELLI;in prossimità;;del palo luce n.;144;;Tamponamento Multiplo;Rettilineo;Una carreggiata a doppio senso;Asciutto;Asfaltata;Orizzontale;Sereno;Intenso;Buona;Ore Diurne;1;0;0;3;12,52946;41,85092;0;1;Autovettura privata;In marcia / fermata / arresto;Skoda;Fabia;Conducente;1943;M;Illeso;0;;Non accertato;Inesploso
3644458;11;18/01/2018 09:45:00;Strada Urbana;VIA APPIA PIGNATELLI;in prossimità;;del palo luce n.;144;;Tamponamento Multiplo;Rettilineo;Una carreggiata a doppio senso;Asciutto;Asfaltata;Orizzontale;Sereno;Intenso;Buona;Ore Diurne;1;0;0;3;12,52946;41,85092;0;2;Autovettura privata;In marcia / fermata / arresto;Daimler Smart;FORTWO COUPE;Conducente;1991;M;Illeso;0;;Non accertato;Inesploso
3644458;11;18/01/2018 09:45:00;Strada Urbana;VIA APPIA PIGNATELLI;in prossimità;;del palo luce n.;144;;Tamponamento Multiplo;Rettilineo;Una carreggiata a doppio senso;Asciutto;Asfaltata;Orizzontale;Sereno;Intenso;Buona;Ore Diurne;1;0;0;3;12,52946;41,85092;0;3;Autovettura privata;In marcia / fermata / arresto;Fiat;500;Conducente;1996;F;Rifiuta cure immediate;0;NON DECEDUTO;;
3644458;11;18/01/2018 09:45:00;Strada Urbana;VIA APPIA PIGNATELLI;in prossimità;;del palo luce n.;144;;Tamponamento Multiplo;Rettilineo;Una carreggiata a doppio senso;Asciutto;Asfaltata;Orizzontale;Sereno;Intenso;Buona;Ore Diurne;1;0;0;3;12,52946;41,85092;0;4;Autovettura privata;In marcia / fermata / arresto;Citroen;C3;Conducente;1972;F;Illeso;0;;Non accertato;Inesploso
3644471;10;18/01/2018 09:30:00;Strada Urbana;VIALE BRUNO RIZZIERI;all'intersezione con;VIALE BRUNO PELIZZI;VIALE BRUNO PELIZZI;;;Tamponamento;Rotatoria;Una carreggiata a senso unico di marcia;Asciutto;Asfaltata;Verticale ed orizzontale;Sereno;Normale;Sufficiente;Ore Diurne;3;0;0;1;;;0;1;Autovettura privata;In marcia / fermata / arresto;Opel;AGILA;Conducente;1951;M;Illeso;0;;Non accertato;Inesploso
3644471;10;18/01/2018 09:30:00;Strada Urbana;VIALE BRUNO RIZZIERI;all'intersezione con;VIALE BRUNO PELIZZI;VIALE BRUNO PELIZZI;;;Tamponamento;Rotatoria;Una carreggiata a senso unico di marcia;Asciutto;Asfaltata;Verticale ed orizzontale;Sereno;Normale;Sufficiente;Ore Diurne;3;0;0;1;;;0;2;Autovettura privata;In marcia / fermata / arresto;Toyota;Aygo;Conducente;1968;M;Rifiuta cure immediate;0;NON DECEDUTO;Non accertato;Inesploso
3644471;10;18/01/2018 09:30:00;Strada Urbana;VIALE BRUNO RIZZIERI;all'intersezione con;VIALE BRUNO PELIZZI;VIALE BRUNO PELIZZI;;;Tamponamento;Rotatoria;Una carreggiata a senso unico di marcia;Asciutto;Asfaltata;Verticale ed orizzontale;Sereno;Normale;Sufficiente;Ore Diurne;3;0;0;1;;;0;2;Autovettura privata;In marcia / fermata / arresto;Toyota;Aygo;Passeggero;2003;F;Rifiuta cure immediate;0;NON DECEDUTO;Non accertato;Inesploso
3644494;15;18/01/2018 10:45:00;Strada Urbana;VIA PORTUENSE;in prossimità;;del civico n.;712/B;;Scontro laterale fra veicoli in marcia;Rettilineo;Una carreggiata a doppio senso;Asciutto;Asfaltata;Orizzontale;Sereno;Intenso;Buona;Ore Diurne;0;0;0;3;12,43441;41,85182;0;1;Autovettura privata;In marcia / fermata / arresto;Fiat;Panda;Conducente;1940;M;Illeso;0;;Non accertato;Inesploso
3644494;15;18/01/2018 10:45:00;Strada Urbana;VIA PORTUENSE;in prossimità;;del civico n.;712/B;;Scontro laterale fra veicoli in marcia;Rettilineo;Una carreggiata a doppio senso;Asciutto;Asfaltata;Orizzontale;Sereno;Intenso;Buona;Ore Diurne;0;0;0;3;12,43441;41,85182;0;1;Autovettura privata;In marcia / fermata / arresto;Fiat;Panda;Passeggero;1943;F;Illeso;0;;Non accertato;Inesploso
3644494;15;18/01/2018 10:45:00;Strada Urbana;VIA PORTUENSE;in prossimità;;del civico n.;712/B;;Scontro laterale fra veicoli in marcia;Rettilineo;Una carreggiata a doppio senso;Asciutto;Asfaltata;Orizzontale;Sereno;Intenso;Buona;Ore Diurne;0;0;0;3;12,43441;41,85182;0;2;Autovettura privata;In marcia / fermata / arresto;Mercedes;Smart Forfour;Conducente;1976;M;Illeso;0;;Non accertato;Inesploso
3644508;6;18/01/2018 09:15:00;Strada Urbana;VIA PRENESTINA;all'intersezione semaforizzata con;VIA ALBERTO DA GIUSSANO;VIA ALBERTO DA GIUSSANO;;;Veicolo in marcia contro veicolo arresto;Intersezione semaforizzata;Più di due carreggiate;Asciutto;Asfaltata;Verticale ed orizzontale;Sereno;Normale;Buona;Ore Diurne;1;0;0;1;12,53412;41,89222;-1;2;Autovettura privata;In marcia / fermata / arresto;Citroen;C 1;Conducente;1968;F;Illeso;0;;Non accertato;Inesploso
3644508;6;18/01/2018 09:15:00;Strada Urbana;VIA PRENESTINA;all'intersezione semaforizzata con;VIA ALBERTO DA GIUSSANO;VIA ALBERTO DA GIUSSANO;;;Veicolo in marcia contro veicolo arresto;Intersezione semaforizzata;Più di due carreggiate;Asciutto;Asfaltata;Verticale ed orizzontale;Sereno;Normale;Buona;Ore Diurne;1;0;0;1;12,53412;41,89222;-1;3;Autovettura privata;In marcia / fermata / arresto;Ford;Fiesta;Conducente;1965;F;Rifiuta cure immediate;0;NON DECEDUTO;Non accertato;Inesploso
3644549;4;17/01/2018 17:30:00;;VIA SALARIA;da specificare;;;;prossimità di Via dei Prati Fiscali;Tamponamento Multiplo;;;;;;;;;;3;0;0;6;;;0;1;Autovettura privata;In marcia / fermata / arresto;Daimler AG;Smart Fortwo coupè;Conducente;1988;F;Illeso;0;;;
3644549;4;17/01/2018 17:30:00;;VIA SALARIA;da specificare;;;;prossimità di Via dei Prati Fiscali;Tamponamento Multiplo;;;;;;;;;;3;0;0;6;;;0;2;Autovettura privata;In marcia / fermata / arresto;Nissan;Micra;Conducente;1945;M;Illeso;0;;;
3644549;4;17/01/2018 17:30:00;;VIA SALARIA;da specificare;;;;prossimità di Via dei Prati Fiscali;Tamponamento Multiplo;;;;;;;;;;3;0;0;6;;;0;2;Autovettura privata;In marcia / fermata / arresto;Nissan;Micra;Passeggero;1976;M;Illeso;0;;;
3644549;4;17/01/2018 17:30:00;;VIA SALARIA;da specificare;;;;prossimità di Via dei Prati Fiscali;Tamponamento Multiplo;;;;;;;;;;3;0;0;6;;;0;3;Autovettura privata;In marcia / fermata / arresto;Hyundai;i 10;Conducente;1973;F;Rifiuta cure immediate;0;NON DECEDUTO;;
3644549;4;17/01/2018 17:30:00;;VIA SALARIA;da specificare;;;;prossimità di Via dei Prati Fiscali;Tamponamento Multiplo;;;;;;;;;;3;0;0;6;;;0;3;Autovettura privata;In marcia / fermata / arresto;Hyundai;i 10;Passeggero;1975;M;Rifiuta cure immediate;0;NON DECEDUTO;;
3644549;4;17/01/2018 17:30:00;;VIA SALARIA;da specificare;;;;prossimità di Via dei Prati Fiscali;Tamponamento Multiplo;;;;;;;;;;3;0;0;6;;;0;3;Autovettura privata;In marcia / fermata / arresto;Hyundai;i 10;Passeggero;2002;F;Rifiuta cure immediate;0;NON DECEDUTO;;
3644549;4;17/01/2018 17:30:00;;VIA SALARIA;da specificare;;;;prossimità di Via dei Prati Fiscali;Tamponamento Multiplo;;;;;;;;;;3;0;0;6;;;0;4;Autovettura privata;In marcia / fermata / arresto;Mazda;6;Conducente;1970;M;Illeso;0;;;
3644549;4;17/01/2018 17:30:00;;VIA SALARIA;da specificare;;;;prossimità di Via dei Prati Fiscali;Tamponamento Multiplo;;;;;;;;;;3;0;0;6;;;0;4;Autovettura privata;In marcia / fermata / arresto;Mazda;6;Passeggero;1967;F;Illeso;0;;;
3644549;4;17/01/2018 17:30:00;;VIA SALARIA;da specificare;;;;prossimità di Via dei Prati Fiscali;Tamponamento Multiplo;;;;;;;;;;3;0;0;6;;;0;4;Autovettura privata;In marcia / fermata / arresto;Mazda;6;Passeggero;2007;F;Illeso;0;;;
3644559;9;18/01/2018 10:30:00;;VIA TOMMASO DA CELANO;in corrispondenza;;del civico n.;57;;Veicolo in marcia contro veicolo in sosta;;;;;;;;;;0;0;0;0;;;0;1;Autovettura privata;In marcia / fermata / arresto;Fiat;600;Conducente;1934;;Illeso;0;;;
3644582;3;17/01/2018 08:55:00;Strada Urbana;VIA CATANIA;all'intersezione con;PIAZZA LECCE;PIAZZA LECCE;;;Scontro laterale fra veicoli in marcia;Intersezione semaforizzata;Una carreggiata a senso unico di marcia;Bagnato (umidità in atto);Asfaltata;Verticale ed orizzontale;Sereno;Normale;Buona;Ore Diurne;0;0;0;2;12,51615;41,91078;0;1;Autovettura privata;In marcia / fermata / arresto;Mitsubishi;Colt;Conducente;1983;F;Illeso;0;;Non accertato;
3644582;3;17/01/2018 08:55:00;Strada Urbana;VIA CATANIA;all'intersezione con;PIAZZA LECCE;PIAZZA LECCE;;;Scontro laterale fra veicoli in marcia;Intersezione semaforizzata;Una carreggiata a senso unico di marcia;Bagnato (umidità in atto);Asfaltata;Verticale ed orizzontale;Sereno;Normale;Buona;Ore Diurne;0;0;0;2;12,51615;41,91078;0;2;Motociclo a solo;In marcia / fermata / arresto;Aprilia;Pegaso 650;Conducente;1981;M;Illeso;0;;;
3644621;2;18/01/2018 10:50:00;;VIA TEMBIEN;all'intersezione con;VIA DESSIE';VIA DESSIE';;;Scontro laterale fra veicoli in marcia;;;;;;;;;;0;0;0;2;;;0;1;Autovettura privata;In marcia / fermata / arresto;Alfa Romeo;MITO;Conducente;1996;F;Illeso;0;;;
3644621;2;18/01/2018 10:50:00;;VIA TEMBIEN;all'intersezione con;VIA DESSIE';VIA DESSIE';;;Scontro laterale fra veicoli in marcia;;;;;;;;;;0;0;0;2;;;0;2;Motociclo a solo;In marcia / fermata / arresto;Piaggio;Medley;Conducente;1964;F;Illeso;0;;;
3644626;2;18/01/2018 08:05:00;;VIALE SOMALIA;all'intersezione con;VIA NICOLO' PICCINNI;VIA NICOLO' PICCINNI;;;Scontro frontale/laterale DX fra veicoli in marcia;;;;;;;;;;1;0;0;1;;;0;1;Autovettura privata;In marcia / fermata / arresto;Volvo;V50;Conducente;1966;M;Illeso;0;;;
3644626;2;18/01/2018 08:05:00;;VIALE SOMALIA;all'intersezione con;VIA NICOLO' PICCINNI;VIA NICOLO' PICCINNI;;;Scontro frontale/laterale DX fra veicoli in marcia;;;;;;;;;;1;0;0;1;;;0;2;Motociclo a solo;In marcia / fermata / arresto;Honda;SH 150;Conducente;1979;M;Rimandato;0;NON DECEDUTO;;
3644702;2;17/01/2018 11:15:00;;VIA PO;in prossimità;;del civico n.;35;;Tamponamento;;;;;;;;;;1;0;0;1;;;0;1;Autovettura privata;In marcia / fermata / arresto;Opel;AGILA;Conducente;1943;F;Illeso;0;;;
3644702;2;17/01/2018 11:15:00;;VIA PO;in prossimità;;del civico n.;35;;Tamponamento;;;;;;;;;;1;0;0;1;;;0;2;Motociclo a solo;In marcia / fermata / arresto;Peugeot;Tweet;Conducente;1965;M;Ricoverato;0;NON DECEDUTO;;
3644704;3;17/01/2018 10:00:00;;CIRCONVALLAZIONE TIBURTINA;da specificare;;;;dir. salaria prox uscita Verano;Scontro frontale/laterale DX fra veicoli in marcia;;;;;;;;;;1;0;0;0;;;0;1;Motociclo a solo;In marcia / fermata / arresto;Kymco;Downtown;Conducente;0;M;Rifiuta cure immediate;0;NON DECEDUTO;;
3644732;12;16/01/2018 19:40:00;;VIA DEL MARE;da specificare;;;;complanare direzione Ostia ;Scontro laterale fra veicoli in marcia;;;;;;;;;;0;0;0;2;;;0;1;Autovettura privata;In marcia / fermata / arresto;Fiat;Panda;Conducente;1963;F;Illeso;0;;Utilizzato;Inesploso
3644732;12;16/01/2018 19:40:00;;VIA DEL MARE;da specificare;;;;complanare direzione Ostia ;Scontro laterale fra veicoli in marcia;;;;;;;;;;0;0;0;2;;;0;2;Autovettura privata;In marcia / fermata / arresto;Land Rover;(ignoto);Conducente;1964;M;Illeso;0;;Non accertato;Inesploso
3644794;12;16/01/2018 20:15:00;;VIALE EUROPA;da specificare;;;;prossimità VIA C.COLOMBO;Veicolo in marcia contro ostacolo accidentale;;;;;;;;;;0;0;0;1;;;0;1;Motociclo a solo;In marcia / fermata / arresto;Piaggio;Vespa LX125;Conducente;1979;M;Illeso;0;;;
3644797;12;16/01/2018 08:30:00;;VIA PONTINA;da specificare;;;;Km 15,800 direzione ROMA svincolo TOR DE' CENCI;Scontro laterale fra veicoli in marcia;;;;;;;;;;0;0;0;2;;;0;1;Autocarro superiore 35 q.;In marcia / fermata / arresto;Daf;XF;Conducente;1956;M;Illeso;0;;Utilizzato;Inesploso
3644797;12;16/01/2018 08:30:00;;VIA PONTINA;da specificare;;;;Km 15,800 direzione ROMA svincolo TOR DE' CENCI;Scontro laterale fra veicoli in marcia;;;;;;;;;;0;0;0;2;;;0;2;Autovettura privata;In marcia / fermata / arresto;Renault;Scenic;Conducente;1976;M;Illeso;0;;Utilizzato;Inesploso
3644800;6;18/01/2018 11:30:00;Strada Urbana;VIA DI ACQUA BULLICANTE;all'intersezione con;VIA FORMIA;VIA FORMIA;;;Investimento di pedone;Incrocio;Una carreggiata a doppio senso;Asciutto;Asfaltata;Verticale ed orizzontale;Sereno;Normale;Buona;Ore Diurne;1;0;0;2;12,54337;41,88599;0;;;;;;Pedone;1949;F;Rimandato;0;NON DECEDUTO;;
3644800;6;18/01/2018 11:30:00;Strada Urbana;VIA DI ACQUA BULLICANTE;all'intersezione con;VIA FORMIA;VIA FORMIA;;;Investimento di pedone;Incrocio;Una carreggiata a doppio senso;Asciutto;Asfaltata;Verticale ed orizzontale;Sereno;Normale;Buona;Ore Diurne;1;0;0;2;12,54337;41,88599;0;1;Autovettura privata;In marcia / fermata / arresto;Volkswagen;Golf;Conducente;1980;M;Illeso;0;;Non accertato;Inesploso
3644800;6;18/01/2018 11:30:00;Strada Urbana;VIA DI ACQUA BULLICANTE;all'intersezione con;VIA FORMIA;VIA FORMIA;;;Investimento di pedone;Incrocio;Una carreggiata a doppio senso;Asciutto;Asfaltata;Verticale ed orizzontale;Sereno;Normale;Buona;Ore Diurne;1;0;0;2;12,54337;41,88599;0;1;Autovettura privata;In marcia / fermata / arresto;Volkswagen;Golf;Passeggero;1954;M;Illeso;0;;Non accertato;Inesploso
3644807;20;18/01/2018 11:40:00;Strada Urbana;VIALE DELLE GALLINE BIANCHE;da specificare;;;;dir. via Frassineto alt. palo luce n°41;Tamponamento;Rettilineo;Due carreggiate;Asciutto;Asfaltata;Orizzontale;Nuvoloso;Normale;Buona;Ore Diurne;0;0;0;2;12,49019;41,99717;-1;1;Autovettura privata;In marcia / fermata / arresto;Ford;Focus SW;Conducente;1939;F;Illeso;0;;Non accertato;Inesploso
3644807;20;18/01/2018 11:40:00;Strada Urbana;VIALE DELLE GALLINE BIANCHE;da specificare;;;;dir. via Frassineto alt. palo luce n°41;Tamponamento;Rettilineo;Due carreggiate;Asciutto;Asfaltata;Orizzontale;Nuvoloso;Normale;Buona;Ore Diurne;0;0;0;2;12,49019;41,99717;-1;2;Autovettura privata;In marcia / fermata / arresto;Peugeot;206;Conducente;1995;F;Illeso;0;;Non accertato;Inesploso
3644818;10;18/01/2018 13:20:00;Strada Urbana;VIA TUSCOLANA;in prossimità;;del civico n.;942;;Veicolo in marcia contro veicoli fermi;Rettilineo;Due carreggiate;Asciutto;Asfaltata;Verticale ed orizzontale;Sereno;Intenso;Buona;Ore Diurne;1;0;0;2;;;0;1;Autovettura privata;In marcia / fermata / arresto;Mercedes;A 180;Conducente;1985;M;Illeso;0;;Non accertato;Inesploso
3644818;10;18/01/2018 13:20:00;Strada Urbana;VIA TUSCOLANA;in prossimità;;del civico n.;942;;Veicolo in marcia contro veicoli fermi;Rettilineo;Due carreggiate;Asciutto;Asfaltata;Verticale ed orizzontale;Sereno;Intenso;Buona;Ore Diurne;1;0;0;2;;;0;2;Autovettura privata;In marcia / fermata / arresto;Mercedes;Smart Fortwo;Conducente;1989;F;Illeso;0;;Non accertato;Inesploso
3644818;10;18/01/2018 13:20:00;Strada Urbana;VIA TUSCOLANA;in prossimità;;del civico n.;942;;Veicolo in marcia contro veicoli fermi;Rettilineo;Due carreggiate;Asciutto;Asfaltata;Verticale ed orizzontale;Sereno;Intenso;Buona;Ore Diurne;1;0;0;2;;;0;3;Motociclo a solo;In marcia / fermata / arresto;KTM;990;Conducente;1990;M;Rimandato;0;NON DECEDUTO;;
3644823;12;16/01/2018 19:35:00;;VIA ANDREA MELDOLA;in corrispondenza;;del civico n.;492;;Scontro frontale/laterale SX fra veicoli in marcia;;;;;;;;;;0;0;0;2;;;0;1;Autocarro inferiore 35 q.;In marcia / fermata / arresto;Citroen;Berlingo;Conducente;1979;M;Illeso;0;;Non accertato;Inesploso
3644823;12;16/01/2018 19:35:00;;VIA ANDREA MELDOLA;in corrispondenza;;del civico n.;492;;Scontro frontale/laterale SX fra veicoli in marcia;;;;;;;;;;0;0;0;2;;;0;2;Autovettura privata;In marcia / fermata / arresto;Ford;Fiesta;Conducente;1943;F;Illeso;0;;Utilizzato;Inesploso
3644840;12;17/01/2018 10:30:00;;VIA DI VALLERANO;in prossimità;;del civico n.;96;;Veicolo in marcia contro ostacolo accidentale;;;;;;;;;;0;0;0;1;;;0;1;Autovettura privata;In marcia / fermata / arresto;Volkswagen;Passat;Conducente;1980;M;Illeso;0;;Utilizzato;Inesploso
3644851;6;18/01/2018 13:40:00;Strada Urbana;VIA ANAGNI;all'intersezione semaforizzata con;VIA OLEVANO ROMANO;VIA OLEVANO ROMANO;;;Scontro laterale fra veicoli in marcia;Intersezione semaforizzata;Una carreggiata a doppio senso;Asciutto;Asfaltata;Verticale ed orizzontale;Nuvoloso;Normale;Buona;Ore Diurne;1;0;0;2;12,55609;41,89001;-1;1;Autovettura privata;In marcia / fermata / arresto;Fiat;Punto;Conducente;1993;F;Illeso;0;;Non accertato;Inesploso
3644851;6;18/01/2018 13:40:00;Strada Urbana;VIA ANAGNI;all'intersezione semaforizzata con;VIA OLEVANO ROMANO;VIA OLEVANO ROMANO;;;Scontro laterale fra veicoli in marcia;Intersezione semaforizzata;Una carreggiata a doppio senso;Asciutto;Asfaltata;Verticale ed orizzontale;Nuvoloso;Normale;Buona;Ore Diurne;1;0;0;2;12,55609;41,89001;-1;2;Motociclo con passeggero;In marcia / fermata / arresto;Honda;FJS400D;Conducente;1959;M;Illeso;0;;Non accertato;
3644851;6;18/01/2018 13:40:00;Strada Urbana;VIA ANAGNI;all'intersezione semaforizzata con;VIA OLEVANO ROMANO;VIA OLEVANO ROMANO;;;Scontro laterale fra veicoli in marcia;Intersezione semaforizzata;Una carreggiata a doppio senso;Asciutto;Asfaltata;Verticale ed orizzontale;Nuvoloso;Normale;Buona;Ore Diurne;1;0;0;2;12,55609;41,89001;-1;2;Motociclo con passeggero;In marcia / fermata / arresto;Honda;FJS400D;Passeggero;1978;F;Rimandato;0;NON DECEDUTO;Non accertato;
3644854;12;17/01/2018 12:35:00;;VIA DEL MARE;in corrispondenza;;della chilometrica;9;;Veicolo in marcia contro ostacolo accidentale;;;;;;;;;;0;0;0;1;;;0;1;Autovettura privata;In marcia / fermata / arresto;Volkswagen;Passat;Conducente;1968;M;Illeso;0;;Non accertato;Inesploso
3644859;12;17/01/2018 09:20:00;;VIA DELL'ARCHITETTURA;all'intersezione con;VIALE REMBRANDT;VIALE REMBRANDT;;;Scontro frontale/laterale DX fra veicoli in marcia;;;;;;;;;;0;0;0;2;;;0;1;Autovettura privata;In marcia / fermata / arresto;Chevrolet;spark;Conducente;1972;M;Illeso;0;;Utilizzato;Inesploso
3644859;12;17/01/2018 09:20:00;;VIA DELL'ARCHITETTURA;all'intersezione con;VIALE REMBRANDT;VIALE REMBRANDT;;;Scontro frontale/laterale DX fra veicoli in marcia;;;;;;;;;;0;0;0;2;;;0;2;Autovettura privata;In marcia / fermata / arresto;Fiat;Panda;Conducente;1989;F;Illeso;0;;Utilizzato;Inesploso
3644871;12;17/01/2018 05:20:00;;VIA DI MEZZOCAMMINO;da specificare;;;;prossimità VIA MASSA LOMBARDA;Veicolo in marcia contro ostacolo fisso;;;;;;;;;;2;0;0;0;;;0;1;Autovettura privata;In marcia / fermata / arresto;Ford;Fiesta;Conducente;1993;M;Rimandato;0;NON DECEDUTO;Utilizzato;Esploso
3644871;12;17/01/2018 05:20:00;;VIA DI MEZZOCAMMINO;da specificare;;;;prossimità VIA MASSA LOMBARDA;Veicolo in marcia contro ostacolo fisso;;;;;;;;;;2;0;0;0;;;0;1;Autovettura privata;In marcia / fermata / arresto;Ford;Fiesta;Passeggero;1989;M;Rimandato;0;NON DECEDUTO;Utilizzato;Esploso
3644888;4;18/01/2018 10:10:00;;VIALE ADRIATICO;in prossimità;;del civico n.;153 c;;Investimento di pedone;;;;;;;;;;2;0;0;1;;;0;;;;;;Pedone;1970;M;Rimandato;0;NON DECEDUTO;;
3644888;4;18/01/2018 10:10:00;;VIALE ADRIATICO;in prossimità;;del civico n.;153 c;;Investimento di pedone;;;;;;;;;;2;0;0;1;;;0;;;;;;Pedone;1974;F;Rimandato;0;NON DECEDUTO;;
3644888;4;18/01/2018 10:10:00;;VIALE ADRIATICO;in prossimità;;del civico n.;153 c;;Investimento di pedone;;;;;;;;;;2;0;0;1;;;0;1;Autocarro inferiore 35 q.;In marcia / fermata / arresto;Opel;Corsa;Conducente;1954;F;Illeso;0;;;
3644908;12;18/01/2018 14:45:00;Regionale;VIA PONTINA;in prossimità;;della chilometrica;15.8;;Scontro laterale fra veicoli in marcia;Rettilineo;Due carreggiate;Asciutto;Asfaltata;Verticale ed orizzontale;Nuvoloso;Normale;Buona;Ore Diurne;0;0;0;4;12,44493;41,77883;-1;1;Autovettura privata;In marcia / fermata / arresto;Citroen;Saxo;Conducente;1934;M;Illeso;0;;Utilizzato;Inesploso
3644908;12;18/01/2018 14:45:00;Regionale;VIA PONTINA;in prossimità;;della chilometrica;15.8;;Scontro laterale fra veicoli in marcia;Rettilineo;Due carreggiate;Asciutto;Asfaltata;Verticale ed orizzontale;Nuvoloso;Normale;Buona;Ore Diurne;0;0;0;4;12,44493;41,77883;-1;1;Autovettura privata;In marcia / fermata / arresto;Citroen;Saxo;Passeggero;1936;F;Illeso;0;;Utilizzato;Inesploso