Protocollo;Gruppo;DataOraIncidente;Localizzazione1;STRADA1;Localizzazione2;STRADA2;Strada02;Chilometrica;DaSpecificare;NaturaIncidente;particolaritastrade;TipoStrada;FondoStradale;Pavimentazione;Segnaletica;CondizioneAtmosferica;Traffico;Visibilita;Illuminazione;NUM_FERITI;NUM_RISERVATA;NUM_MORTI;NUM_ILLESI;Longitudine;Latitudine;Confermato;Progressivo;TipoVeicolo;StatoVeicolo;Marca;Modello;TipoPersona;AnnoNascita;Sesso;Tipolesione;Deceduto;DecedutoDopo;CinturaCascoUtilizzato;Airbag;
3644908;12;18/01/2018 14:45:00;Regionale;VIA PONTINA;in prossimità;;della chilometrica;15.8;;Scontro laterale fra veicoli in marcia;Rettilineo;Due carreggiate;Asciutto;Asfaltata;Verticale ed orizzontale;Nuvoloso;Normale;Buona;Ore Diurne;0;0;0;4;12,44493;41,77883;-1;1;Autovettura privata;In marcia / fermata / arresto;Citroen;Saxo;Passeggero;1945;F;Illeso;0;;Non accertato;Inesploso
3644908;12;18/01/2018 14:45:00;Regionale;VIA PONTINA;in prossimità;;della chilometrica;15.8;;Scontro laterale fra veicoli in marcia;Rettilineo;Due carreggiate;Asciutto;Asfaltata;Verticale ed orizzontale;Nuvoloso;Normale;Buona;Ore Diurne;0;0;0;4;12,44493;41,77883;-1;2;Autoarticolato;In marcia / fermata / arresto;Iveco;MAN;Conducente;1990;M;Illeso;0;;Utilizzato;Inesploso
3644922;18;18/01/2018 11:35:00;Strada Urbana;VIALE DI VALLE AURELIA;in corrispondenza;;del civico n.;73;;Veicolo in marcia contro veicolo arresto;Curva a visuale libera;Due carreggiate;Asciutto;Asfaltata;Temporanea di cantiere;Sereno;Intenso;Buona;Ore Diurne;0;0;0;2;12,43703;41,90222;0;1;Autobus di linea;In marcia / fermata / arresto;Breda;Menarinibus;Conducente;1981;M;Illeso;0;;;
3644922;18;18/01/2018 11:35:00;Strada Urbana;VIALE DI VALLE AURELIA;in corrispondenza;;del civico n.;73;;Veicolo in marcia contro veicolo arresto;Curva a visuale libera;Due carreggiate;Asciutto;Asfaltata;Temporanea di cantiere;Sereno;Intenso;Buona;Ore Diurne;0;0;0;2;12,43703;41,90222;0;2;Autoarticolato;In marcia / fermata / arresto;Volvo;Truck;Conducente;1961;M;Illeso;0;;;
3644991;19;18/01/2018 14:55:00;Strada Urbana;VIA FEDERICO BORROMEO;in prossimità;;del civico n.;50;;Veicolo in marcia contro veicolo in sosta;Rettilineo;Una carreggiata a doppio senso;Asciutto;Asfaltata;Orizzontale;Sereno;Normale;Buona;Ore Diurne;0;0;0;1;12,41508;41,91634;-1;2;Autovettura privata;In marcia / fermata / arresto;Fiat;Punto;Conducente;1964;F;Illeso;0;;;
3645019;1;18/01/2018 09:15:00;Strada Urbana;VIALE CASTRO PRETORIO;all'intersezione semaforizzata con;VIA SAN MARTINO DELLA BATTAGLIA;VIA SAN MARTINO DELLA BATTAGLIA;;;Scontro laterale fra veicoli in marcia;Intersezione semaforizzata;Due carreggiate;Asciutto;Asfaltata;Verticale ed orizzontale;Sereno;Normale;Buona;Ore Diurne;1;0;0;2;;;0;1;Autovettura privata;In marcia / fermata / arresto;Jeep;Wrangler;Conducente;1969;M;Illeso;0;;Non accertato;
3645019;1;18/01/2018 09:15:00;Strada Urbana;VIALE CASTRO PRETORIO;all'intersezione semaforizzata con;VIA SAN MARTINO DELLA BATTAGLIA;VIA SAN MARTINO DELLA BATTAGLIA;;;Scontro laterale fra veicoli in marcia;Intersezione semaforizzata;Due carreggiate;Asciutto;Asfaltata;Verticale ed orizzontale;Sereno;Normale;Buona;Ore Diurne;1;0;0;2;;;0;1;Autovettura privata;In marcia / fermata / arresto;Jeep;Wrangler;Passeggero;1988;F;Illeso;0;;;
3645019;1;18/01/2018 09:15:00;Strada Urbana;VIALE CASTRO PRETORIO;all'intersezione semaforizzata con;VIA SAN MARTINO DELLA BATTAGLIA;VIA SAN MARTINO DELLA BATTAGLIA;;;Scontro laterale fra veicoli in marcia;Intersezione semaforizzata;Due carreggiate;Asciutto;Asfaltata;Verticale ed orizzontale;Sereno;Normale;Buona;Ore Diurne;1;0;0;2;;;0;2;Motociclo a solo;In marcia / fermata / arresto;Honda;SH 125;Conducente;1971;M;Rimandato;0;NON DECEDUTO;Non accertato;
3645029;16;18/01/2018 09:50:00;;CIRCONVALLAZIONE GIANICOLENSE;all'intersezione semaforizzata con;VIA S. GIROLAMO EMILIANI;VIA S. GIROLAMO EMILIANI;;;Scontro frontale fra veicoli in marcia;;;;;;;;;;0;0;0;4;;;0;1;Autoambulanza;In marcia / fermata / arresto;Peugeot;(non accertato);Conducente;0;M;Illeso;0;;;
3645029;16;18/01/2018 09:50:00;;CIRCONVALLAZIONE GIANICOLENSE;all'intersezione semaforizzata con;VIA S. GIROLAMO EMILIANI;VIA S. GIROLAMO EMILIANI;;;Scontro frontale fra veicoli in marcia;;;;;;;;;;0;0;0;4;;;0;1;Autoambulanza;In marcia / fermata / arresto;Peugeot;(non accertato);Passeggero;0;F;Illeso;0;;;
3645029;16;18/01/2018 09:50:00;;CIRCONVALLAZIONE GIANICOLENSE;all'intersezione semaforizzata con;VIA S. GIROLAMO EMILIANI;VIA S. GIROLAMO EMILIANI;;;Scontro frontale fra veicoli in marcia;;;;;;;;;;0;0;0;4;;;0;1;Autoambulanza;In marcia / fermata / arresto;Peugeot;(non accertato);Passeggero;0;M;Illeso;0;;;
3645029;16;18/01/2018 09:50:00;;CIRCONVALLAZIONE GIANICOLENSE;all'intersezione semaforizzata con;VIA S. GIROLAMO EMILIANI;VIA S. GIROLAMO EMILIANI;;;Scontro frontale fra veicoli in marcia;;;;;;;;;;0;0;0;4;;;0;2;Autovettura privata;In marcia / fermata / arresto;BMW;(non accertato);Conducente;0;M;Illeso;0;;;
3645042;16;18/01/2018 10:40:00;;VIA EDOARDO JENNER;in prossimità;;del civico n.;94;;Scontro laterale fra veicoli in marcia;;;;;;;;;;1;0;0;1;;;0;1;Motociclo a solo;In marcia / fermata / arresto;Yamaha;(non accertato);Conducente;1982;M;Rimandato;0;NON DECEDUTO;;
3645042;16;18/01/2018 10:40:00;;VIA EDOARDO JENNER;in prossimità;;del civico n.;94;;Scontro laterale fra veicoli in marcia;;;;;;;;;;1;0;0;1;;;0;2;Autovettura privata;In marcia / fermata / arresto;Fiat;Punto;Conducente;0;M;Illeso;0;;;
3645047;7;18/01/2018 12:55:00;Strada Urbana;VIA DEI FRASSINI;in prossimità;;del civico n.;35;;Scontro frontale fra veicoli in marcia;Rettilineo;Una carreggiata a senso unico di marcia;Asciutto;Asfaltata;Verticale ed orizzontale;Nuvoloso;Normale;Buona;Ore Diurne;1;0;0;1;12,56793;41,87965;0;1;Motociclo a solo;In marcia / fermata / arresto;Piaggio;Beverly;Conducente;1965;F;Rimandato;0;NON DECEDUTO;Non accertato;
3645047;7;18/01/2018 12:55:00;Strada Urbana;VIA DEI FRASSINI;in prossimità;;del civico n.;35;;Scontro frontale fra veicoli in marcia;Rettilineo;Una carreggiata a senso unico di marcia;Asciutto;Asfaltata;Verticale ed orizzontale;Nuvoloso;Normale;Buona;Ore Diurne;1;0;0;1;12,56793;41,87965;0;2;Autovettura privata;In marcia / fermata / arresto;Opel;Corsa;Conducente;1938;M;Illeso;0;;Non accertato;Inesploso
3645153;7;18/01/2018 13:30:00;Strada Urbana;VIA DEI MELI;in prossimità;;del civico n.;24/B;;Veicolo in marcia contro veicoli in sosta;Rettilineo;Una carreggiata a doppio senso;Asciutto;Asfaltata;Verticale ed orizzontale;Nuvoloso;Normale;Buona;Ore Diurne;0;0;0;2;12,57651;41,88099;0;1;Autovettura privata;In marcia / fermata / arresto;Mercedes;B200;Conducente;1980;M;Illeso;0;;Non accertato;Inesploso
3645153;7;18/01/2018 13:30:00;Strada Urbana;VIA DEI MELI;in prossimità;;del civico n.;24/B;;Veicolo in marcia contro veicoli in sosta;Rettilineo;Una carreggiata a doppio senso;Asciutto;Asfaltata;Verticale ed orizzontale;Nuvoloso;Normale;Buona;Ore Diurne;0;0;0;2;12,57651;41,88099;0;1;Autovettura privata;In marcia / fermata / arresto;Mercedes;B200;Passeggero;2008;M;Illeso;0;;Non accertato;Inesploso
3645158;10;18/01/2018 13:00:00;Strada Urbana;VIA DEL PONTE DELLE SETTE MIGLIA;all'intersezione con;VIA EUGENIO FLORIAN;VIA EUGENIO FLORIAN;;;Scontro frontale/laterale SX fra veicoli in marcia;Incrocio;Una carreggiata a doppio senso;Asciutto;Asfaltata;Verticale ed orizzontale;Sereno;Scarso;Buona;Ore Diurne;0;0;0;3;12,60251;41,84104;0;1;Autovettura privata;In marcia / fermata / arresto;Ford;Mondeo Sw;Conducente;1972;M;Illeso;0;;Non accertato;Inesploso
3645158;10;18/01/2018 13:00:00;Strada Urbana;VIA DEL PONTE DELLE SETTE MIGLIA;all'intersezione con;VIA EUGENIO FLORIAN;VIA EUGENIO FLORIAN;;;Scontro frontale/laterale SX fra veicoli in marcia;Incrocio;Una carreggiata a doppio senso;Asciutto;Asfaltata;Verticale ed orizzontale;Sereno;Scarso;Buona;Ore Diurne;0;0;0;3;12,60251;41,84104;0;2;Autovettura privata;In marcia / fermata / arresto;Fiat;500 L;Conducente;1972;M;Illeso;0;;Non accertato;Inesploso
3645158;10;18/01/2018 13:00:00;Strada Urbana;VIA DEL PONTE DELLE SETTE MIGLIA;all'intersezione con;VIA EUGENIO FLORIAN;VIA EUGENIO FLORIAN;;;Scontro frontale/laterale SX fra veicoli in marcia;Incrocio;Una carreggiata a doppio senso;Asciutto;Asfaltata;Verticale ed orizzontale;Sereno;Scarso;Buona;Ore Diurne;0;0;0;3;12,60251;41,84104;0;2;Autovettura privata;In marcia / fermata / arresto;Fiat;500 L;Passeggero;1949;M;Illeso;0;;Non accertato;Inesploso
3645252;9;18/01/2018 14:15:00;;VIA NARNI;da specificare;;;;VIA NOCERA UMBRA;Veicolo in marcia contro veicolo in sosta;;;;;;;;;;0;0;0;2;;;0;1;Autoarticolato;In marcia / fermata / arresto;Fiat;Iveco Magirus;Conducente;1968;M;Illeso;0;;;
3645252;9;18/01/2018 14:15:00;;VIA NARNI;da specificare;;;;VIA NOCERA UMBRA;Veicolo in marcia contro veicolo in sosta;;;;;;;;;;0;0;0;2;;;0;2;Autovettura privata;Sosta;Opel;Mokka;Conducente;1953;M;Illeso;0;;;
3645261;19;18/01/2018 16:40:00;Strada Urbana;VIA CARLO LIVI;all'intersezione con;VIA GIOVANNI VERGA;VIA GIOVANNI VERGA;;;Scontro laterale fra veicoli in marcia;Incrocio;Una carreggiata a senso unico di marcia;Asciutto;Asfaltata;Verticale ed orizzontale;Sereno;Normale;Buona;Ore Diurne;0;0;0;4;12,41853;41,93586;-1;1;Autovettura privata;In marcia / fermata / arresto;Suzuki;Alto;Conducente;1979;M;Illeso;0;;;
3645261;19;18/01/2018 16:40:00;Strada Urbana;VIA CARLO LIVI;all'intersezione con;VIA GIOVANNI VERGA;VIA GIOVANNI VERGA;;;Scontro laterale fra veicoli in marcia;Incrocio;Una carreggiata a senso unico di marcia;Asciutto;Asfaltata;Verticale ed orizzontale;Sereno;Normale;Buona;Ore Diurne;0;0;0;4;12,41853;41,93586;-1;1;Autovettura privata;In marcia / fermata / arresto;Suzuki;Alto;Passeggero;2012;F;Illeso;0;;;
3645261;19;18/01/2018 16:40:00;Strada Urbana;VIA CARLO LIVI;all'intersezione con;VIA GIOVANNI VERGA;VIA GIOVANNI VERGA;;;Scontro laterale fra veicoli in marcia;Incrocio;Una carreggiata a senso unico di marcia;Asciutto;Asfaltata;Verticale ed orizzontale;Sereno;Normale;Buona;Ore Diurne;0;0;0;4;12,41853;41,93586;-1;1;Autovettura privata;In marcia / fermata / arresto;Suzuki;Alto;Passeggero;2017;M;Illeso;0;;;
3645261;19;18/01/2018 16:40:00;Strada Urbana;VIA CARLO LIVI;all'intersezione con;VIA GIOVANNI VERGA;VIA GIOVANNI VERGA;;;Scontro laterale fra veicoli in marcia;Incrocio;Una carreggiata a senso unico di marcia;Asciutto;Asfaltata;Verticale ed orizzontale;Sereno;Normale;Buona;Ore Diurne;0;0;0;4;12,41853;41,93586;-1;2;Motociclo a solo;In marcia / fermata / arresto;Honda;SH 150;Conducente;1942;M;Illeso;0;;;
3645285;16;18/01/2018 08:20:00;;VIA DI BRAVETTA;in prossimità;;del civico n.;14;;Scontro laterale fra veicoli in marcia;;;;;;;;;;0;0;0;2;;;0;1;Motociclo a solo;In marcia / fermata / arresto;Aprilia;Scarabeo;Conducente;0;F;Illeso;0;;;
3645285;16;18/01/2018 08:20:00;;VIA DI BRAVETTA;in prossimità;;del civico n.;14;;Scontro laterale fra veicoli in marcia;;;;;;;;;;0;0;0;2;;;0;2;Autovettura privata;In marcia / fermata / arresto;Volkswagen;Polo;Conducente;0;F;Illeso;0;;;
3645301;17;18/01/2018 14:00:00;Strada Urbana;VIALE GIOVANNI FALCONE E PAOLO BORSELLINO;in prossimità;;del palo luce n.;11;;Veicolo in marcia contro ostacolo fisso;Curva a visuale libera;Due carreggiate;Asciutto;Asfaltata;Verticale ed orizzontale;Sereno;Normale;Buona;Ore Diurne;1;0;0;0;;;0;1;Autovettura privata;In marcia / fermata / arresto;Citroen;C 3;Conducente;1961;M;Rimandato;0;NON DECEDUTO;Non accertato;Inesploso
3645320;17;18/01/2018 16:30:00;Strada Urbana;PIAZZA DELLE CINQUE GIORNATE;all'intersezione semaforizzata con;VIA LUIGI SETTEMBRINI;VIA LUIGI SETTEMBRINI;;;Scontro laterale fra veicoli in marcia;Intersezione semaforizzata;Una carreggiata a senso unico di marcia;Asciutto;Asfaltata;Verticale ed orizzontale;Sereno;Normale;Buona;Sufficiente;0;0;0;2;12,46849;41,91439;0;1;Autovettura privata;In marcia / fermata / arresto;Alfa Romeo;MITO;Conducente;1969;F;Illeso;0;;;
3645320;17;18/01/2018 16:30:00;Strada Urbana;PIAZZA DELLE CINQUE GIORNATE;all'intersezione semaforizzata con;VIA LUIGI SETTEMBRINI;VIA LUIGI SETTEMBRINI;;;Scontro laterale fra veicoli in marcia;Intersezione semaforizzata;Una carreggiata a senso unico di marcia;Asciutto;Asfaltata;Verticale ed orizzontale;Sereno;Normale;Buona;Sufficiente;0;0;0;2;12,46849;41,91439;0;2;Autovettura privata;In marcia / fermata / arresto;Smart ;-;Conducente;1980;F;Illeso;0;;;
3645326;15;18/01/2018 14:30:00;;VIA DELLA MAGLIANA;all'intersezione con;VIA LUIGI DASTI;VIA LUIGI DASTI;;;Scontro frontale/laterale SX fra veicoli in marcia;;;;;;;;;;0;0;0;5;;;0;1;Quadriciclo leggero;In marcia / fermata / arresto;AIXAM;-;Conducente;0;M;Illeso;0;;;
3645326;15;18/01/2018 14:30:00;;VIA DELLA MAGLIANA;all'intersezione con;VIA LUIGI DASTI;VIA LUIGI DASTI;;;Scontro frontale/laterale SX fra veicoli in marcia;;;;;;;;;;0;0;0;5;;;0;1;Quadriciclo leggero;In marcia / fermata / arresto;AIXAM;-;Passeggero;0;M;Illeso;0;;;
3645326;15;18/01/2018 14:30:00;;VIA DELLA MAGLIANA;all'intersezione con;VIA LUIGI DASTI;VIA LUIGI DASTI;;;Scontro frontale/laterale SX fra veicoli in marcia;;;;;;;;;;0;0;0;5;;;0;2;Autovettura privata;In marcia / fermata / arresto;Volkswagen;Passat  sw;Conducente;0;M;Illeso;0;;;
3645326;15;18/01/2018 14:30:00;;VIA DELLA MAGLIANA;all'intersezione con;VIA LUIGI DASTI;VIA LUIGI DASTI;;;Scontro frontale/laterale SX fra veicoli in marcia;;;;;;;;;;0;0;0;5;;;0;2;Autovettura privata;In marcia / fermata / arresto;Volkswagen;Passat  sw;Passeggero;0;F;Illeso;0;;;
3645334;15;18/01/2018 12:40:00;;VIA DEL TRULLO;da specificare;;;;fronte civ. 234;Scontro frontale/laterale DX fra veicoli in marcia;;;;;;;;;;0;0;0;3;;;0;1;Autovettura privata;In marcia / fermata / arresto;Fiat;Doblò;Conducente;0;M;Illeso;0;;;
3645334;15;18/01/2018 12:40:00;;VIA DEL TRULLO;da specificare;;;;fronte civ. 234;Scontro frontale/laterale DX fra veicoli in marcia;;;;;;;;;;0;0;0;3;;;0;1;Autovettura privata;In marcia / fermata / arresto;Fiat;Doblò;Passeggero;0;M;Illeso;0;;;
3645334;15;18/01/2018 12:40:00;;VIA DEL TRULLO;da specificare;;;;fronte civ. 234;Scontro frontale/laterale DX fra veicoli in marcia;;;;;;;;;;0;0;0;3;;;0;2;Motociclo a solo;In marcia / fermata / arresto;Piaggio;Beverly 300;Conducente;0;M;Illeso;0;;;
3645335;12;18/01/2018 19:05:00;Strada Urbana;VIA DI ACQUA ACETOSA OSTIENSE;in prossimità;;del palo luce n.;24;;Tamponamento;Rettilineo;Una carreggiata a doppio senso;Asciutto;Asfaltata;Orizzontale;Nuvoloso;Intenso;Buona;Sufficiente;1;0;0;1;12,47827;41,80206;-1;1;Autovettura privata;In marcia / fermata / arresto;Citroen;C3;Conducente;1970;M;Illeso;0;;Non accertato;Inesploso
3645335;12;18/01/2018 19:05:00;Strada Urbana;VIA DI ACQUA ACETOSA OSTIENSE;in prossimità;;del palo luce n.;24;;Tamponamento;Rettilineo;Una carreggiata a doppio senso;Asciutto;Asfaltata;Orizzontale;Nuvoloso;Intenso;Buona;Sufficiente;1;0;0;1;12,47827;41,80206;-1;2;Autovettura privata;In marcia / fermata / arresto;Mini;One;Conducente;1988;M;Rimandato;0;NON DECEDUTO;;
3645623;15;18/01/2018 22:43:00;;VIA GIOVANNI VOLPATO;all'intersezione con;PIAZZA DELLA RADIO;PIAZZA DELLA RADIO;;;Scontro frontale/laterale DX fra veicoli in marcia;;;;;;;;;;0;0;1;1;12,46736;41,87145;0;1;Motociclo a solo;In marcia / fermata / arresto;Honda;SH 150;Conducente;0;M;Deceduto durante prime cure;-1;;;
3645623;15;18/01/2018 22:43:00;;VIA GIOVANNI VOLPATO;all'intersezione con;PIAZZA DELLA RADIO;PIAZZA DELLA RADIO;;;Scontro frontale/laterale DX fra veicoli in marcia;;;;;;;;;;0;0;1;1;12,46736;41,87145;0;2;Autocarro inferiore 35 q.;In marcia / fermata / arresto;Renault;Master;Conducente;0;M;Illeso;0;;;
3645631;11;18/01/2018 21:20:00;Strada Urbana;VIA APPIA ANTICA;in corrispondenza;;del civico n.;103;;Veicolo in marcia contro ostacolo fisso;Rettilineo;Una carreggiata a doppio senso;Asciutto;In cubetti di porfido;Orizzontale;Sereno;Scarso;Buona;Sufficiente;0;0;0;1;;;0;1;Autovettura privata;In marcia / fermata / arresto;Toyota;2000 GT;Conducente;1965;M;Illeso;0;;Non accertato;
3645639;1;18/01/2018 12:10:00;Strada Urbana;LUNGOTEVERE DE' CENCI;in corrispondenza;;del civico n.;3 A;;Veicolo in marcia contro ostacolo accidentale;Rettilineo;Una carreggiata a senso unico di marcia;Asciutto;Asfaltata;Verticale ed orizzontale;Sereno;Normale;Buona;Ore Diurne;1;0;0;2;;;0;1;Autovettura privata;In marcia / fermata / arresto;Fiat;Panda;Conducente;1964;M;Illeso;0;;;
3645639;1;18/01/2018 12:10:00;Strada Urbana;LUNGOTEVERE DE' CENCI;in corrispondenza;;del civico n.;3 A;;Veicolo in marcia contro ostacolo accidentale;Rettilineo;Una carreggiata a senso unico di marcia;Asciutto;Asfaltata;Verticale ed orizzontale;Sereno;Normale;Buona;Ore Diurne;1;0;0;2;;;0;1;Autovettura privata;In marcia / fermata / arresto;Fiat;Panda;Passeggero;1971;F;Illeso;0;;;
3645639;1;18/01/2018 12:10:00;Strada Urbana;LUNGOTEVERE DE' CENCI;in corrispondenza;;del civico n.;3 A;;Veicolo in marcia contro ostacolo accidentale;Rettilineo;Una carreggiata a senso unico di marcia;Asciutto;Asfaltata;Verticale ed orizzontale;Sereno;Normale;Buona;Ore Diurne;1;0;0;2;;;0;2;Motociclo a solo;In marcia / fermata / arresto;Honda;SH 150;Conducente;1974;M;Rimandato;0;NON DECEDUTO;;
3645643;9;18/01/2018 15:30:00;;VIA IMERA;in prossimità;;del civico n.;10;;Veicolo in marcia contro veicolo arresto;;;;;;;;;;0;0;0;2;;;0;1;Macchina operatrice;In marcia / fermata / arresto;Renault; makity;Conducente;1966;M;Illeso;0;;;
3645643;9;18/01/2018 15:30:00;;VIA IMERA;in prossimità;;del civico n.;10;;Veicolo in marcia contro veicolo arresto;;;;;;;;;;0;0;0;2;;;0;2;Autovettura privata;In marcia / fermata / arresto;Ford;b max;Conducente;1960;M;Illeso;0;;;
3645648;7;18/01/2018 09:00:00;;VIALE PALMIRO TOGLIATTI;all'intersezione con;VIA ASCOLI SATRIANO;VIA ASCOLI SATRIANO;;;Scontro laterale fra veicoli in marcia;;;;;;;;;;0;0;0;2;;;0;1;Autocarro inferiore 35 q.;In marcia / fermata / arresto;Man;26 464;Conducente;1951;M;Illeso;0;;;
3645648;7;18/01/2018 09:00:00;;VIALE PALMIRO TOGLIATTI;all'intersezione con;VIA ASCOLI SATRIANO;VIA ASCOLI SATRIANO;;;Scontro laterale fra veicoli in marcia;;;;;;;;;;0;0;0;2;;;0;2;Autovettura privata;In marcia / fermata / arresto;Fiat;Panda;Conducente;1990;M;Illeso;0;;;
3645657;8;19/01/2018 00:10:00;Strada Urbana;VIALE PALMIRO TOGLIATTI;all'intersezione con;VIALE DEI ROMANISTI;VIALE DEI ROMANISTI;;;Scontro frontale/laterale DX fra veicoli in marcia;Incrocio;Due carreggiate;Bagnato (pioggia);Asfaltata;Verticale ed orizzontale;Pioggia in atto;Scarso;Sufficiente;Sufficiente;2;0;0;0;;;0;1;Autovettura privata;In marcia / fermata / arresto;Fiat;Panda;Conducente;1995;M;Rimandato;0;NON DECEDUTO;Non accertato;Inesploso
3645657;8;19/01/2018 00:10:00;Strada Urbana;VIALE PALMIRO TOGLIATTI;all'intersezione con;VIALE DEI ROMANISTI;VIALE DEI ROMANISTI;;;Scontro frontale/laterale DX fra veicoli in marcia;Incrocio;Due carreggiate;Bagnato (pioggia);Asfaltata;Verticale ed orizzontale;Pioggia in atto;Scarso;Sufficiente;Sufficiente;2;0;0;0;;;0;2;Autovettura privata;In marcia / fermata / arresto;Nissan;Pixo;Conducente;1990;M;Rimandato;0;NON DECEDUTO;Non accertato;Esploso
3645660;5;18/01/2018 06:50:00;;VIA TIBURTINA;da specificare;;;;prox. fronte civ. 1496;Veicolo in marcia contro ostacolo fisso;;;;;;;;;;2;0;0;0;12,63454;41,94069;0;1;Autovettura privata;In marcia / fermata / arresto;Volkswagen;Golf;Conducente;0;M;Rimandato;0;NON DECEDUTO;;
3645660;5;18/01/2018 06:50:00;;VIA TIBURTINA;da specificare;;;;prox. fronte civ. 1496;Veicolo in marcia contro ostacolo fisso;;;;;;;;;;2;0;0;0;12,63454;41,94069;0;1;Autovettura privata;In marcia / fermata / arresto;Volkswagen;Golf;Passeggero;0;M;Rimandato;0;NON DECEDUTO;;
3645664;8;18/01/2018 13:20:00;;VIA PIETRO ROMANO;in prossimità;;del civico n.;6;;Investimento di pedone;;;;;;;;;;1;0;0;1;;;0;;;;;;Pedone;1954;F;Rimandato;0;NON DECEDUTO;;
3645664;8;18/01/2018 13:20:00;;VIA PIETRO ROMANO;in prossimità;;del civico n.;6;;Investimento di pedone;;;;;;;;;;1;0;0;1;;;0;1;Autovettura privata;In marcia / fermata / arresto;Renault;Modus;Conducente;1974;M;Illeso;0;;;
3645666;5;18/01/2018 09:00:00;;VIA BELMONTE IN SABINA;da specificare;;;;200mt. dopo via Fondi di Monastero;Tamponamento;;;;;;;;;;1;0;0;1;12,60063;41,9518;0;1;Autovettura privata;In marcia / fermata / arresto;Volkswagen;Golf;Conducente;0;M;Illeso;0;;;
3645666;5;18/01/2018 09:00:00;;VIA BELMONTE IN SABINA;da specificare;;;;200mt. dopo via Fondi di Monastero;Tamponamento;;;;;;;;;;1;0;0;1;12,60063;41,9518;0;3;Autovettura privata;In marcia / fermata / arresto;Smart ;For two coupè;Conducente;0;M;Rimandato;0;NON DECEDUTO;;
3645667;8;18/01/2018 19:40:00;Regionale entro l'abitato;VIA CASILINA;in prossimità;;del civico n.;1760;;Scontro laterale fra veicoli in marcia;Rettilineo;Una carreggiata a doppio senso;Asciutto;Asfaltata;Verticale ed orizzontale;Nuvoloso;Intenso;Sufficiente;Sufficiente;0;0;0;2;;;0;1;Autovettura privata;In marcia / fermata / arresto;Fiat;Punto;Conducente;1972;M;Illeso;0;;Non accertato;Inesploso
3645667;8;18/01/2018 19:40:00;Regionale entro l'abitato;VIA CASILINA;in prossimità;;del civico n.;1760;;Scontro laterale fra veicoli in marcia;Rettilineo;Una carreggiata a doppio senso;Asciutto;Asfaltata;Verticale ed orizzontale;Nuvoloso;Intenso;Sufficiente;Sufficiente;0;0;0;2;;;0;2;Autocarro inferiore 35 q.;In marcia / fermata / arresto;Iveco;Magirus A190S/80;Conducente;1988;M;Illeso;0;;Non accertato;Inesploso
3645668;10;18/01/2018 16:28:00;;VIA TUSCOLANA;all'intersezione con;VIA STATILIO TAURO;VIA STATILIO TAURO;;;Investimento di pedone;;;;;;;;;;0;0;0;2;;;0;;;;;;Pedone;0;F;Illeso;0;;;
3645668;10;18/01/2018 16:28:00;;VIA TUSCOLANA;all'intersezione con;VIA STATILIO TAURO;VIA STATILIO TAURO;;;Investimento di pedone;;;;;;;;;;0;0;0;2;;;0;1;Autovettura privata;In marcia / fermata / arresto;Fiat;500;Conducente;0;M;Illeso;0;;;
3645674;8;18/01/2018 07:30:00;;VIA CASILINA;all'intersezione semaforizzata con;VIA DEI RUDERI DI TORRENOVA;VIA DEI RUDERI DI TORRENOVA;;;Scontro frontale/laterale DX fra veicoli in marcia;;;;;;;;;;1;0;0;1;;;0;1;Autocarro inferiore 35 q.;In marcia / fermata / arresto;Fiat;Iveco 35;Conducente;1984;M;Illeso;0;;;
3645674;8;18/01/2018 07:30:00;;VIA CASILINA;all'intersezione semaforizzata con;VIA DEI RUDERI DI TORRENOVA;VIA DEI RUDERI DI TORRENOVA;;;Scontro frontale/laterale DX fra veicoli in marcia;;;;;;;;;;1;0;0;1;;;0;2;Motociclo a solo;In marcia / fermata / arresto;Honda;SH 300;Conducente;1988;M;Rifiuta cure immediate;0;NON DECEDUTO;;
3645675;1;18/01/2018 13:00:00;Strada Urbana;VIA DEI FORI IMPERIALI;da specificare;;;;in corrispondenza FORO TRAIANO;Scontro frontale fra veicoli in marcia;Rettilineo;Una carreggiata a doppio senso;Asciutto;In cubetti di porfido;Verticale ed orizzontale;Sereno;Scarso;Buona;Ore Diurne;2;0;0;0;;;0;1;Velocipede;In marcia / fermata / arresto;(non accertato);(non accertato);Conducente;1994;F;Rimandato;0;NON DECEDUTO;Esente;
3645675;1;18/01/2018 13:00:00;Strada Urbana;VIA DEI FORI IMPERIALI;da specificare;;;;in corrispondenza FORO TRAIANO;Scontro frontale fra veicoli in marcia;Rettilineo;Una carreggiata a doppio senso;Asciutto;In cubetti di porfido;Verticale ed orizzontale;Sereno;Scarso;Buona;Ore Diurne;2;0;0;0;;;0;2;Velocipede;In marcia / fermata / arresto;(non accertato);(non accertato);Conducente;1972;M;Rimandato;0;NON DECEDUTO;Esente;
3645678;8;18/01/2018 08:30:00;Strada Urbana;VIA DI PRATAPORCI;all'intersezione con;VIA DEL PADIGLIONE;VIA DEL PADIGLIONE;;;Scontro frontale/laterale SX fra veicoli in marcia;Intersezione non regolata/non segnalata;Una carreggiata a doppio senso;Asciutto;Asfaltata;Verticale ed orizzontale;Sereno;Normale;Buona;Ore Diurne;2;0;0;0;12,68453;41,85437;-1;1;Autocarro inferiore 35 q.;In marcia / fermata / arresto;Fiat;Ducato;Conducente;1957;M;Rifiuta cure immediate;0;NON DECEDUTO;Non accertato;Inesistente