Protocollo;Gruppo;DataOraIncidente;Localizzazione1;STRADA1;Localizzazione2;STRADA2;Strada02;Chilometrica;DaSpecificare;NaturaIncidente;particolaritastrade;TipoStrada;FondoStradale;Pavimentazione;Segnaletica;CondizioneAtmosferica;Traffico;Visibilita;Illuminazione;NUM_FERITI;NUM_RISERVATA;NUM_MORTI;NUM_ILLESI;Longitudine;Latitudine;Confermato;Progressivo;TipoVeicolo;StatoVeicolo;Marca;Modello;TipoPersona;AnnoNascita;Sesso;Tipolesione;Deceduto;DecedutoDopo;CinturaCascoUtilizzato;Airbag;
3645678;8;18/01/2018 08:30:00;Strada Urbana;VIA DI PRATAPORCI;all'intersezione con;VIA DEL PADIGLIONE;VIA DEL PADIGLIONE;;;Scontro frontale/laterale SX fra veicoli in marcia;Intersezione non regolata/non segnalata;Una carreggiata a doppio senso;Asciutto;Asfaltata;Verticale ed orizzontale;Sereno;Normale;Buona;Ore Diurne;2;0;0;0;12,68453;41,85437;-1;2;Autovettura privata;In marcia / fermata / arresto;Mercedes;Classe A;Conducente;1978;M;Rimandato;0;NON DECEDUTO;Non accertato;Inesploso
3645679;18;18/01/2018 22:20:00;;PIAZZALE MARESCIALLO GIARDINO;da specificare;;;;PROSSIMITA' VIALE ANGELICO;Scontro laterale fra veicoli in marcia;;;;;;;;;;0;0;0;3;12,45929;41,92357;0;1;Autocarro inferiore 35 q.;In marcia / fermata / arresto;Mitsubishi;KAOT L200;Conducente;0;M;Illeso;0;;;
3645679;18;18/01/2018 22:20:00;;PIAZZALE MARESCIALLO GIARDINO;da specificare;;;;PROSSIMITA' VIALE ANGELICO;Scontro laterale fra veicoli in marcia;;;;;;;;;;0;0;0;3;12,45929;41,92357;0;2;Autovettura privata;In marcia / fermata / arresto;Fiat;Panda;Conducente;0;M;Illeso;0;;;
3645679;18;18/01/2018 22:20:00;;PIAZZALE MARESCIALLO GIARDINO;da specificare;;;;PROSSIMITA' VIALE ANGELICO;Scontro laterale fra veicoli in marcia;;;;;;;;;;0;0;0;3;12,45929;41,92357;0;2;Autovettura privata;In marcia / fermata / arresto;Fiat;Panda;Passeggero;0;M;Illeso;0;;;
3645682;8;18/01/2018 13:30:00;Strada Urbana;VIA DELLA TENUTA DEL CAVALIERE;all'intersezione con;VIA DI LUNGHEZZA;VIA DI LUNGHEZZA;;;Scontro frontale/laterale DX fra veicoli in marcia;Incrocio;Una carreggiata a doppio senso;Asciutto;Asfaltata;Verticale ed orizzontale;Sereno;Normale;Buona;Ore Diurne;0;0;0;4;;;0;1;Autovettura privata;In marcia / fermata / arresto;Peugeot;106;Conducente;1989;M;Illeso;0;;Non accertato;Inesploso
3645682;8;18/01/2018 13:30:00;Strada Urbana;VIA DELLA TENUTA DEL CAVALIERE;all'intersezione con;VIA DI LUNGHEZZA;VIA DI LUNGHEZZA;;;Scontro frontale/laterale DX fra veicoli in marcia;Incrocio;Una carreggiata a doppio senso;Asciutto;Asfaltata;Verticale ed orizzontale;Sereno;Normale;Buona;Ore Diurne;0;0;0;4;;;0;1;Autovettura privata;In marcia / fermata / arresto;Peugeot;106;Passeggero;1965;F;Illeso;0;;Non accertato;Inesploso
3645682;8;18/01/2018 13:30:00;Strada Urbana;VIA DELLA TENUTA DEL CAVALIERE;all'intersezione con;VIA DI LUNGHEZZA;VIA DI LUNGHEZZA;;;Scontro frontale/laterale DX fra veicoli in marcia;Incrocio;Una carreggiata a doppio senso;Asciutto;Asfaltata;Verticale ed orizzontale;Sereno;Normale;Buona;Ore Diurne;0;0;0;4;;;0;1;Autovettura privata;In marcia / fermata / arresto;Peugeot;106;Passeggero;1990;M;Illeso;0;;Non accertato;Inesploso
3645682;8;18/01/2018 13:30:00;Strada Urbana;VIA DELLA TENUTA DEL CAVALIERE;all'intersezione con;VIA DI LUNGHEZZA;VIA DI LUNGHEZZA;;;Scontro frontale/laterale DX fra veicoli in marcia;Incrocio;Una carreggiata a doppio senso;Asciutto;Asfaltata;Verticale ed orizzontale;Sereno;Normale;Buona;Ore Diurne;0;0;0;4;;;0;2;Autovettura privata;In marcia / fermata / arresto;Ford;Fiesta;Conducente;1981;M;Illeso;0;;Non accertato;Inesploso
3645684;10;18/01/2018 21:00:00;;VIA IBERIA;all'intersezione con;VIA LICIA;VIA LICIA;;;Tamponamento;;;;;;;;;;0;0;0;2;;;0;1;Autovettura privata;In marcia / fermata / arresto;Nissan;Micra;Conducente;0;M;Illeso;0;;;
3645684;10;18/01/2018 21:00:00;;VIA IBERIA;all'intersezione con;VIA LICIA;VIA LICIA;;;Tamponamento;;;;;;;;;;0;0;0;2;;;0;2;Motociclo a solo;In marcia / fermata / arresto;Honda;SH 300;Conducente;1971;M;Illeso;0;;;
3645688;7;18/01/2018 15:20:00;Strada Urbana;VIALE PALMIRO TOGLIATTI;all'intersezione semaforizzata con;VIA DEI MELI;VIA DEI MELI;;;Scontro frontale/laterale SX fra veicoli in marcia;Intersezione semaforizzata;Due carreggiate;Asciutto;Asfaltata;Verticale ed orizzontale;Nuvoloso;Intenso;Buona;Ore Diurne;0;0;0;3;12,57334;41,88718;-1;1;Autovettura privata;In marcia / fermata / arresto;Fiat;Punto;Conducente;1967;F;Illeso;0;;Non accertato;Inesploso
3645688;7;18/01/2018 15:20:00;Strada Urbana;VIALE PALMIRO TOGLIATTI;all'intersezione semaforizzata con;VIA DEI MELI;VIA DEI MELI;;;Scontro frontale/laterale SX fra veicoli in marcia;Intersezione semaforizzata;Due carreggiate;Asciutto;Asfaltata;Verticale ed orizzontale;Nuvoloso;Intenso;Buona;Ore Diurne;0;0;0;3;12,57334;41,88718;-1;1;Autovettura privata;In marcia / fermata / arresto;Fiat;Punto;Passeggero;1998;M;Illeso;0;;Non accertato;Inesploso
3645688;7;18/01/2018 15:20:00;Strada Urbana;VIALE PALMIRO TOGLIATTI;all'intersezione semaforizzata con;VIA DEI MELI;VIA DEI MELI;;;Scontro frontale/laterale SX fra veicoli in marcia;Intersezione semaforizzata;Due carreggiate;Asciutto;Asfaltata;Verticale ed orizzontale;Nuvoloso;Intenso;Buona;Ore Diurne;0;0;0;3;12,57334;41,88718;-1;2;Autovettura privata;In marcia / fermata / arresto;Toyota;prius;Conducente;1975;M;Illeso;0;;Non accertato;Inesploso
3645691;13;18/01/2018 11:00:00;Strada Urbana;VIA ISOLE DEL CAPO VERDE;in prossimità;;del civico n.;37;;Scontro frontale/laterale SX fra veicoli in marcia;Rettilineo;Una carreggiata a senso unico di marcia;Asciutto;Asfaltata;Verticale ed orizzontale;Sereno;Normale;Buona;Ore Diurne;0;0;0;3;12,27784;41,73833;-1;1;Autovettura privata;In marcia / fermata / arresto;Fiat;Punto;Conducente;1948;F;Illeso;0;;Non accertato;Inesploso
3645691;13;18/01/2018 11:00:00;Strada Urbana;VIA ISOLE DEL CAPO VERDE;in prossimità;;del civico n.;37;;Scontro frontale/laterale SX fra veicoli in marcia;Rettilineo;Una carreggiata a senso unico di marcia;Asciutto;Asfaltata;Verticale ed orizzontale;Sereno;Normale;Buona;Ore Diurne;0;0;0;3;12,27784;41,73833;-1;1;Autovettura privata;In marcia / fermata / arresto;Fiat;Punto;Passeggero;1943;M;Illeso;0;;Non accertato;Inesploso
3645691;13;18/01/2018 11:00:00;Strada Urbana;VIA ISOLE DEL CAPO VERDE;in prossimità;;del civico n.;37;;Scontro frontale/laterale SX fra veicoli in marcia;Rettilineo;Una carreggiata a senso unico di marcia;Asciutto;Asfaltata;Verticale ed orizzontale;Sereno;Normale;Buona;Ore Diurne;0;0;0;3;12,27784;41,73833;-1;2;Autovettura privata;In marcia / fermata / arresto;Mercedes;C 220;Conducente;1970;M;Illeso;0;;Non accertato;Inesploso
3645692;9;18/01/2018 15:25:00;;VIA RIMINI;all'intersezione con;VIA URBINO;VIA URBINO;;;Scontro frontale/laterale DX fra veicoli in marcia;;;;;;;;;;2;0;0;0;;;0;1;Autovettura privata;In marcia / fermata / arresto;Toyota;AYGO';Conducente;1969;M;Rimandato;0;NON DECEDUTO;;
3645692;9;18/01/2018 15:25:00;;VIA RIMINI;all'intersezione con;VIA URBINO;VIA URBINO;;;Scontro frontale/laterale DX fra veicoli in marcia;;;;;;;;;;2;0;0;0;;;0;2;Autovettura privata;In marcia / fermata / arresto;Opel;ADAM;Conducente;1994;M;Rimandato;0;NON DECEDUTO;;
3645695;8;18/01/2018 18:40:00;Strada Urbana;VIA CASILINA;da specificare;;;;fronte civico 1326;Veicolo in marcia contro ostacolo fisso;Rettilineo;Una carreggiata a doppio senso;Asciutto;Asfaltata;Verticale ed orizzontale;Sereno;Intenso;Buona;Sufficiente;1;0;0;0;;;0;1;Motociclo a solo;In marcia / fermata / arresto;Yamaha;X - MAX;Conducente;1963;M;Rimandato;0;NON DECEDUTO;Non accertato;
3645699;8;18/01/2018 10:45:00;Strada Urbana;VIA DEL FOSSO DI S. MAURA;all'intersezione con;VIALE ANTONIO CIAMARRA;VIALE ANTONIO CIAMARRA;;;Tamponamento;Intersezione semaforizzata;Una carreggiata a doppio senso;Asciutto;Asfaltata;Verticale ed orizzontale;Sereno;Normale;Buona;Ore Diurne;1;0;0;1;;;0;1;Autovettura privata;In marcia / fermata / arresto;Peugeot;208;Conducente;1984;F;Illeso;0;;Non accertato;Inesploso
3645699;8;18/01/2018 10:45:00;Strada Urbana;VIA DEL FOSSO DI S. MAURA;all'intersezione con;VIALE ANTONIO CIAMARRA;VIALE ANTONIO CIAMARRA;;;Tamponamento;Intersezione semaforizzata;Una carreggiata a doppio senso;Asciutto;Asfaltata;Verticale ed orizzontale;Sereno;Normale;Buona;Ore Diurne;1;0;0;1;;;0;2;Velocipede;In marcia / fermata / arresto;Wilier;triestina;Conducente;1964;M;Rimandato;0;NON DECEDUTO;Esente;
3645703;10;19/01/2018 01:05:00;;VIA APPIA NUOVA;all'intersezione con;VIA DI TORRE DEL FISCALE;VIA DI TORRE DEL FISCALE;;;Tamponamento;;;;;;;;;;0;0;0;2;;;0;1;Autovettura privata;In marcia / fermata / arresto;Mini;Cooper;Conducente;0;M;Illeso;0;;;
3645703;10;19/01/2018 01:05:00;;VIA APPIA NUOVA;all'intersezione con;VIA DI TORRE DEL FISCALE;VIA DI TORRE DEL FISCALE;;;Tamponamento;;;;;;;;;;0;0;0;2;;;0;2;Autovettura privata;In marcia / fermata / arresto;Mercedes;Smart;Conducente;0;M;Illeso;0;;;
3645704;17;19/01/2018 02:50:00;Strada Urbana;PONTE PIETRO NENNI;all'intersezione con;LUNGOTEVERE ARNALDO DA BRESCIA;LUNGOTEVERE ARNALDO DA BRESCIA;;;Veicolo in marcia contro ostacolo fisso;Incrocio;Una carreggiata a senso unico di marcia;Bagnato (pioggia);Asfaltata;Verticale ed orizzontale;Nuvoloso;Scarso;Sufficiente;Sufficiente;0;0;0;1;;;0;1;Autovettura privata;In marcia / fermata / arresto;Fiat;Seicento;Conducente;1976;F;Illeso;0;;;
3645709;19;18/01/2018 18:40:00;Strada Urbana;VIA TARSIA;da specificare;;;;prossimità Via P. Perali;Tamponamento Multiplo;Rettilineo;Una carreggiata a senso unico di marcia;Asciutto;Asfaltata;Assente;Nuvoloso;Normale;Buona;Sufficiente;0;0;0;3;12,40587;41,96112;-1;1;Autovettura privata;In marcia / fermata / arresto;Fiat;500 L;Conducente;1968;F;Illeso;0;;;
3645709;19;18/01/2018 18:40:00;Strada Urbana;VIA TARSIA;da specificare;;;;prossimità Via P. Perali;Tamponamento Multiplo;Rettilineo;Una carreggiata a senso unico di marcia;Asciutto;Asfaltata;Assente;Nuvoloso;Normale;Buona;Sufficiente;0;0;0;3;12,40587;41,96112;-1;2;Autovettura privata;In marcia / fermata / arresto;Renault;Clio;Conducente;1996;M;Illeso;0;;;
3645709;19;18/01/2018 18:40:00;Strada Urbana;VIA TARSIA;da specificare;;;;prossimità Via P. Perali;Tamponamento Multiplo;Rettilineo;Una carreggiata a senso unico di marcia;Asciutto;Asfaltata;Assente;Nuvoloso;Normale;Buona;Sufficiente;0;0;0;3;12,40587;41,96112;-1;3;Autovettura privata;In marcia / fermata / arresto;Citroen;DS3;Conducente;1972;M;Illeso;0;;;
3645710;20;18/01/2018 10:50:00;Regionale entro l'abitato;LARGO PASQUALE SARACENO;all'intersezione semaforizzata con;VIA GIOVANNI FABBRONI;VIA GIOVANNI FABBRONI;;;Scontro frontale fra veicoli in marcia;Incrocio;Una carreggiata a doppio senso;Asciutto;Asfaltata;Orizzontale;Sereno;Normale;Buona;Ore Diurne;1;0;0;1;;;0;1;Autovettura privata;In marcia / fermata / arresto;Smart ;-;Conducente;1974;F;Rimandato;0;NON DECEDUTO;;
3645710;20;18/01/2018 10:50:00;Regionale entro l'abitato;LARGO PASQUALE SARACENO;all'intersezione semaforizzata con;VIA GIOVANNI FABBRONI;VIA GIOVANNI FABBRONI;;;Scontro frontale fra veicoli in marcia;Incrocio;Una carreggiata a doppio senso;Asciutto;Asfaltata;Orizzontale;Sereno;Normale;Buona;Ore Diurne;1;0;0;1;;;0;2;Autovettura privata;In marcia / fermata / arresto;Ford;Focus;Conducente;1964;M;Illeso;0;;;
3645711;13;18/01/2018 13:30:00;Strada Urbana;VIA MASSIMO TROISI;all'intersezione con;VIA PAOLO STOPPA;VIA PAOLO STOPPA;;;Scontro laterale fra veicoli in marcia;Intersezione stradale segnalata;Una carreggiata a doppio senso;Asciutto;Asfaltata;Verticale ed orizzontale;Sereno;Normale;Buona;Ore Diurne;0;0;0;2;12,39471;41,78661;0;1;Autovettura privata;In marcia / fermata / arresto;Fiat;Punto;Conducente;1992;M;Illeso;0;;Non accertato;Inesploso
3645711;13;18/01/2018 13:30:00;Strada Urbana;VIA MASSIMO TROISI;all'intersezione con;VIA PAOLO STOPPA;VIA PAOLO STOPPA;;;Scontro laterale fra veicoli in marcia;Intersezione stradale segnalata;Una carreggiata a doppio senso;Asciutto;Asfaltata;Verticale ed orizzontale;Sereno;Normale;Buona;Ore Diurne;0;0;0;2;12,39471;41,78661;0;2;Autovettura privata;In marcia / fermata / arresto;Nissan;QASHQAI;Conducente;1976;M;Illeso;0;;Non accertato;Inesploso
3645718;19;18/01/2018 10:30:00;Strada Urbana;VIA DELLA PINETA SACCHETTI;all'intersezione con;VIA DI VILLA MAGGIORANI;VIA DI VILLA MAGGIORANI;;;Scontro laterale fra veicoli in marcia;Incrocio;Una carreggiata a senso unico di marcia;Asciutto;Asfaltata;Orizzontale;Sereno;Normale;Buona;Ore Diurne;0;0;0;2;12,42441;41,92313;-1;1;Autovettura privata;In marcia / fermata / arresto;Smart ;-;Conducente;1981;M;Illeso;0;;Non accertato;
3645718;19;18/01/2018 10:30:00;Strada Urbana;VIA DELLA PINETA SACCHETTI;all'intersezione con;VIA DI VILLA MAGGIORANI;VIA DI VILLA MAGGIORANI;;;Scontro laterale fra veicoli in marcia;Incrocio;Una carreggiata a senso unico di marcia;Asciutto;Asfaltata;Orizzontale;Sereno;Normale;Buona;Ore Diurne;0;0;0;2;12,42441;41,92313;-1;2;Autovettura privata;In marcia / fermata / arresto;Fiat;Punto;Conducente;1994;M;Illeso;0;;Non accertato;
3645720;19;18/01/2018 10:30:00;Strada Urbana;VIA TRIONFALE;in prossimità;;del civico n.;7071;;Investimento di pedone;Rettilineo;Una carreggiata a doppio senso;Asciutto;Asfaltata;Orizzontale;Sereno;Normale;Buona;Ore Diurne;1;0;0;2;;;0;;;;;;Pedone;1924;M;Rimandato;0;NON DECEDUTO;;
3645720;19;18/01/2018 10:30:00;Strada Urbana;VIA TRIONFALE;in prossimità;;del civico n.;7071;;Investimento di pedone;Rettilineo;Una carreggiata a doppio senso;Asciutto;Asfaltata;Orizzontale;Sereno;Normale;Buona;Ore Diurne;1;0;0;2;;;0;1;Autovettura privata;In marcia / fermata / arresto;Toyota;Yaris;Conducente;1998;M;Illeso;0;;;
3645720;19;18/01/2018 10:30:00;Strada Urbana;VIA TRIONFALE;in prossimità;;del civico n.;7071;;Investimento di pedone;Rettilineo;Una carreggiata a doppio senso;Asciutto;Asfaltata;Orizzontale;Sereno;Normale;Buona;Ore Diurne;1;0;0;2;;;0;1;Autovettura privata;In marcia / fermata / arresto;Toyota;Yaris;Passeggero;1998;M;Illeso;0;;;
3645728;19;18/01/2018 12:45:00;Strada Urbana;VIA DI TORREVECCHIA;all'intersezione con;VIA CAMPO LIGURE;VIA CAMPO LIGURE;;;Scontro frontale/laterale SX fra veicoli in marcia;Intersezione stradale segnalata;Una carreggiata a doppio senso;Asciutto;Asfaltata;Verticale ed orizzontale;Sereno;Normale;Buona;Ore Diurne;0;0;0;3;12,41223;41,92332;0;1;Autovettura privata;In marcia / fermata / arresto;BMW;120 D;Conducente;1950;M;Illeso;0;;Non accertato;Inesploso
3645728;19;18/01/2018 12:45:00;Strada Urbana;VIA DI TORREVECCHIA;all'intersezione con;VIA CAMPO LIGURE;VIA CAMPO LIGURE;;;Scontro frontale/laterale SX fra veicoli in marcia;Intersezione stradale segnalata;Una carreggiata a doppio senso;Asciutto;Asfaltata;Verticale ed orizzontale;Sereno;Normale;Buona;Ore Diurne;0;0;0;3;12,41223;41,92332;0;2;Autovettura privata;In marcia / fermata / arresto;BMW;X 1;Conducente;1987;M;Illeso;0;;Non accertato;Inesploso
3645728;19;18/01/2018 12:45:00;Strada Urbana;VIA DI TORREVECCHIA;all'intersezione con;VIA CAMPO LIGURE;VIA CAMPO LIGURE;;;Scontro frontale/laterale SX fra veicoli in marcia;Intersezione stradale segnalata;Una carreggiata a doppio senso;Asciutto;Asfaltata;Verticale ed orizzontale;Sereno;Normale;Buona;Ore Diurne;0;0;0;3;12,41223;41,92332;0;2;Autovettura privata;In marcia / fermata / arresto;BMW;X 1;Passeggero;1988;F;Illeso;0;;Non accertato;Inesploso
3645732;1;18/01/2018 23:30:00;Strada Urbana;VIA DRUSO;in prossimità;;del civico n.;4;;Tamponamento;Rettilineo;Una carreggiata a doppio senso;Bagnato (umidità in atto);Asfaltata;Verticale ed orizzontale;Nuvoloso;Scarso;Buona;Sufficiente;2;0;0;1;12,49682;41,88056;-1;1;Autovettura privata;In marcia / fermata / arresto;Toyota;Yaris;Conducente;1992;F;Rimandato;0;NON DECEDUTO;;
3645732;1;18/01/2018 23:30:00;Strada Urbana;VIA DRUSO;in prossimità;;del civico n.;4;;Tamponamento;Rettilineo;Una carreggiata a doppio senso;Bagnato (umidità in atto);Asfaltata;Verticale ed orizzontale;Nuvoloso;Scarso;Buona;Sufficiente;2;0;0;1;12,49682;41,88056;-1;1;Autovettura privata;In marcia / fermata / arresto;Toyota;Yaris;Passeggero;1991;F;Rimandato;0;NON DECEDUTO;Non accertato;Inesploso
3645732;1;18/01/2018 23:30:00;Strada Urbana;VIA DRUSO;in prossimità;;del civico n.;4;;Tamponamento;Rettilineo;Una carreggiata a doppio senso;Bagnato (umidità in atto);Asfaltata;Verticale ed orizzontale;Nuvoloso;Scarso;Buona;Sufficiente;2;0;0;1;12,49682;41,88056;-1;2;Autovettura pubblica;In marcia / fermata / arresto;Mercedes;Classe E;Conducente;1972;M;Illeso;0;;Non accertato;Inesploso
3645734;4;18/01/2018 09:00:00;;VIA DI CASAL BOCCONE;all'intersezione con;VIA ADA NEGRI;VIA ADA NEGRI;;;Scontro frontale/laterale DX fra veicoli in marcia;;;;;;;;;;0;0;0;3;12,56059;41,95254;0;1;Autovettura privata;In marcia / fermata / arresto;Renault;Twingo;Conducente;1968;M;Illeso;0;;;
3645734;4;18/01/2018 09:00:00;;VIA DI CASAL BOCCONE;all'intersezione con;VIA ADA NEGRI;VIA ADA NEGRI;;;Scontro frontale/laterale DX fra veicoli in marcia;;;;;;;;;;0;0;0;3;12,56059;41,95254;0;2;Autovettura privata;In marcia / fermata / arresto;Ford;Focus SW;Conducente;1986;M;Illeso;0;;;
3645734;4;18/01/2018 09:00:00;;VIA DI CASAL BOCCONE;all'intersezione con;VIA ADA NEGRI;VIA ADA NEGRI;;;Scontro frontale/laterale DX fra veicoli in marcia;;;;;;;;;;0;0;0;3;12,56059;41,95254;0;2;Autovettura privata;In marcia / fermata / arresto;Ford;Focus SW;Passeggero;1995;M;Illeso;0;;;
3645735;13;18/01/2018 15:30:00;;VIA ALGAJOLA;in prossimità;;del civico n.;4;;Scontro laterale fra veicoli in marcia;;;;;;;;;;0;0;0;2;;;0;1;Autovettura privata;In marcia / fermata / arresto;Mercedes;A160;Conducente;1971;F;Illeso;0;;Non accertato;Inesploso
3645735;13;18/01/2018 15:30:00;;VIA ALGAJOLA;in prossimità;;del civico n.;4;;Scontro laterale fra veicoli in marcia;;;;;;;;;;0;0;0;2;;;0;2;Autobus di linea;In marcia / fermata / arresto;Evobus;(non accertato);Conducente;0;M;Illeso;0;;;
3645736;7;18/01/2018 18:10:00;;VIA DI TOR CERVARA;in prossimità;;del civico n.;286;;Investimento di pedone;;;;;;;;;;1;0;0;1;;;0;;;;;;Pedone;1990;M;Rimandato;0;NON DECEDUTO;;
3645736;7;18/01/2018 18:10:00;;VIA DI TOR CERVARA;in prossimità;;del civico n.;286;;Investimento di pedone;;;;;;;;;;1;0;0;1;;;0;1;Autovettura privata;In marcia / fermata / arresto;Opel;Corsa;Conducente;1961;M;Illeso;0;;;
3645738;13;19/01/2018 00:30:00;Strada Urbana;PIAZZA FRANCESCO CONTEDUCA;da specificare;;;;altezza distributore Agip;Veicolo in marcia contro ostacolo accidentale;Rettilineo;Due carreggiate;Asciutto;Asfaltata;Assente;Nuvoloso;Normale;Buona;Sufficiente;0;0;0;2;12,28805;41,73568;-1;1;Autovettura privata;In marcia / fermata / arresto;Chevrolet;Matiz;Conducente;1976;M;Illeso;0;;Non accertato;Inesploso
3645738;13;19/01/2018 00:30:00;Strada Urbana;PIAZZA FRANCESCO CONTEDUCA;da specificare;;;;altezza distributore Agip;Veicolo in marcia contro ostacolo accidentale;Rettilineo;Due carreggiate;Asciutto;Asfaltata;Assente;Nuvoloso;Normale;Buona;Sufficiente;0;0;0;2;12,28805;41,73568;-1;1;Autovettura privata;In marcia / fermata / arresto;Chevrolet;Matiz;Passeggero;1982;F;Illeso;0;;Non accertato;Inesploso
3645739;20;18/01/2018 12:10:00;Regionale entro l'abitato;VIA CASSIA;in prossimità;;del civico n.;1304;;Scontro laterale fra veicoli in marcia;Rettilineo;Una carreggiata a doppio senso;Asciutto;Asfaltata;Assente;Sereno;Intenso;Buona;Ore Diurne;1;0;0;2;;;0;1;Motociclo a solo;In marcia / fermata / arresto;Honda;SH 125;Conducente;1988;F;Rimandato;0;NON DECEDUTO;;
3645739;20;18/01/2018 12:10:00;Regionale entro l'abitato;VIA CASSIA;in prossimità;;del civico n.;1304;;Scontro laterale fra veicoli in marcia;Rettilineo;Una carreggiata a doppio senso;Asciutto;Asfaltata;Assente;Sereno;Intenso;Buona;Ore Diurne;1;0;0;2;;;0;2;Autovettura privata;In marcia / fermata / arresto;Fiat;Marea;Conducente;1961;M;Illeso;0;;;
3645739;20;18/01/2018 12:10:00;Regionale entro l'abitato;VIA CASSIA;in prossimità;;del civico n.;1304;;Scontro laterale fra veicoli in marcia;Rettilineo;Una carreggiata a doppio senso;Asciutto;Asfaltata;Assente;Sereno;Intenso;Buona;Ore Diurne;1;0;0;2;;;0;2;Autovettura privata;In marcia / fermata / arresto;Fiat;Marea;Passeggero;1988;F;Illeso;0;;;
3645742;19;18/01/2018 22:50:00;;VIA DELLA CAMILLUCCIA;in prossimità;;del civico n.;687;;Scontro frontale/laterale SX fra veicoli in marcia;;;;;;;;;;0;0;0;2;;;0;1;Autovettura privata;In marcia / fermata / arresto;Mercedes;Smart Fortwo;Conducente;0;M;Illeso;0;;;
3645742;19;18/01/2018 22:50:00;;VIA DELLA CAMILLUCCIA;in prossimità;;del civico n.;687;;Scontro frontale/laterale SX fra veicoli in marcia;;;;;;;;;;0;0;0;2;;;0;2;Autovettura privata;In marcia / fermata / arresto;Volkswagen;Golf;Conducente;1988;M;Illeso;0;;;
3645753;7;18/01/2018 08:45:00;Strada Urbana;VIALE PALMIRO TOGLIATTI;all'intersezione con;VIA DELL'INCORONATA;VIA DELL'INCORONATA;;;Scontro frontale/laterale SX fra veicoli in marcia;Incrocio;Due carreggiate;Asciutto;Asfaltata;Verticale ed orizzontale;Sereno;Normale;Buona;Ore Diurne;1;0;0;1;12,57334;41,88718;0;1;Autovettura privata;In marcia / fermata / arresto;Opel;(non accertato);Conducente;1990;M;Illeso;0;;;
3645753;7;18/01/2018 08:45:00;Strada Urbana;VIALE PALMIRO TOGLIATTI;all'intersezione con;VIA DELL'INCORONATA;VIA DELL'INCORONATA;;;Scontro frontale/laterale SX fra veicoli in marcia;Incrocio;Due carreggiate;Asciutto;Asfaltata;Verticale ed orizzontale;Sereno;Normale;Buona;Ore Diurne;1;0;0;1;12,57334;41,88718;0;2;Motociclo a solo;In marcia / fermata / arresto;Piaggio;Liberty;Conducente;1982;F;Rimandato;0;NON DECEDUTO;;
3645772;19;18/01/2018 17:40:00;Strada Urbana;VIA DI TORREVECCHIA;in prossimità;;del civico n.;495;;Veicolo in marcia contro veicoli in sosta;Rettilineo;Una carreggiata a doppio senso;Asciutto;Asfaltata;Assente;Sereno;Normale;Buona;Sufficiente;0;0;0;1;12,4129;41,92376;0;2;Autovettura privata;In marcia / fermata / arresto;Nissan;Micra;Conducente;1989;M;Illeso;0;;Non accertato;Esploso
3645774;19;19/01/2018 01:40:00;Strada Urbana;VIALE DI TOR DI QUINTO;da specificare;;;;altezza Caserma CC Salvo D'Acquisto;Veicolo in marcia contro ostacolo fisso;Rettilineo;Due carreggiate;Bagnato (pioggia);Asfaltata;Orizzontale;Nuvoloso;Scarso;Buona;Sufficiente;0;0;0;1;12,48573;41,94426;0;1;Autovettura privata;In marcia / fermata / arresto;Suzuki;Alto;Conducente;1992;F;Illeso;0;;Non accertato;Inesploso
3645781;7;18/01/2018 17:00:00;Statale entro l'abitato;VIA CASILINA;all'intersezione semaforizzata con;VIA DEL GRANO;VIA DEL GRANO;;;Scontro frontale/laterale DX fra veicoli in marcia;Intersezione semaforizzata;Una carreggiata a doppio senso;Asciutto;Asfaltata;Verticale ed orizzontale;Nuvoloso;Intenso;Buona;Ore Diurne;1;0;0;1;12,57632;41,87214;0;1;Motociclo a solo;In marcia / fermata / arresto;Kimco;AGILITY;Conducente;1971;M;Ricoverato;0;NON DECEDUTO;Utilizzato;
3645781;7;18/01/2018 17:00:00;Statale entro l'abitato;VIA CASILINA;all'intersezione semaforizzata con;VIA DEL GRANO;VIA DEL GRANO;;;Scontro frontale/laterale DX fra veicoli in marcia;Intersezione semaforizzata;Una carreggiata a doppio senso;Asciutto;Asfaltata;Verticale ed orizzontale;Nuvoloso;Intenso;Buona;Ore Diurne;1;0;0;1;12,57632;41,87214;0;2;Autovettura privata;In marcia / fermata / arresto;Opel;Corsa;Conducente;1971;F;Illeso;0;;Non accertato;Inesploso
3645797;7;18/01/2018 19:45:00;;VIALE PALMIRO TOGLIATTI;in prossimità;;del civico n.;616;;Tamponamento;;;;;;;;;;0;0;0;2;;;0;1;Autovettura privata;In marcia / fermata / arresto;Mitsubishi;Pajero;Conducente;1957;M;Illeso;0;;;
3645797;7;18/01/2018 19:45:00;;VIALE PALMIRO TOGLIATTI;in prossimità;;del civico n.;616;;Tamponamento;;;;;;;;;;0;0;0;2;;;0;2;Autovettura privata;In marcia / fermata / arresto;Fiat;600;Conducente;1989;M;Illeso;0;;;