Protocollo;Gruppo;DataOraIncidente;Localizzazione1;STRADA1;Localizzazione2;STRADA2;Strada02;Chilometrica;DaSpecificare;NaturaIncidente;particolaritastrade;TipoStrada;FondoStradale;Pavimentazione;Segnaletica;CondizioneAtmosferica;Traffico;Visibilita;Illuminazione;NUM_FERITI;NUM_RISERVATA;NUM_MORTI;NUM_ILLESI;Longitudine;Latitudine;Confermato;Progressivo;TipoVeicolo;StatoVeicolo;Marca;Modello;TipoPersona;AnnoNascita;Sesso;Tipolesione;Deceduto;DecedutoDopo;CinturaCascoUtilizzato;Airbag;
3648350;6;20/01/2018 12:05:00;Strada Urbana;VIALE DELLA PRIMAVERA;in corrispondenza;;del civico n.;143;;Tamponamento;Rettilineo;Due carreggiate;Asciutto;Asfaltata;Verticale ed orizzontale;Sereno;Normale;Buona;Ore Diurne;0;0;0;4;;;0;3;Autovettura privata;In marcia / fermata / arresto;Fiat;Panda;Passeggero;2009;F;Illeso;0;;;
3648369;13;20/01/2018 08:30:00;;VIA LEONARDO MELLANO;all'intersezione con;VIA DI ACILIA;VIA DI ACILIA;;;Scontro frontale/laterale SX fra veicoli in marcia;;;;;;;;;;0;0;0;3;12,37458;41,77806;0;1;Autovettura privata;In marcia / fermata / arresto;Mercedes;(ignoto);Conducente;1959;M;Illeso;0;;Non accertato;Inesploso
3648369;13;20/01/2018 08:30:00;;VIA LEONARDO MELLANO;all'intersezione con;VIA DI ACILIA;VIA DI ACILIA;;;Scontro frontale/laterale SX fra veicoli in marcia;;;;;;;;;;0;0;0;3;12,37458;41,77806;0;1;Autovettura privata;In marcia / fermata / arresto;Mercedes;(ignoto);Passeggero;1989;F;Illeso;0;;Non accertato;Inesploso
3648369;13;20/01/2018 08:30:00;;VIA LEONARDO MELLANO;all'intersezione con;VIA DI ACILIA;VIA DI ACILIA;;;Scontro frontale/laterale SX fra veicoli in marcia;;;;;;;;;;0;0;0;3;12,37458;41,77806;0;2;Autovettura privata;In marcia / fermata / arresto;Ford;Fiesta;Conducente;1975;M;Illeso;0;;Non accertato;Esploso
3648381;13;20/01/2018 09:30:00;;VIA DI MACCHIA PALOCCO;all'intersezione con;VIA FEDERICO VIANELLO;VIA FEDERICO VIANELLO;;;Veicolo in marcia contro ostacolo fisso;;;;;;;;;;0;0;0;1;12,34158;41,76562;0;1;Autovettura privata;In marcia / fermata / arresto;Ford;Fiesta;Conducente;1967;M;Illeso;0;;Non accertato;Esploso
3648383;13;20/01/2018 12:15:00;;VIA ERMANNO WOLF FERRARI;all'intersezione con;VIA ALBERTO FRANCHETTI;VIA ALBERTO FRANCHETTI;;;Scontro frontale/laterale SX fra veicoli in marcia;;;;;;;;;;0;0;0;2;12,37794;41,74817;0;1;Autovettura privata;In marcia / fermata / arresto;Chevrolet;Captiva;Conducente;1950;M;Illeso;0;;Non accertato;Inesploso
3648383;13;20/01/2018 12:15:00;;VIA ERMANNO WOLF FERRARI;all'intersezione con;VIA ALBERTO FRANCHETTI;VIA ALBERTO FRANCHETTI;;;Scontro frontale/laterale SX fra veicoli in marcia;;;;;;;;;;0;0;0;2;12,37794;41,74817;0;2;Autovettura privata;In marcia / fermata / arresto;Smart ;Fortwo Coupe;Conducente;1977;M;Illeso;0;;Non accertato;Inesploso
3648385;13;20/01/2018 10:25:00;;VIA DELLA MARTINICA;in prossimità;;del civico n.;77;;Veicolo in marcia contro ostacolo accidentale;;;;;;;;;;0;0;0;1;12,2615;41,73981;0;1;Ciclomotore;In marcia / fermata / arresto;Piaggio;Liberty;Conducente;1961;M;Illeso;0;;Non accertato;
3648388;13;20/01/2018 13:15:00;;VIALE DEI ROMAGNOLI;da specificare;;;;alt. via F. A. di Giovanni;Tamponamento Multiplo;;;;;;;;;;0;0;0;4;12,32241;41,76913;0;1;Autovettura privata;In marcia / fermata / arresto;Fiat;Panda;Conducente;1971;M;Illeso;0;;Non accertato;Inesploso
3648388;13;20/01/2018 13:15:00;;VIALE DEI ROMAGNOLI;da specificare;;;;alt. via F. A. di Giovanni;Tamponamento Multiplo;;;;;;;;;;0;0;0;4;12,32241;41,76913;0;2;Autovettura privata;In marcia / fermata / arresto;Volkswagen;Golf;Conducente;1984;M;Illeso;0;;Non accertato;Inesploso
3648388;13;20/01/2018 13:15:00;;VIALE DEI ROMAGNOLI;da specificare;;;;alt. via F. A. di Giovanni;Tamponamento Multiplo;;;;;;;;;;0;0;0;4;12,32241;41,76913;0;2;Autovettura privata;In marcia / fermata / arresto;Volkswagen;Golf;Passeggero;2012;F;Illeso;0;;Non accertato;Inesploso
3648388;13;20/01/2018 13:15:00;;VIALE DEI ROMAGNOLI;da specificare;;;;alt. via F. A. di Giovanni;Tamponamento Multiplo;;;;;;;;;;0;0;0;4;12,32241;41,76913;0;3;Autovettura privata;In marcia / fermata / arresto;Fiat;Panda;Conducente;1995;M;Illeso;0;;Non accertato;Inesploso
3648390;13;20/01/2018 14:20:00;;VIA ERMANNO WOLF FERRARI;da specificare;;;;rotatoria via Cilea;Scontro frontale/laterale DX fra veicoli in marcia;;;;;;;;;;0;0;0;2;12,37503;41,7515;0;1;Autovettura privata;In marcia / fermata / arresto;Fiat;Panda;Conducente;1991;M;Illeso;0;;Non accertato;Inesploso
3648390;13;20/01/2018 14:20:00;;VIA ERMANNO WOLF FERRARI;da specificare;;;;rotatoria via Cilea;Scontro frontale/laterale DX fra veicoli in marcia;;;;;;;;;;0;0;0;2;12,37503;41,7515;0;2;Autovettura privata;In marcia / fermata / arresto;Toyota;HI LUX;Conducente;1982;M;Illeso;0;;Non accertato;Inesploso
3648391;6;20/01/2018 18:25:00;Strada Urbana;VIALE PALMIRO TOGLIATTI;all'intersezione con;VIA DEI GIRASOLI;VIA DEI GIRASOLI;;;Scontro frontale fra veicoli in marcia;Incrocio;Più di due carreggiate;Asciutto;Asfaltata;Orizzontale;Sereno;Normale;Buona;Sufficiente;0;0;0;2;12,57323;41,87952;0;1;Autovettura privata;In marcia / fermata / arresto;Toyota;Yaris;Conducente;1955;M;Illeso;0;;;
3648391;6;20/01/2018 18:25:00;Strada Urbana;VIALE PALMIRO TOGLIATTI;all'intersezione con;VIA DEI GIRASOLI;VIA DEI GIRASOLI;;;Scontro frontale fra veicoli in marcia;Incrocio;Più di due carreggiate;Asciutto;Asfaltata;Orizzontale;Sereno;Normale;Buona;Sufficiente;0;0;0;2;12,57323;41,87952;0;2;Autovettura di polizia;In marcia / fermata / arresto;Peugeot;208;Conducente;1958;M;Illeso;0;;;
3648393;13;20/01/2018 14:14:00;;VIA LITORANEA;all'intersezione con;VIALE DI CASTEL PORZIANO;VIALE DI CASTEL PORZIANO;;;Tamponamento;;;;;;;;;;0;0;0;1;12,37343;41,6877;0;1;Autovettura privata;In marcia / fermata / arresto;Fiat-Lancia;YPSILON;Conducente;1998;M;Illeso;0;;Non accertato;Inesploso
3648399;20;20/01/2018 17:30:00;Strada Urbana;VIA FLAMINIA;in prossimità;;del civico n.;f.c. 1169;;Scontro frontale/laterale DX fra veicoli in marcia;Rettilineo;Una carreggiata a doppio senso;Asciutto;Asfaltata;Verticale ed orizzontale;Sereno;Normale;Buona;Sufficiente;0;0;0;2;;;0;1;Autovettura privata;In marcia / fermata / arresto;Fiat;Qubo;Conducente;1963;F;Illeso;0;;Non accertato;
3648399;20;20/01/2018 17:30:00;Strada Urbana;VIA FLAMINIA;in prossimità;;del civico n.;f.c. 1169;;Scontro frontale/laterale DX fra veicoli in marcia;Rettilineo;Una carreggiata a doppio senso;Asciutto;Asfaltata;Verticale ed orizzontale;Sereno;Normale;Buona;Sufficiente;0;0;0;2;;;0;2;Autovettura privata;In marcia / fermata / arresto;Mitsubishi;Kaot;Conducente;1961;M;Illeso;0;;Non accertato;
3648402;6;21/01/2018 01:20:00;Strada Urbana;VIA TOR DE' SCHIAVI;all'intersezione con;VIA DEI FAGGI;VIA DEI FAGGI;;;Scontro frontale/laterale DX fra veicoli in marcia;Incrocio;Una carreggiata a doppio senso;Asciutto;Asfaltata;Verticale ed orizzontale;Sereno;Scarso;Sufficiente;Sufficiente;1;0;0;1;;;0;1;Autovettura privata;In marcia / fermata / arresto;Opel;Astra;Conducente;1971;M;Illeso;0;;;
3648402;6;21/01/2018 01:20:00;Strada Urbana;VIA TOR DE' SCHIAVI;all'intersezione con;VIA DEI FAGGI;VIA DEI FAGGI;;;Scontro frontale/laterale DX fra veicoli in marcia;Incrocio;Una carreggiata a doppio senso;Asciutto;Asfaltata;Verticale ed orizzontale;Sereno;Scarso;Sufficiente;Sufficiente;1;0;0;1;;;0;2;Autovettura privata;In marcia / fermata / arresto;Fiat;Panda;Conducente;1999;M;Rifiuta cure immediate;0;NON DECEDUTO;;
3648457;7;20/01/2018 15:30:00;Strada Urbana;VIA DEL FOSSO DI CENTOCELLE;in prossimità;;del civico n.;55;;Scontro laterale fra veicoli in marcia;Rettilineo;Una carreggiata a doppio senso;Asciutto;Asfaltata;Assente;Sereno;Normale;Buona;Ore Diurne;1;0;0;3;;;0;1;Autovettura privata;In marcia / fermata / arresto;Ford;C - MAX;Conducente;1995;F;Ricoverato;0;NON DECEDUTO;Non accertato;Inesploso
3648457;7;20/01/2018 15:30:00;Strada Urbana;VIA DEL FOSSO DI CENTOCELLE;in prossimità;;del civico n.;55;;Scontro laterale fra veicoli in marcia;Rettilineo;Una carreggiata a doppio senso;Asciutto;Asfaltata;Assente;Sereno;Normale;Buona;Ore Diurne;1;0;0;3;;;0;1;Autovettura privata;In marcia / fermata / arresto;Ford;C - MAX;Passeggero;2013;F;Illeso;0;;Non accertato;Inesploso
3648457;7;20/01/2018 15:30:00;Strada Urbana;VIA DEL FOSSO DI CENTOCELLE;in prossimità;;del civico n.;55;;Scontro laterale fra veicoli in marcia;Rettilineo;Una carreggiata a doppio senso;Asciutto;Asfaltata;Assente;Sereno;Normale;Buona;Ore Diurne;1;0;0;3;;;0;1;Autovettura privata;In marcia / fermata / arresto;Ford;C - MAX;Passeggero;2014;F;Illeso;0;;Non accertato;Inesploso
3648457;7;20/01/2018 15:30:00;Strada Urbana;VIA DEL FOSSO DI CENTOCELLE;in prossimità;;del civico n.;55;;Scontro laterale fra veicoli in marcia;Rettilineo;Una carreggiata a doppio senso;Asciutto;Asfaltata;Assente;Sereno;Normale;Buona;Ore Diurne;1;0;0;3;;;0;3;Autovettura privata;In marcia / fermata / arresto;Fiat;Panda;Conducente;1975;M;Illeso;0;;Non accertato;Inesploso
3648467;12;21/01/2018 08:45:00;Strada Urbana;VIA DI PORTA MEDAGLIA;in prossimità;;del civico n.;152;;Veicolo in marcia contro ostacolo accidentale;Rettilineo;Una carreggiata a doppio senso;Asciutto;Con buche;Verticale ed orizzontale;Nuvoloso;Normale;Buona;Ore Diurne;0;0;0;1;12,5272;41,75848;-1;1;Autovettura privata;In marcia / fermata / arresto;Mercedes;ML;Conducente;1961;M;Illeso;0;;Non accertato;Inesploso
3648521;2;20/01/2018 14:15:00;;VIA ANGELO SECCHI;in prossimità;;del civico n.;23;;Veicolo in marcia contro veicolo fermo;;;;;;;;;;0;0;0;1;12,48844;41,92356;0;2;Autovettura privata;In marcia / fermata / arresto;Opel;AGILA;Conducente;1948;M;Illeso;0;;;
3648527;2;20/01/2018 17:30:00;;LUNGOTEVERE FLAMINIO;in prossimità;;del civico n.;42;;Scontro frontale/laterale DX fra veicoli in marcia;;;;;;;;;;0;0;0;4;12,46797;41,92352;0;1;Autovettura privata;In marcia / fermata / arresto;Citroen;C 1;Conducente;1995;M;Illeso;0;;Non accertato;Inesploso
3648527;2;20/01/2018 17:30:00;;LUNGOTEVERE FLAMINIO;in prossimità;;del civico n.;42;;Scontro frontale/laterale DX fra veicoli in marcia;;;;;;;;;;0;0;0;4;12,46797;41,92352;0;1;Autovettura privata;In marcia / fermata / arresto;Citroen;C 1;Passeggero;1997;F;Illeso;0;;Non accertato;Inesploso
3648527;2;20/01/2018 17:30:00;;LUNGOTEVERE FLAMINIO;in prossimità;;del civico n.;42;;Scontro frontale/laterale DX fra veicoli in marcia;;;;;;;;;;0;0;0;4;12,46797;41,92352;0;2;Motociclo con passeggero;In marcia / fermata / arresto;Kimco;People;Conducente;1994;F;Illeso;0;;Non accertato;
3648527;2;20/01/2018 17:30:00;;LUNGOTEVERE FLAMINIO;in prossimità;;del civico n.;42;;Scontro frontale/laterale DX fra veicoli in marcia;;;;;;;;;;0;0;0;4;12,46797;41,92352;0;2;Motociclo con passeggero;In marcia / fermata / arresto;Kimco;People;Passeggero;1998;F;Illeso;0;;Non accertato;
3648559;13;21/01/2018 01:20:00;;PIAZZALE MAGELLANO;da specificare;;;;in prox di viale della Vittoria;Fuoriuscita dalla sede stradale;;;;;;;;;;0;0;0;1;;;0;1;Autovettura privata;In marcia / fermata / arresto;Fiat;500;Conducente;1996;M;Illeso;0;;Non accertato;
3648876;10;21/01/2018 18:15:00;Strada Urbana;PIAZZA QUINTO CURZIO;all'intersezione con;VIA STATILIO OTTATO;VIA STATILIO OTTATO;;;Scontro frontale/laterale SX fra veicoli in marcia;Intersezione stradale segnalata;Una carreggiata a senso unico di marcia;Asciutto;Asfaltata;Verticale ed orizzontale;Sereno;Normale;Sufficiente;Sufficiente;0;0;0;5;12,56824;41,85632;0;1;Autovettura privata;In marcia / fermata / arresto;Nissan;Micra;Conducente;1990;M;Illeso;0;;Non accertato;Inesploso
3648876;10;21/01/2018 18:15:00;Strada Urbana;PIAZZA QUINTO CURZIO;all'intersezione con;VIA STATILIO OTTATO;VIA STATILIO OTTATO;;;Scontro frontale/laterale SX fra veicoli in marcia;Intersezione stradale segnalata;Una carreggiata a senso unico di marcia;Asciutto;Asfaltata;Verticale ed orizzontale;Sereno;Normale;Sufficiente;Sufficiente;0;0;0;5;12,56824;41,85632;0;1;Autovettura privata;In marcia / fermata / arresto;Nissan;Micra;Passeggero;1991;F;Illeso;0;;Non accertato;Inesploso
3648876;10;21/01/2018 18:15:00;Strada Urbana;PIAZZA QUINTO CURZIO;all'intersezione con;VIA STATILIO OTTATO;VIA STATILIO OTTATO;;;Scontro frontale/laterale SX fra veicoli in marcia;Intersezione stradale segnalata;Una carreggiata a senso unico di marcia;Asciutto;Asfaltata;Verticale ed orizzontale;Sereno;Normale;Sufficiente;Sufficiente;0;0;0;5;12,56824;41,85632;0;1;Autovettura privata;In marcia / fermata / arresto;Nissan;Micra;Passeggero;2012;M;Illeso;0;;Non accertato;Inesploso
3648876;10;21/01/2018 18:15:00;Strada Urbana;PIAZZA QUINTO CURZIO;all'intersezione con;VIA STATILIO OTTATO;VIA STATILIO OTTATO;;;Scontro frontale/laterale SX fra veicoli in marcia;Intersezione stradale segnalata;Una carreggiata a senso unico di marcia;Asciutto;Asfaltata;Verticale ed orizzontale;Sereno;Normale;Sufficiente;Sufficiente;0;0;0;5;12,56824;41,85632;0;2;Autovettura privata;In marcia / fermata / arresto;Toyota;Aygo;Conducente;1995;M;Illeso;0;;Non accertato;Inesploso
3648876;10;21/01/2018 18:15:00;Strada Urbana;PIAZZA QUINTO CURZIO;all'intersezione con;VIA STATILIO OTTATO;VIA STATILIO OTTATO;;;Scontro frontale/laterale SX fra veicoli in marcia;Intersezione stradale segnalata;Una carreggiata a senso unico di marcia;Asciutto;Asfaltata;Verticale ed orizzontale;Sereno;Normale;Sufficiente;Sufficiente;0;0;0;5;12,56824;41,85632;0;2;Autovettura privata;In marcia / fermata / arresto;Toyota;Aygo;Passeggero;1995;M;Illeso;0;;Non accertato;Inesploso
3648926;13;21/01/2018 17:25:00;Strada Urbana;VIA OSTIENSE;all'intersezione con;VIA DEL FOSSO DI DRAGONCELLO;VIA DEL FOSSO DI DRAGONCELLO;;;Scontro frontale/laterale SX fra veicoli in marcia;Incrocio;Una carreggiata a doppio senso;Asciutto;Asfaltata;Verticale ed orizzontale;Sereno;Normale;Buona;Ore Diurne;1;0;0;1;12,32523;41,76995;0;1;Autovettura privata;In marcia / fermata / arresto;Ford;Fiesta;Conducente;1997;M;Illeso;0;;Non accertato;Inesploso
3648926;13;21/01/2018 17:25:00;Strada Urbana;VIA OSTIENSE;all'intersezione con;VIA DEL FOSSO DI DRAGONCELLO;VIA DEL FOSSO DI DRAGONCELLO;;;Scontro frontale/laterale SX fra veicoli in marcia;Incrocio;Una carreggiata a doppio senso;Asciutto;Asfaltata;Verticale ed orizzontale;Sereno;Normale;Buona;Ore Diurne;1;0;0;1;12,32523;41,76995;0;2;Motociclo a solo;In marcia / fermata / arresto;Honda;CB 600 F;Conducente;1978;M;Rifiuta cure immediate;0;NON DECEDUTO;Non accertato;
3649212;15;21/01/2018 19:50:00;;VIADOTTO DELLA MAGLIANA;da specificare;;;;rampa imm.ne via Isacco Newton;Tamponamento;;;;;;;;;;0;0;0;2;;;0;1;Autovettura privata;In marcia / fermata / arresto;Fiat;500;Conducente;0;M;Illeso;0;;;
3649212;15;21/01/2018 19:50:00;;VIADOTTO DELLA MAGLIANA;da specificare;;;;rampa imm.ne via Isacco Newton;Tamponamento;;;;;;;;;;0;0;0;2;;;0;2;Autovettura privata;In marcia / fermata / arresto;Fiat;Croma;Conducente;0;M;Illeso;0;;;
3649217;15;21/01/2018 07:05:00;;VIADOTTO DELLA MAGLIANA;da specificare;;;;80 mt dopo via del Cappellaccio dir Fiumicino;Veicolo in marcia contro ostacolo fisso;;;;;;;;;;0;0;0;1;;;0;1;Autovettura privata;In marcia / fermata / arresto;Nissan;Micra;Conducente;0;M;Illeso;0;;;
3649222;15;20/01/2018 14:00:00;;VIA DELLA MAGLIANA;da specificare;;;;altezza palo Acea 294;Tamponamento Multiplo;;;;;;;;;;0;0;0;7;;;0;1;Autovettura privata;In marcia / fermata / arresto;Fiat;Punto;Conducente;0;M;Illeso;0;;;
3649222;15;20/01/2018 14:00:00;;VIA DELLA MAGLIANA;da specificare;;;;altezza palo Acea 294;Tamponamento Multiplo;;;;;;;;;;0;0;0;7;;;0;1;Autovettura privata;In marcia / fermata / arresto;Fiat;Punto;Passeggero;0;F;Illeso;0;;;
3649222;15;20/01/2018 14:00:00;;VIA DELLA MAGLIANA;da specificare;;;;altezza palo Acea 294;Tamponamento Multiplo;;;;;;;;;;0;0;0;7;;;0;1;Autovettura privata;In marcia / fermata / arresto;Fiat;Punto;Passeggero;0;M;Illeso;0;;;
3649222;15;20/01/2018 14:00:00;;VIA DELLA MAGLIANA;da specificare;;;;altezza palo Acea 294;Tamponamento Multiplo;;;;;;;;;;0;0;0;7;;;0;2;Autovettura privata;In marcia / fermata / arresto;Volkswagen;UP;Conducente;0;F;Illeso;0;;;
3649222;15;20/01/2018 14:00:00;;VIA DELLA MAGLIANA;da specificare;;;;altezza palo Acea 294;Tamponamento Multiplo;;;;;;;;;;0;0;0;7;;;0;3;Autovettura privata;In marcia / fermata / arresto;Ford;Focus;Conducente;0;M;Illeso;0;;;
3649222;15;20/01/2018 14:00:00;;VIA DELLA MAGLIANA;da specificare;;;;altezza palo Acea 294;Tamponamento Multiplo;;;;;;;;;;0;0;0;7;;;0;3;Autovettura privata;In marcia / fermata / arresto;Ford;Focus;Passeggero;0;F;Illeso;0;;;
3649233;15;20/01/2018 11:55:00;;VIA PIETRO FRATTINI;in corrispondenza;;del palo luce n.;34;;Investimento di pedone;;;;;;;;;;0;0;0;2;;;0;;;;;;Pedone;0;M;Illeso;0;;;
3649233;15;20/01/2018 11:55:00;;VIA PIETRO FRATTINI;in corrispondenza;;del palo luce n.;34;;Investimento di pedone;;;;;;;;;;0;0;0;2;;;0;1;Autovettura privata;In marcia / fermata / arresto;Ford;Fiesta;Conducente;0;M;Illeso;0;;;
3649237;13;21/01/2018 09:40:00;;VIA DI SAPONARA;all'intersezione con;VIA GINO BONICHI;VIA GINO BONICHI;;;Scontro frontale/laterale SX fra veicoli in marcia;;;;;;;;;;0;0;0;2;12,34524;41,77414;0;1;Autovettura privata;In marcia / fermata / arresto;Daimler Chrysler;C220;Conducente;1961;M;Illeso;0;;Non accertato;Esploso
3649237;13;21/01/2018 09:40:00;;VIA DI SAPONARA;all'intersezione con;VIA GINO BONICHI;VIA GINO BONICHI;;;Scontro frontale/laterale SX fra veicoli in marcia;;;;;;;;;;0;0;0;2;12,34524;41,77414;0;2;Autovettura privata;In marcia / fermata / arresto;Ford;Focus;Conducente;1988;F;Illeso;0;;Non accertato;Esploso
3649239;15;20/01/2018 10:55:00;;VIA PORTUENSE;da specificare;;;;fronte civico 731/G;Scontro laterale fra veicoli in marcia;;;;;;;;;;1;0;0;1;12,35585;41,82718;0;1;Motociclo a solo;In marcia / fermata / arresto;Honda;SW-T400;Conducente;0;M;Rifiuta cure immediate;0;NON DECEDUTO;;
3649239;15;20/01/2018 10:55:00;;VIA PORTUENSE;da specificare;;;;fronte civico 731/G;Scontro laterale fra veicoli in marcia;;;;;;;;;;1;0;0;1;12,35585;41,82718;0;2;Autovettura privata;In marcia / fermata / arresto;Peugeot;108;Conducente;0;M;Illeso;0;;;
3649240;7;19/01/2018 20:30:00;Strada Urbana;VIA DEI SESAMI;in corrispondenza;;del civico n.;9;;Veicolo in marcia contro ostacolo accidentale;Rettilineo;Due carreggiate;Asciutto;Asfaltata;Assente;Sereno;Scarso;Buona;Sufficiente;0;0;0;2;;;0;1;Autovettura privata;In marcia / fermata / arresto;Toyota;Aygo;Conducente;1970;M;Illeso;0;;;
3649240;7;19/01/2018 20:30:00;Strada Urbana;VIA DEI SESAMI;in corrispondenza;;del civico n.;9;;Veicolo in marcia contro ostacolo accidentale;Rettilineo;Due carreggiate;Asciutto;Asfaltata;Assente;Sereno;Scarso;Buona;Sufficiente;0;0;0;2;;;0;1;Autovettura privata;In marcia / fermata / arresto;Toyota;Aygo;Passeggero;1975;F;Illeso;0;;;
3649245;13;21/01/2018 21:00:00;;VIA DI ACILIA;in prossimità;;del palo luce n.;25;;Scontro laterale fra veicoli in marcia;;;;;;;;;;0;0;0;2;;;0;1;Autovettura privata;In marcia / fermata / arresto;Volkswagen;Polo;Conducente;1997;F;Illeso;0;;Non accertato;Esploso
3649245;13;21/01/2018 21:00:00;;VIA DI ACILIA;in prossimità;;del palo luce n.;25;;Scontro laterale fra veicoli in marcia;;;;;;;;;;0;0;0;2;;;0;2;Autovettura privata;In marcia / fermata / arresto;Mercedes;Smart For Two;Conducente;1956;F;Illeso;0;;Non accertato;Inesploso
3649247;20;21/01/2018 10:00:00;Strada Urbana;VIA CASSIA;in prossimità;;del civico n.;1690;;Scontro frontale/laterale SX fra veicoli in marcia;Rettilineo;Una carreggiata a doppio senso;Asciutto;Asfaltata;Verticale ed orizzontale;Sereno;Normale;Sufficiente;Insufficiente;2;0;0;2;12,38176;42,00385;0;1;Autocarro inferiore 35 q.;In marcia / fermata / arresto;Fiat;Ducato;Conducente;1997;M;Illeso;0;;Non accertato;
3649247;20;21/01/2018 10:00:00;Strada Urbana;VIA CASSIA;in prossimità;;del civico n.;1690;;Scontro frontale/laterale SX fra veicoli in marcia;Rettilineo;Una carreggiata a doppio senso;Asciutto;Asfaltata;Verticale ed orizzontale;Sereno;Normale;Sufficiente;Insufficiente;2;0;0;2;12,38176;42,00385;0;2;Autovettura privata;In marcia / fermata / arresto;Fiat;600;Conducente;1934;M;Rimandato;0;NON DECEDUTO;Non accertato;
3649247;20;21/01/2018 10:00:00;Strada Urbana;VIA CASSIA;in prossimità;;del civico n.;1690;;Scontro frontale/laterale SX fra veicoli in marcia;Rettilineo;Una carreggiata a doppio senso;Asciutto;Asfaltata;Verticale ed orizzontale;Sereno;Normale;Sufficiente;Insufficiente;2;0;0;2;12,38176;42,00385;0;2;Autovettura privata;In marcia / fermata / arresto;Fiat;600;Passeggero;1936;F;Rimandato;0;NON DECEDUTO;Non accertato;
3649247;20;21/01/2018 10:00:00;Strada Urbana;VIA CASSIA;in prossimità;;del civico n.;1690;;Scontro frontale/laterale SX fra veicoli in marcia;Rettilineo;Una carreggiata a doppio senso;Asciutto;Asfaltata;Verticale ed orizzontale;Sereno;Normale;Sufficiente;Insufficiente;2;0;0;2;12,38176;42,00385;0;2;Autovettura privata;In marcia / fermata / arresto;Fiat;600;Passeggero;1950;F;Illeso;0;;Non accertato;
3649252;10;19/01/2018 17:40:00;;VIA DI PASSOLOMBARDO;in prossimità;;del civico n.;2;;Veicolo in marcia contro ostacolo accidentale;;;;;;;;;;0;0;0;1;;;0;1;Autovettura privata;In marcia / fermata / arresto;Mercedes;B180;Conducente;1981;F;Illeso;0;;;
3649253;10;19/01/2018 18:35:00;;VIA DI PASSO LOMBARDO;in prossimità;;del civico n.;1835;;Veicolo in marcia contro ostacolo accidentale;;;;;;;;;;0;0;0;1;;;0;1;Autovettura privata;In marcia / fermata / arresto;Audi;A 3;Conducente;1980;M;Illeso;0;;;
3649259;10;19/01/2018 18:33:00;;VIA DI CASAL MORENA;in prossimità;;del civico n.;96;;Scontro frontale/laterale DX fra veicoli in marcia;;;;;;;;;;0;0;0;2;;;0;1;Autovettura privata;In marcia / fermata / arresto;Mazda;MX-5;Conducente;1946;M;Illeso;0;;;
3649259;10;19/01/2018 18:33:00;;VIA DI CASAL MORENA;in prossimità;;del civico n.;96;;Scontro frontale/laterale DX fra veicoli in marcia;;;;;;;;;;0;0;0;2;;;0;2;Autovettura privata;In marcia / fermata / arresto;Mitsubishi;(ignoto);Conducente;1969;F;Illeso;0;;;
3649262;10;20/01/2018 06:20:00;;VIA TUSCOLANA;da specificare;;;;INIZIO CAVALCAVIA ALTEZZA "OSTERIA DEL CURATO";Veicolo in marcia contro ostacolo fisso;;;;;;;;;;0;0;0;1;;;0;1;Autovettura privata;In marcia / fermata / arresto;Mercedes;Smart Fortwo Coupè;Conducente;1975;M;Illeso;0;;;
3649263;10;19/01/2018 17:20:00;;VIA DI PASSOLOMBARDO;in prossimità;;del civico n.;226;;Veicolo in marcia contro ostacolo accidentale;;;;;;;;;;0;0;0;1;;;0;1;Autovettura privata;In marcia / fermata / arresto;Alfa Romeo;MITO;Conducente;1996;M;Illeso;0;;;
3649265;10;19/01/2018 19:15:00;;VIA TUSCOLANA;da specificare;;;;Complanare Tuscolana a 10mt da Via Di Casal Morena;Veicolo in marcia contro ostacolo accidentale;;;;;;;;;;0;0;0;1;;;0;1;Autovettura privata;In marcia / fermata / arresto;Daihatsu;Cuore;Conducente;1954;M;Illeso;0;;;
3649269;20;21/01/2018 17:45:00;Strada Urbana;PIAZZALE DI PONTE MILVIO;da specificare;;;;fronte torretta;Investimento di pedone;Rettilineo;Una carreggiata a senso unico di marcia;Asciutto;Asfaltata;Verticale ed orizzontale;Nebbia;Normale;Sufficiente;Sufficiente;1;0;0;0;;;0;;;;;;Pedone;1999;F;Rimandato;0;NON DECEDUTO;;
3649275;10;19/01/2018 18:12:00;;VIA DI PASSOLOMBARDO;in prossimità;;del civico n.;242;;Veicolo in marcia contro ostacolo accidentale;;;;;;;;;;0;0;0;1;;;0;1;Autovettura privata;In marcia / fermata / arresto;Alfa Romeo;MITO;Conducente;1984;F;Illeso;0;;;
3649279;20;21/01/2018 13:15:00;Provinciale;VIA BRACCIANENSE;in corrispondenza;;della chilometrica;10;;Veicolo in marcia contro ostacolo accidentale;Rettilineo;Una carreggiata a doppio senso;Asciutto;Con buche;Verticale ed orizzontale;Sereno;Normale;Buona;Ore Diurne;0;0;0;2;;;0;1;Autovettura privata;In marcia / fermata / arresto;BMW;320 D;Conducente;1985;M;Illeso;0;;Non accertato;