Protocollo;Gruppo;DataOraIncidente;Localizzazione1;STRADA1;Localizzazione2;STRADA2;Strada02;Chilometrica;DaSpecificare;NaturaIncidente;particolaritastrade;TipoStrada;FondoStradale;Pavimentazione;Segnaletica;CondizioneAtmosferica;Traffico;Visibilita;Illuminazione;NUM_FERITI;NUM_RISERVATA;NUM_MORTI;NUM_ILLESI;Longitudine;Latitudine;Confermato;Progressivo;TipoVeicolo;StatoVeicolo;Marca;Modello;TipoPersona;AnnoNascita;Sesso;Tipolesione;Deceduto;DecedutoDopo;CinturaCascoUtilizzato;Airbag;
3649279;20;21/01/2018 13:15:00;Provinciale;VIA BRACCIANENSE;in corrispondenza;;della chilometrica;10;;Veicolo in marcia contro ostacolo accidentale;Rettilineo;Una carreggiata a doppio senso;Asciutto;Con buche;Verticale ed orizzontale;Sereno;Normale;Buona;Ore Diurne;0;0;0;2;;;0;1;Autovettura privata;In marcia / fermata / arresto;BMW;320 D;Passeggero;1989;F;Illeso;0;;;
3649283;15;21/01/2018 12:55:00;;VIA PORTUENSE;da specificare;;;;altezza cavalcavia Rm/Fiumino ;Scontro frontale/laterale SX fra veicoli in marcia;;;;;;;;;;0;0;0;3;;;0;1;Autovettura privata;In marcia / fermata / arresto;Ford;Focus CMAX;Conducente;0;M;Illeso;0;;;
3649283;15;21/01/2018 12:55:00;;VIA PORTUENSE;da specificare;;;;altezza cavalcavia Rm/Fiumino ;Scontro frontale/laterale SX fra veicoli in marcia;;;;;;;;;;0;0;0;3;;;0;2;Autovettura privata;In marcia / fermata / arresto;Mercedes;Smart For Two;Conducente;0;F;Illeso;0;;;
3649283;15;21/01/2018 12:55:00;;VIA PORTUENSE;da specificare;;;;altezza cavalcavia Rm/Fiumino ;Scontro frontale/laterale SX fra veicoli in marcia;;;;;;;;;;0;0;0;3;;;0;2;Autovettura privata;In marcia / fermata / arresto;Mercedes;Smart For Two;Passeggero;0;F;Illeso;0;;;
3649285;10;20/01/2018 01:40:00;;VIA DI ACQUA BULLICANTE;all'intersezione semaforizzata con;VIA AVERSA;VIA AVERSA;;;Scontro frontale/laterale DX fra veicoli in marcia;;;;;;;;;;0;0;0;3;;;0;1;Autovettura privata;In marcia / fermata / arresto;Opel;Corsa;Conducente;0;M;Illeso;0;;;
3649285;10;20/01/2018 01:40:00;;VIA DI ACQUA BULLICANTE;all'intersezione semaforizzata con;VIA AVERSA;VIA AVERSA;;;Scontro frontale/laterale DX fra veicoli in marcia;;;;;;;;;;0;0;0;3;;;0;1;Autovettura privata;In marcia / fermata / arresto;Opel;Corsa;Passeggero;1999;F;Illeso;0;;;
3649285;10;20/01/2018 01:40:00;;VIA DI ACQUA BULLICANTE;all'intersezione semaforizzata con;VIA AVERSA;VIA AVERSA;;;Scontro frontale/laterale DX fra veicoli in marcia;;;;;;;;;;0;0;0;3;;;0;2;Autovettura privata;In marcia / fermata / arresto;Mercedes;Smart;Conducente;1983;M;Illeso;0;;;
3649291;9;20/01/2018 12:00:00;;VIA GIUSEPPE DE LEVA;in prossimità;;del civico n.;1;;Veicolo in marcia contro veicolo fermo;;;;;;;;;;0;0;0;3;;;0;1;Autovettura privata;In marcia / fermata / arresto;Opel;Meriva;Conducente;1949;M;Illeso;0;;;
3649291;9;20/01/2018 12:00:00;;VIA GIUSEPPE DE LEVA;in prossimità;;del civico n.;1;;Veicolo in marcia contro veicolo fermo;;;;;;;;;;0;0;0;3;;;0;1;Autovettura privata;In marcia / fermata / arresto;Opel;Meriva;Passeggero;0;F;Illeso;0;;;
3649291;9;20/01/2018 12:00:00;;VIA GIUSEPPE DE LEVA;in prossimità;;del civico n.;1;;Veicolo in marcia contro veicolo fermo;;;;;;;;;;0;0;0;3;;;0;2;Autovettura privata;In marcia / fermata / arresto;Rover;Mini;Conducente;1954;M;Illeso;0;;;
3649292;10;20/01/2018 09:00:00;;VIA GIOVANNI CENSORI;in corrispondenza;;del civico n.;48;;Scontro frontale/laterale SX fra veicoli in marcia;;;;;;;;;;0;0;0;2;;;0;1;Autovettura privata;In marcia / fermata / arresto;Opel;Corsa;Conducente;1972;F;Illeso;0;;;
3649292;10;20/01/2018 09:00:00;;VIA GIOVANNI CENSORI;in corrispondenza;;del civico n.;48;;Scontro frontale/laterale SX fra veicoli in marcia;;;;;;;;;;0;0;0;2;;;0;2;Autovettura privata;In marcia / fermata / arresto;Toyota;AYGO';Conducente;1970;M;Illeso;0;;;
3649298;19;20/01/2018 12:50:00;Strada Urbana;VIA ROMEO RODRIGUEZ PEREIRA;in corrispondenza;;del civico n.;219;;Scontro laterale fra veicoli in marcia;Rettilineo;Una carreggiata a doppio senso;Asciutto;Asfaltata;Assente;Sereno;Normale;Buona;Ore Diurne;0;0;0;2;;;0;1;Autovettura privata;In marcia / fermata / arresto;Alfa Romeo;147;Conducente;1960;M;Illeso;0;;;
3649298;19;20/01/2018 12:50:00;Strada Urbana;VIA ROMEO RODRIGUEZ PEREIRA;in corrispondenza;;del civico n.;219;;Scontro laterale fra veicoli in marcia;Rettilineo;Una carreggiata a doppio senso;Asciutto;Asfaltata;Assente;Sereno;Normale;Buona;Ore Diurne;0;0;0;2;;;0;2;Autovettura privata;In marcia / fermata / arresto;Peugeot;207;Conducente;1977;F;Illeso;0;;;
3649300;11;20/01/2018 11:00:00;Strada Urbana;VIA BALDASSARRE CASTIGLIONE;all'intersezione con;VIA NICOLA SPEDALIERI;VIA NICOLA SPEDALIERI;;;Scontro frontale/laterale DX fra veicoli in marcia;Intersezione stradale segnalata;Una carreggiata a doppio senso;Asciutto;Asfaltata;Verticale ed orizzontale;Sereno;Normale;Buona;;1;0;0;1;;;0;1;Autocarro inferiore 35 q.;In marcia / fermata / arresto;Fiat;Ducato;Conducente;1988;M;Illeso;0;;Non accertato;
3649300;11;20/01/2018 11:00:00;Strada Urbana;VIA BALDASSARRE CASTIGLIONE;all'intersezione con;VIA NICOLA SPEDALIERI;VIA NICOLA SPEDALIERI;;;Scontro frontale/laterale DX fra veicoli in marcia;Intersezione stradale segnalata;Una carreggiata a doppio senso;Asciutto;Asfaltata;Verticale ed orizzontale;Sereno;Normale;Buona;;1;0;0;1;;;0;2;Motociclo a solo;In marcia / fermata / arresto;KTM;Duke;Conducente;1984;M;Rifiuta cure immediate;0;NON DECEDUTO;Non accertato;
3649303;17;20/01/2018 19:55:00;Strada Urbana;VIA TRIONFALE;in prossimità;;del civico n.;172;;Veicolo in marcia contro veicolo in sosta;Rettilineo;Una carreggiata a doppio senso;Asciutto;Asfaltata;Orizzontale;Sereno;Scarso;Sufficiente;Sufficiente;0;0;0;1;;;0;1;Autovettura privata;In marcia / fermata / arresto;Opel;Astra;Conducente;1931;M;Illeso;0;;;
3649304;5;21/01/2018 05:15:00;;VIA TIBURTINA;in prossimità;;del civico n.;1180;;Veicolo in marcia contro ostacolo fisso;;;;;;;;;;1;0;0;0;12,59857;41,93291;0;1;Autovettura privata;In marcia / fermata / arresto;Smart ;for four;Conducente;0;F;Rimandato;0;NON DECEDUTO;;
3649317;17;21/01/2018 06:10:00;;VIA GREGORIO XI;da specificare;;;;fronte civico 26;Veicolo in marcia contro veicoli in sosta;;;;;;;;;;0;0;0;1;;;0;1;Autovettura privata;In marcia / fermata / arresto;Nissan;Micra;Conducente;1983;M;Illeso;0;;;
3649318;16;18/01/2018 17:30:00;;VIA DELLA PISANA;in corrispondenza;;del civico n.;114;;Tamponamento;;;;;;;;;;0;0;0;3;;;0;1;Autovettura privata;In marcia / fermata / arresto;Volkswagen;Passat;Conducente;0;M;Illeso;0;;;
3649318;16;18/01/2018 17:30:00;;VIA DELLA PISANA;in corrispondenza;;del civico n.;114;;Tamponamento;;;;;;;;;;0;0;0;3;;;0;2;Autovettura privata;In marcia / fermata / arresto;Fiat;Panda;Conducente;0;M;Illeso;0;;;
3649318;16;18/01/2018 17:30:00;;VIA DELLA PISANA;in corrispondenza;;del civico n.;114;;Tamponamento;;;;;;;;;;0;0;0;3;;;0;3;Autovettura privata;In marcia / fermata / arresto;Toyota;AYGO';Conducente;0;F;Illeso;0;;;
3649321;10;20/01/2018 15:30:00;;VIA ANAGNINA;da specificare;;;;prox. civ. 267 direz. fuori Roma;Scontro laterale fra veicoli in marcia;;;;;;;;;;0;0;0;3;;;0;1;Autovettura privata;In marcia / fermata / arresto;Fiat;500 L;Conducente;1940;M;Illeso;0;;;
3649321;10;20/01/2018 15:30:00;;VIA ANAGNINA;da specificare;;;;prox. civ. 267 direz. fuori Roma;Scontro laterale fra veicoli in marcia;;;;;;;;;;0;0;0;3;;;0;1;Autovettura privata;In marcia / fermata / arresto;Fiat;500 L;Passeggero;1948;F;Illeso;0;;;
3649321;10;20/01/2018 15:30:00;;VIA ANAGNINA;da specificare;;;;prox. civ. 267 direz. fuori Roma;Scontro laterale fra veicoli in marcia;;;;;;;;;;0;0;0;3;;;0;2;Autovettura privata;In marcia / fermata / arresto;BMW;346;Conducente;1967;M;Illeso;0;;;
3649322;5;21/01/2018 21:55:00;;VIA COLLATINA;da specificare;;;;300 mt. oltre via dell'Acqua Vergine;Fuoriuscita dalla sede stradale;;;;;;;;;;2;0;0;0;12,63033;41,90938;0;1;Autovettura privata;In marcia / fermata / arresto;Renault;Clio;Conducente;0;M;Rimandato;0;NON DECEDUTO;;
3649322;5;21/01/2018 21:55:00;;VIA COLLATINA;da specificare;;;;300 mt. oltre via dell'Acqua Vergine;Fuoriuscita dalla sede stradale;;;;;;;;;;2;0;0;0;12,63033;41,90938;0;1;Autovettura privata;In marcia / fermata / arresto;Renault;Clio;Passeggero;0;F;Rimandato;0;NON DECEDUTO;;
3649330;13;21/01/2018 23:40:00;;VIALE DELLA VILLA DI PLINIO;da specificare;;;;direzione via C. Colombo;Veicolo in marcia contro ostacolo fisso;;;;;;;;;;0;0;0;2;12,34126;41,71481;0;1;Autovettura privata;In marcia / fermata / arresto;Nissan;Pixo;Conducente;1984;M;Illeso;0;;Non accertato;Inesploso
3649330;13;21/01/2018 23:40:00;;VIALE DELLA VILLA DI PLINIO;da specificare;;;;direzione via C. Colombo;Veicolo in marcia contro ostacolo fisso;;;;;;;;;;0;0;0;2;12,34126;41,71481;0;1;Autovettura privata;In marcia / fermata / arresto;Nissan;Pixo;Passeggero;1997;F;Illeso;0;;Non accertato;Inesploso
3649336;10;20/01/2018 22:15:00;;VIA APPIA NUOVA;in prossimità;;del civico n.;610B;;Veicolo in marcia contro veicolo fermo;;;;;;;;;;0;0;0;5;;;0;1;Autovettura privata;In marcia / fermata / arresto;Mini;One;Conducente;1999;M;Illeso;0;;;
3649336;10;20/01/2018 22:15:00;;VIA APPIA NUOVA;in prossimità;;del civico n.;610B;;Veicolo in marcia contro veicolo fermo;;;;;;;;;;0;0;0;5;;;0;1;Autovettura privata;In marcia / fermata / arresto;Mini;One;Passeggero;0;M;Illeso;0;;;
3649336;10;20/01/2018 22:15:00;;VIA APPIA NUOVA;in prossimità;;del civico n.;610B;;Veicolo in marcia contro veicolo fermo;;;;;;;;;;0;0;0;5;;;0;4;Autovettura privata;In marcia / fermata / arresto;Nissan;Micra;Conducente;1997;M;Illeso;0;;;
3649338;9;21/01/2018 17:30:00;;VIA CLELIA;all'intersezione con;VIA MUZIO SCEVOLA;VIA MUZIO SCEVOLA;;;Scontro frontale/laterale SX fra veicoli in marcia;;;;;;;;;;1;0;0;3;;;0;1;Autovettura privata;In marcia / fermata / arresto;Toyota;Yaris;Conducente;1998;M;Illeso;0;;;
3649338;9;21/01/2018 17:30:00;;VIA CLELIA;all'intersezione con;VIA MUZIO SCEVOLA;VIA MUZIO SCEVOLA;;;Scontro frontale/laterale SX fra veicoli in marcia;;;;;;;;;;1;0;0;3;;;0;1;Autovettura privata;In marcia / fermata / arresto;Toyota;Yaris;Passeggero;0;M;Illeso;0;;;
3649338;9;21/01/2018 17:30:00;;VIA CLELIA;all'intersezione con;VIA MUZIO SCEVOLA;VIA MUZIO SCEVOLA;;;Scontro frontale/laterale SX fra veicoli in marcia;;;;;;;;;;1;0;0;3;;;0;2;Motociclo a solo;In marcia / fermata / arresto;Piaggio;Liberty;Conducente;1975;M;Rimandato;0;NON DECEDUTO;;
3649339;10;20/01/2018 11:50:00;;VIALE GIULIO AGRICOLA;in prossimità;;del civico n.;107;;Scontro laterale fra veicoli in marcia;;;;;;;;;;0;0;0;2;;;0;1;Autovettura privata;In marcia / fermata / arresto;Nissan;Juke;Conducente;1982;M;Illeso;0;;;
3649339;10;20/01/2018 11:50:00;;VIALE GIULIO AGRICOLA;in prossimità;;del civico n.;107;;Scontro laterale fra veicoli in marcia;;;;;;;;;;0;0;0;2;;;0;2;Autovettura privata;In marcia / fermata / arresto;Fiat;Multipla;Conducente;1956;M;Illeso;0;;;
3649341;10;21/01/2018 06:00:00;;VIA LUCREZIA ROMANA;all'intersezione con;VIA ALBERTO BURRI;VIA ALBERTO BURRI;;;Scontro frontale/laterale DX fra veicoli in marcia;;;;;;;;;;0;0;0;4;;;0;1;Autovettura privata;In marcia / fermata / arresto;Alfa Romeo;GT;Conducente;1985;M;Illeso;0;;;
3649341;10;21/01/2018 06:00:00;;VIA LUCREZIA ROMANA;all'intersezione con;VIA ALBERTO BURRI;VIA ALBERTO BURRI;;;Scontro frontale/laterale DX fra veicoli in marcia;;;;;;;;;;0;0;0;4;;;0;2;Autovettura privata;In marcia / fermata / arresto;Volkswagen;Lupo;Conducente;1997;F;Illeso;0;;;
3649341;10;21/01/2018 06:00:00;;VIA LUCREZIA ROMANA;all'intersezione con;VIA ALBERTO BURRI;VIA ALBERTO BURRI;;;Scontro frontale/laterale DX fra veicoli in marcia;;;;;;;;;;0;0;0;4;;;0;2;Autovettura privata;In marcia / fermata / arresto;Volkswagen;Lupo;Passeggero;1997;F;Illeso;0;;;
3649341;10;21/01/2018 06:00:00;;VIA LUCREZIA ROMANA;all'intersezione con;VIA ALBERTO BURRI;VIA ALBERTO BURRI;;;Scontro frontale/laterale DX fra veicoli in marcia;;;;;;;;;;0;0;0;4;;;0;2;Autovettura privata;In marcia / fermata / arresto;Volkswagen;Lupo;Passeggero;1997;M;Illeso;0;;;
3649342;10;20/01/2018 17:15:00;;VIALE BRUNO PELIZZI;all'intersezione con;VIA RAIMONDO SCINTU;VIA RAIMONDO SCINTU;;;Tamponamento;;;;;;;;;;0;0;0;5;;;0;1;Autovettura privata;In marcia / fermata / arresto;Fiat-Lancia;Y;Conducente;1991;M;Illeso;0;;;
3649342;10;20/01/2018 17:15:00;;VIALE BRUNO PELIZZI;all'intersezione con;VIA RAIMONDO SCINTU;VIA RAIMONDO SCINTU;;;Tamponamento;;;;;;;;;;0;0;0;5;;;0;1;Autovettura privata;In marcia / fermata / arresto;Fiat-Lancia;Y;Passeggero;1991;M;Illeso;0;;;
3649342;10;20/01/2018 17:15:00;;VIALE BRUNO PELIZZI;all'intersezione con;VIA RAIMONDO SCINTU;VIA RAIMONDO SCINTU;;;Tamponamento;;;;;;;;;;0;0;0;5;;;0;2;Autovettura privata;In marcia / fermata / arresto;Ford;Fiesta;Conducente;1967;M;Illeso;0;;;
3649342;10;20/01/2018 17:15:00;;VIALE BRUNO PELIZZI;all'intersezione con;VIA RAIMONDO SCINTU;VIA RAIMONDO SCINTU;;;Tamponamento;;;;;;;;;;0;0;0;5;;;0;2;Autovettura privata;In marcia / fermata / arresto;Ford;Fiesta;Passeggero;1973;M;Illeso;0;;;
3649342;10;20/01/2018 17:15:00;;VIALE BRUNO PELIZZI;all'intersezione con;VIA RAIMONDO SCINTU;VIA RAIMONDO SCINTU;;;Tamponamento;;;;;;;;;;0;0;0;5;;;0;2;Autovettura privata;In marcia / fermata / arresto;Ford;Fiesta;Passeggero;2011;M;Illeso;0;;;
3649343;9;19/01/2018 15:20:00;;VIA NOCERA UMBRA;in corrispondenza;;del civico n.;106;;Veicolo in marcia contro ostacolo accidentale;;;;;;;;;;0;0;0;1;;;0;1;Autovettura privata;In marcia / fermata / arresto;Mercedes;Classe A;Conducente;1974;M;Illeso;0;;;
3649344;12;19/01/2018 13:35:00;;VIA CRISTOFORO COLOMBO;da specificare;;;;direzione GRA palo ACEA n°584;Tamponamento Multiplo;;;;;;;;;;1;0;0;2;;;0;1;Autovettura privata;In marcia / fermata / arresto;Fiat;Panda;Conducente;1951;M;Illeso;0;;;
3649344;12;19/01/2018 13:35:00;;VIA CRISTOFORO COLOMBO;da specificare;;;;direzione GRA palo ACEA n°584;Tamponamento Multiplo;;;;;;;;;;1;0;0;2;;;0;2;Autovettura privata;In marcia / fermata / arresto;Chevrolet;Aveo;Conducente;1976;M;Rimandato;0;NON DECEDUTO;Utilizzato;Inesploso
3649344;12;19/01/2018 13:35:00;;VIA CRISTOFORO COLOMBO;da specificare;;;;direzione GRA palo ACEA n°584;Tamponamento Multiplo;;;;;;;;;;1;0;0;2;;;0;3;Autocarro superiore 35 q.;In marcia / fermata / arresto;Iveco;100E 18N;Conducente;1972;M;Illeso;0;;;
3649349;7;19/01/2018 11:50:00;Strada Urbana;LARGO MOLA DI BARI;in prossimità;;del civico n.;11;;Scontro frontale/laterale SX fra veicoli in marcia;Rettilineo;Una carreggiata a senso unico di marcia;Asciutto;Asfaltata;Verticale ed orizzontale;Nuvoloso;Normale;Buona;Ore Diurne;2;0;0;0;12,57683;41,89336;0;1;Motociclo con passeggero;In marcia / fermata / arresto;Piaggio - Gilera;(non accertato);Conducente;1973;M;Rimandato;0;NON DECEDUTO;Non accertato;
3649349;7;19/01/2018 11:50:00;Strada Urbana;LARGO MOLA DI BARI;in prossimità;;del civico n.;11;;Scontro frontale/laterale SX fra veicoli in marcia;Rettilineo;Una carreggiata a senso unico di marcia;Asciutto;Asfaltata;Verticale ed orizzontale;Nuvoloso;Normale;Buona;Ore Diurne;2;0;0;0;12,57683;41,89336;0;2;Motociclo con passeggero;In marcia / fermata / arresto;Honda;SH 125;Conducente;1995;M;Rimandato;0;NON DECEDUTO;;
3649351;19;20/01/2018 18:00:00;;VIA DI S. MARIA DI GALERIA;da specificare;;;;100 mt prima del Borhetto di S. maria di galeria;Scontro frontale fra veicoli in marcia;;;;;;;;;;1;0;0;1;;;0;1;Autovettura privata;In marcia / fermata / arresto;Fiat;600;Conducente;0;M;Illeso;0;;;
3649351;19;20/01/2018 18:00:00;;VIA DI S. MARIA DI GALERIA;da specificare;;;;100 mt prima del Borhetto di S. maria di galeria;Scontro frontale fra veicoli in marcia;;;;;;;;;;1;0;0;1;;;0;2;Autovettura privata;In marcia / fermata / arresto;Ford;Mondeo;Conducente;1966;M;Rimandato;0;NON DECEDUTO;;
3649356;4;19/01/2018 14:30:00;;VIALE JONIO;in corrispondenza;;del civico n.;404;;Tamponamento Multiplo;;;;;;;;;;0;0;0;3;12,52719;41,94619;0;1;Autovettura privata;In marcia / fermata / arresto;Alfa Lancia;Y;Conducente;1969;F;Illeso;0;;;
3649356;4;19/01/2018 14:30:00;;VIALE JONIO;in corrispondenza;;del civico n.;404;;Tamponamento Multiplo;;;;;;;;;;0;0;0;3;12,52719;41,94619;0;2;Autovettura privata;In marcia / fermata / arresto;Citroen;C 1;Conducente;1960;M;Illeso;0;;;
3649356;4;19/01/2018 14:30:00;;VIALE JONIO;in corrispondenza;;del civico n.;404;;Tamponamento Multiplo;;;;;;;;;;0;0;0;3;12,52719;41,94619;0;3;Autovettura privata;In marcia / fermata / arresto;Nissan;Micra;Conducente;1985;F;Illeso;0;;;
3649368;9;20/01/2018 15:30:00;;VIA MONZA;in prossimità;;del civico n.;1A;;Investimento di pedone;;;;;;;;;;1;0;0;1;;;0;;;;;;Pedone;0;M;Rimandato;0;NON DECEDUTO;;
3649368;9;20/01/2018 15:30:00;;VIA MONZA;in prossimità;;del civico n.;1A;;Investimento di pedone;;;;;;;;;;1;0;0;1;;;0;1;Autovettura privata;In marcia / fermata / arresto;Lancia;Y;Conducente;1986;F;Illeso;0;;;
3649372;19;21/01/2018 02:30:00;;VIA DI TORREVECCHIA;all'intersezione con;VIA VINCENZO VIARA DE RICCI;VIA VINCENZO VIARA DE RICCI;;;Scontro frontale/laterale SX fra veicoli in marcia;;;;;;;;;;1;0;0;2;;;0;1;Autovettura privata;In marcia / fermata / arresto;Fiat;Panda;Conducente;1981;M;Illeso;0;;Non accertato;Inesploso
3649372;19;21/01/2018 02:30:00;;VIA DI TORREVECCHIA;all'intersezione con;VIA VINCENZO VIARA DE RICCI;VIA VINCENZO VIARA DE RICCI;;;Scontro frontale/laterale SX fra veicoli in marcia;;;;;;;;;;1;0;0;2;;;0;1;Autovettura privata;In marcia / fermata / arresto;Fiat;Panda;Passeggero;1984;M;Illeso;0;;Non accertato;Inesploso
3649372;19;21/01/2018 02:30:00;;VIA DI TORREVECCHIA;all'intersezione con;VIA VINCENZO VIARA DE RICCI;VIA VINCENZO VIARA DE RICCI;;;Scontro frontale/laterale SX fra veicoli in marcia;;;;;;;;;;1;0;0;2;;;0;2;Motociclo a solo;In marcia / fermata / arresto;Yamaha;(non accertato);Conducente;1979;M;Rimandato;0;NON DECEDUTO;Non accertato;
3649375;4;19/01/2018 17:50:00;Strada Urbana;PIAZZA OTTAVIANO VIMERCATI;da specificare;;;;fronte civico 55;Investimento di pedone;;Una carreggiata a doppio senso;Asciutto;Asfaltata;Verticale ed orizzontale;Nuvoloso;Normale;Sufficiente;Sufficiente;1;0;0;2;;;0;;;;;;Pedone;0;M;Rimandato;0;NON DECEDUTO;;
3649375;4;19/01/2018 17:50:00;Strada Urbana;PIAZZA OTTAVIANO VIMERCATI;da specificare;;;;fronte civico 55;Investimento di pedone;;Una carreggiata a doppio senso;Asciutto;Asfaltata;Verticale ed orizzontale;Nuvoloso;Normale;Sufficiente;Sufficiente;1;0;0;2;;;0;1;Motociclo con passeggero;In marcia / fermata / arresto;Honda;SH;Conducente;1999;M;Illeso;0;;;
3649375;4;19/01/2018 17:50:00;Strada Urbana;PIAZZA OTTAVIANO VIMERCATI;da specificare;;;;fronte civico 55;Investimento di pedone;;Una carreggiata a doppio senso;Asciutto;Asfaltata;Verticale ed orizzontale;Nuvoloso;Normale;Sufficiente;Sufficiente;1;0;0;2;;;0;1;Motociclo con passeggero;In marcia / fermata / arresto;Honda;SH;Passeggero;1999;M;Illeso;0;;;
3649379;10;21/01/2018 19:15:00;;VIA RAIMONDO SCINTU;in prossimità;;del civico n.;48;;Veicolo in marcia contro ostacolo accidentale;;;;;;;;;;0;0;0;1;;;0;1;Autovettura privata;In marcia / fermata / arresto;Opel;Insignia;Conducente;1969;M;Illeso;0;;;
3649380;16;19/01/2018 12:30:00;;VIA PAOLA FALCONIERI;in prossimità;;del civico n.;100;;Veicolo in marcia contro veicolo in sosta;;;;;;;;;;0;0;0;1;;;0;1;Autovettura privata;In marcia / fermata / arresto;Fiat;Panda;Conducente;0;F;Illeso;0;;;
3649386;4;20/01/2018 09:15:00;;VIA NOMENTANA;all'intersezione con;VIA FICULNEA;VIA FICULNEA;;;Scontro frontale/laterale DX fra veicoli in marcia;;;;;;;;;;0;0;0;2;;;0;1;Autovettura privata;In marcia / fermata / arresto;Citroen;Xsara;Conducente;1961;M;Illeso;0;;Non accertato;Inesploso
3649386;4;20/01/2018 09:15:00;;VIA NOMENTANA;all'intersezione con;VIA FICULNEA;VIA FICULNEA;;;Scontro frontale/laterale DX fra veicoli in marcia;;;;;;;;;;0;0;0;2;;;0;2;Autovettura privata;In marcia / fermata / arresto;Lancia;Ypsilon;Conducente;1967;M;Illeso;0;;Non accertato;Inesploso
3649388;7;21/01/2018 16:20:00;Altra strada;VIA COLLATINA;da specificare;;;;interno parcheggio auchan;Tamponamento;Rettilineo;Una carreggiata a senso unico di marcia;Asciutto;Asfaltata;Assente;Sereno;Scarso;Buona;Ore Diurne;0;0;0;4;12,66611;41,92234;0;1;Autovettura privata;In marcia / fermata / arresto;Ford;Focus;Conducente;1972;M;Illeso;0;;;
3649388;7;21/01/2018 16:20:00;Altra strada;VIA COLLATINA;da specificare;;;;interno parcheggio auchan;Tamponamento;Rettilineo;Una carreggiata a senso unico di marcia;Asciutto;Asfaltata;Assente;Sereno;Scarso;Buona;Ore Diurne;0;0;0;4;12,66611;41,92234;0;1;Autovettura privata;In marcia / fermata / arresto;Ford;Focus;Passeggero;1973;F;Illeso;0;;;
3649388;7;21/01/2018 16:20:00;Altra strada;VIA COLLATINA;da specificare;;;;interno parcheggio auchan;Tamponamento;Rettilineo;Una carreggiata a senso unico di marcia;Asciutto;Asfaltata;Assente;Sereno;Scarso;Buona;Ore Diurne;0;0;0;4;12,66611;41,92234;0;1;Autovettura privata;In marcia / fermata / arresto;Ford;Focus;Passeggero;2007;F;Illeso;0;;;
3649388;7;21/01/2018 16:20:00;Altra strada;VIA COLLATINA;da specificare;;;;interno parcheggio auchan;Tamponamento;Rettilineo;Una carreggiata a senso unico di marcia;Asciutto;Asfaltata;Assente;Sereno;Scarso;Buona;Ore Diurne;0;0;0;4;12,66611;41,92234;0;2;Autovettura privata;In marcia / fermata / arresto;Mercedes;Smart;Conducente;1970;M;Illeso;0;;;
3649391;4;20/01/2018 13:50:00;;VIA SALARIA;in corrispondenza;;della chilometrica;19.35;;Tamponamento Multiplo;;;;;;;;;;1;0;0;2;12,51783;41,98705;0;1;Autovettura privata;In marcia / fermata / arresto;Opel;Mokka;Conducente;1972;M;Illeso;0;;Non accertato;Inesploso
3649391;4;20/01/2018 13:50:00;;VIA SALARIA;in corrispondenza;;della chilometrica;19.35;;Tamponamento Multiplo;;;;;;;;;;1;0;0;2;12,51783;41,98705;0;2;Autovettura privata;In marcia / fermata / arresto;Fiat;Cinquecento;Conducente;1991;M;Rifiuta cure immediate;0;NON DECEDUTO;Non accertato;Inesploso
3649391;4;20/01/2018 13:50:00;;VIA SALARIA;in corrispondenza;;della chilometrica;19.35;;Tamponamento Multiplo;;;;;;;;;;1;0;0;2;12,51783;41,98705;0;3;Autovettura privata;In marcia / fermata / arresto;Audi;A 3;Conducente;1970;M;Illeso;0;;;
3649402;18;21/01/2018 04:00:00;;VIA AURELIA;da specificare;;;;IN PROX KM 10.000 DIREZIONE FUORI ROMA;Veicolo in marcia contro ostacolo fisso;;;;;;;;;;0;0;0;1;;;0;1;Autovettura privata;In marcia / fermata / arresto;Volkswagen;Lupo;Conducente;1997;M;Illeso;0;;;
3649403;4;20/01/2018 21:00:00;;VIA NOMENTANA;all'intersezione con;VIALE SORA LELLA;VIALE SORA LELLA;;;Scontro laterale fra veicoli in marcia;;;;;;;;;;0;0;0;3;;;0;1;Autovettura privata;In marcia / fermata / arresto;Mercedes;A180;Conducente;1941;M;Illeso;0;;;
3649403;4;20/01/2018 21:00:00;;VIA NOMENTANA;all'intersezione con;VIALE SORA LELLA;VIALE SORA LELLA;;;Scontro laterale fra veicoli in marcia;;;;;;;;;;0;0;0;3;;;0;1;Autovettura privata;In marcia / fermata / arresto;Mercedes;A180;Passeggero;1947;M;Illeso;0;;;
3649403;4;20/01/2018 21:00:00;;VIA NOMENTANA;all'intersezione con;VIALE SORA LELLA;VIALE SORA LELLA;;;Scontro laterale fra veicoli in marcia;;;;;;;;;;0;0;0;3;;;0;2;Autovettura privata;In marcia / fermata / arresto;Ford;Fiesta;Conducente;1988;M;Illeso;0;;;
3649405;1;21/01/2018 00:50:00;Strada Urbana;LUNGOTEVERE DE' CENCI;all'intersezione con;VIA DEL TEMPIO;VIA DEL TEMPIO;;;Scontro frontale/laterale DX fra veicoli in marcia;Incrocio;Una carreggiata a senso unico di marcia;Asciutto;Asfaltata;Verticale ed orizzontale;Nuvoloso;Scarso;Buona;Sufficiente;1;0;0;2;;;0;1;Motociclo a solo;In marcia / fermata / arresto;Suzuki;GSR;Conducente;1995;M;Rifiuta cure immediate;0;NON DECEDUTO;Non accertato;