Protocollo;Gruppo;DataOraIncidente;Localizzazione1;STRADA1;Localizzazione2;STRADA2;Strada02;Chilometrica;DaSpecificare;NaturaIncidente;particolaritastrade;TipoStrada;FondoStradale;Pavimentazione;Segnaletica;CondizioneAtmosferica;Traffico;Visibilita;Illuminazione;NUM_FERITI;NUM_RISERVATA;NUM_MORTI;NUM_ILLESI;Longitudine;Latitudine;Confermato;Progressivo;TipoVeicolo;StatoVeicolo;Marca;Modello;TipoPersona;AnnoNascita;Sesso;Tipolesione;Deceduto;DecedutoDopo;CinturaCascoUtilizzato;Airbag;
3649405;1;21/01/2018 00:50:00;Strada Urbana;LUNGOTEVERE DE' CENCI;all'intersezione con;VIA DEL TEMPIO;VIA DEL TEMPIO;;;Scontro frontale/laterale DX fra veicoli in marcia;Incrocio;Una carreggiata a senso unico di marcia;Asciutto;Asfaltata;Verticale ed orizzontale;Nuvoloso;Scarso;Buona;Sufficiente;1;0;0;2;;;0;3;Autovettura privata;In marcia / fermata / arresto;Fiat;Bravo;Conducente;1997;M;Illeso;0;;Non accertato;Inesploso
3649405;1;21/01/2018 00:50:00;Strada Urbana;LUNGOTEVERE DE' CENCI;all'intersezione con;VIA DEL TEMPIO;VIA DEL TEMPIO;;;Scontro frontale/laterale DX fra veicoli in marcia;Incrocio;Una carreggiata a senso unico di marcia;Asciutto;Asfaltata;Verticale ed orizzontale;Nuvoloso;Scarso;Buona;Sufficiente;1;0;0;2;;;0;3;Autovettura privata;In marcia / fermata / arresto;Fiat;Bravo;Passeggero;1997;M;Illeso;0;;Utilizzato;Inesploso
3649411;12;19/01/2018 14:40:00;;VIA DI TOR PAGNOTTA;all'intersezione con;VIA GIORGIO PELOSI;VIA GIORGIO PELOSI;;;Scontro frontale/laterale SX fra veicoli in marcia;;;;;;;;;;0;0;0;2;;;0;1;Autovettura privata;In marcia / fermata / arresto;Ford;KA;Conducente;1988;M;Illeso;0;;Non accertato;Inesploso
3649411;12;19/01/2018 14:40:00;;VIA DI TOR PAGNOTTA;all'intersezione con;VIA GIORGIO PELOSI;VIA GIORGIO PELOSI;;;Scontro frontale/laterale SX fra veicoli in marcia;;;;;;;;;;0;0;0;2;;;0;2;Autocarro inferiore 35 q.;In marcia / fermata / arresto;Isuzu;d-max;Conducente;1968;M;Illeso;0;;;
3649423;7;10/01/2018 10:00:00;;VIA DELLE CELIDONIE;all'intersezione con;VIA DEGLI OLIVI;VIA DEGLI OLIVI;;;Scontro frontale/laterale DX fra veicoli in marcia;;;;;;;;;;0;0;0;2;;;0;1;Autovettura privata;In marcia / fermata / arresto;Ford;Focus;Conducente;1961;M;Illeso;0;;;
3649423;7;10/01/2018 10:00:00;;VIA DELLE CELIDONIE;all'intersezione con;VIA DEGLI OLIVI;VIA DEGLI OLIVI;;;Scontro frontale/laterale DX fra veicoli in marcia;;;;;;;;;;0;0;0;2;;;0;2;Autovettura privata;In marcia / fermata / arresto;Mercedes;VITO;Conducente;1963;M;Illeso;0;;;
3649427;18;19/01/2018 17:45:00;;PIAZZA PIO XI;all'intersezione con;VIA ANASTASIO II;VIA ANASTASIO II;;;Veicolo in marcia contro ostacolo accidentale;;;;;;;;;;0;0;0;1;;;0;1;Motociclo a solo;In marcia / fermata / arresto;Kymco;People 150;Conducente;0;M;Illeso;0;;;
3649429;7;20/01/2018 02:45:00;Strada Urbana;VIA DEI CICLAMINI;all'intersezione con;VIA DELLE ROSE;VIA DELLE ROSE;;;Scontro frontale/laterale SX fra veicoli in marcia;Incrocio;Una carreggiata a doppio senso;Asciutto;Asfaltata;Verticale ed orizzontale;Sereno;Normale;Buona;Sufficiente;0;0;0;2;12,5666;41,89057;0;1;Autovettura privata;In marcia / fermata / arresto;Opel;Corsa;Conducente;1990;M;Illeso;0;;Non accertato;Inesploso
3649429;7;20/01/2018 02:45:00;Strada Urbana;VIA DEI CICLAMINI;all'intersezione con;VIA DELLE ROSE;VIA DELLE ROSE;;;Scontro frontale/laterale SX fra veicoli in marcia;Incrocio;Una carreggiata a doppio senso;Asciutto;Asfaltata;Verticale ed orizzontale;Sereno;Normale;Buona;Sufficiente;0;0;0;2;12,5666;41,89057;0;2;Autovettura privata;In marcia / fermata / arresto;Opel;Meriva;Conducente;1970;M;Illeso;0;;Non accertato;Inesploso
3649436;7;19/01/2018 17:35:00;Strada Urbana;VIA DEI CASTANI;all'intersezione con;VIA DELLE ROBINIE;VIA DELLE ROBINIE;;;Scontro frontale/laterale SX fra veicoli in marcia;Incrocio;Due carreggiate;Bagnato (pioggia);Asfaltata;Verticale ed orizzontale;Sereno;Normale;Buona;Sufficiente;2;0;0;1;;;0;1;Autovettura privata;In marcia / fermata / arresto;Ford;KA;Conducente;1947;M;Illeso;0;;;
3649436;7;19/01/2018 17:35:00;Strada Urbana;VIA DEI CASTANI;all'intersezione con;VIA DELLE ROBINIE;VIA DELLE ROBINIE;;;Scontro frontale/laterale SX fra veicoli in marcia;Incrocio;Due carreggiate;Bagnato (pioggia);Asfaltata;Verticale ed orizzontale;Sereno;Normale;Buona;Sufficiente;2;0;0;1;;;0;2;Autovettura privata;In marcia / fermata / arresto;Renault;Twingo;Conducente;1992;F;Rimandato;0;NON DECEDUTO;;
3649436;7;19/01/2018 17:35:00;Strada Urbana;VIA DEI CASTANI;all'intersezione con;VIA DELLE ROBINIE;VIA DELLE ROBINIE;;;Scontro frontale/laterale SX fra veicoli in marcia;Incrocio;Due carreggiate;Bagnato (pioggia);Asfaltata;Verticale ed orizzontale;Sereno;Normale;Buona;Sufficiente;2;0;0;1;;;0;2;Autovettura privata;In marcia / fermata / arresto;Renault;Twingo;Passeggero;1969;F;Rimandato;0;NON DECEDUTO;;
3649447;4;19/01/2018 14:40:00;;VIALE VAL PADANA;in corrispondenza;;del civico n.;183;;Scontro frontale/laterale SX fra veicoli in marcia;;;;;;;;;;0;0;0;2;;;0;1;Autovettura privata;In marcia / fermata / arresto;Toyota;Yaris;Conducente;1981;M;Illeso;0;;Non accertato;
3649447;4;19/01/2018 14:40:00;;VIALE VAL PADANA;in corrispondenza;;del civico n.;183;;Scontro frontale/laterale SX fra veicoli in marcia;;;;;;;;;;0;0;0;2;;;0;2;Autocarro inferiore 35 q.;In marcia / fermata / arresto;Fiat;Iveco;Conducente;1974;M;Illeso;0;;;Inesploso
3649452;4;20/01/2018 19:20:00;;VIA ALBERTO LIONELLO;da specificare;;;;fronte via W. OSIRIS;Tamponamento;;;;;;;;;;0;0;0;1;;;0;1;Autovettura privata;In marcia / fermata / arresto;BMW;Mini One D;Conducente;1995;M;Illeso;0;;;
3649463;12;21/01/2018 15:45:00;;VIALE DEL PATTINAGGIO;da specificare;;;;altezza campi rugby;Infortunio per caduta del veicolo;;;;;;;;;;1;0;0;1;;;0;1;Motociclo a solo;In marcia / fermata / arresto;Honda;Silver Wing;Conducente;1975;M;Rimandato;0;NON DECEDUTO;Utilizzato;
3649463;12;21/01/2018 15:45:00;;VIALE DEL PATTINAGGIO;da specificare;;;;altezza campi rugby;Infortunio per caduta del veicolo;;;;;;;;;;1;0;0;1;;;0;2;Autovettura privata;In marcia / fermata / arresto;Audi;A1;Conducente;1989;M;Illeso;0;;;
3649464;18;21/01/2018 18:40:00;;VIA GREGORIO VII;in prossimità;;del civico n.;292/294;;Investimento di pedone;;;;;;;;;;1;0;1;1;12,4395;41,89596;0;;;;;;Pedone;1931;F;Ricoverato;0;DECEDUTO ENTRO LE DODICI ORE;;
3649464;18;21/01/2018 18:40:00;;VIA GREGORIO VII;in prossimità;;del civico n.;292/294;;Investimento di pedone;;;;;;;;;;1;0;1;1;12,4395;41,89596;0;1;Autovettura privata;In marcia / fermata / arresto;Nissan;Micra;Conducente;1991;M;Rimandato;0;NON DECEDUTO;;
3649464;18;21/01/2018 18:40:00;;VIA GREGORIO VII;in prossimità;;del civico n.;292/294;;Investimento di pedone;;;;;;;;;;1;0;1;1;12,4395;41,89596;0;1;Autovettura privata;In marcia / fermata / arresto;Nissan;Micra;Passeggero;1994;F;Illeso;0;;;
3649479;4;19/01/2018 07:15:00;;VIA GIOVANNI CONTI;da specificare;;;;PROSS. 1° INGRESSO MERCATO PROVENIENZA VIGNE NUOVE;Tamponamento Multiplo;;;;;;;;;;0;0;0;3;12,53208;41,95527;0;1;Autovettura privata;In marcia / fermata / arresto;Fiat-Lancia;YPSILON;Conducente;1979;F;Illeso;0;;;
3649479;4;19/01/2018 07:15:00;;VIA GIOVANNI CONTI;da specificare;;;;PROSS. 1° INGRESSO MERCATO PROVENIENZA VIGNE NUOVE;Tamponamento Multiplo;;;;;;;;;;0;0;0;3;12,53208;41,95527;0;2;Autovettura privata;In marcia / fermata / arresto;Ford;Focus (D);Conducente;1969;M;Illeso;0;;;
3649479;4;19/01/2018 07:15:00;;VIA GIOVANNI CONTI;da specificare;;;;PROSS. 1° INGRESSO MERCATO PROVENIENZA VIGNE NUOVE;Tamponamento Multiplo;;;;;;;;;;0;0;0;3;12,53208;41,95527;0;3;Autovettura privata;In marcia / fermata / arresto;Fiat;Multipla;Conducente;1934;M;Illeso;0;;;
3649480;11;22/01/2018 08:45:00;Strada Urbana;VIA CRISTOFORO COLOMBO;in prossimità;;del palo luce n.;202;;Tamponamento;Rettilineo;Più di due carreggiate;Asciutto;Asfaltata;Verticale ed orizzontale;Sereno;Normale;Buona;Ore Diurne;2;0;0;4;;;0;1;Autovettura privata;In marcia / fermata / arresto;BMW;--;Conducente;1976;M;Illeso;0;;Non accertato;Inesploso
3649480;11;22/01/2018 08:45:00;Strada Urbana;VIA CRISTOFORO COLOMBO;in prossimità;;del palo luce n.;202;;Tamponamento;Rettilineo;Più di due carreggiate;Asciutto;Asfaltata;Verticale ed orizzontale;Sereno;Normale;Buona;Ore Diurne;2;0;0;4;;;0;2;Autovettura privata;In marcia / fermata / arresto;Fiat;Punto;Conducente;1958;M;Illeso;0;;Non accertato;Inesploso
3649480;11;22/01/2018 08:45:00;Strada Urbana;VIA CRISTOFORO COLOMBO;in prossimità;;del palo luce n.;202;;Tamponamento;Rettilineo;Più di due carreggiate;Asciutto;Asfaltata;Verticale ed orizzontale;Sereno;Normale;Buona;Ore Diurne;2;0;0;4;;;0;2;Autovettura privata;In marcia / fermata / arresto;Fiat;Punto;Passeggero;1952;F;Rimandato;0;NON DECEDUTO;;
3649480;11;22/01/2018 08:45:00;Strada Urbana;VIA CRISTOFORO COLOMBO;in prossimità;;del palo luce n.;202;;Tamponamento;Rettilineo;Più di due carreggiate;Asciutto;Asfaltata;Verticale ed orizzontale;Sereno;Normale;Buona;Ore Diurne;2;0;0;4;;;0;2;Autovettura privata;In marcia / fermata / arresto;Fiat;Punto;Passeggero;1959;F;Rimandato;0;NON DECEDUTO;Non accertato;Inesploso
3649480;11;22/01/2018 08:45:00;Strada Urbana;VIA CRISTOFORO COLOMBO;in prossimità;;del palo luce n.;202;;Tamponamento;Rettilineo;Più di due carreggiate;Asciutto;Asfaltata;Verticale ed orizzontale;Sereno;Normale;Buona;Ore Diurne;2;0;0;4;;;0;3;Autovettura privata;In marcia / fermata / arresto;Nissan;Micra;Conducente;1955;F;Illeso;0;;;
3649480;11;22/01/2018 08:45:00;Strada Urbana;VIA CRISTOFORO COLOMBO;in prossimità;;del palo luce n.;202;;Tamponamento;Rettilineo;Più di due carreggiate;Asciutto;Asfaltata;Verticale ed orizzontale;Sereno;Normale;Buona;Ore Diurne;2;0;0;4;;;0;4;Autovettura privata;In marcia / fermata / arresto;Fiat;Panda;Conducente;1963;F;Illeso;0;;;
3649483;1;20/01/2018 21:20:00;Strada Urbana;VIALE DI TRASTEVERE;all'intersezione con;PIAZZA GIUSEPPE GIOACHINO BELLI;PIAZZA GIUSEPPE GIOACHINO BELLI;;;Scontro frontale/laterale DX fra veicoli in marcia;Incrocio;Una carreggiata a senso unico di marcia;Asciutto;Asfaltata;Verticale ed orizzontale;Sereno;Normale;Sufficiente;Sufficiente;1;0;0;2;;;0;1;Autovettura privata;In marcia / fermata / arresto;Fiat;Panda;Conducente;1984;F;Illeso;0;;Non accertato;Inesploso
3649483;1;20/01/2018 21:20:00;Strada Urbana;VIALE DI TRASTEVERE;all'intersezione con;PIAZZA GIUSEPPE GIOACHINO BELLI;PIAZZA GIUSEPPE GIOACHINO BELLI;;;Scontro frontale/laterale DX fra veicoli in marcia;Incrocio;Una carreggiata a senso unico di marcia;Asciutto;Asfaltata;Verticale ed orizzontale;Sereno;Normale;Sufficiente;Sufficiente;1;0;0;2;;;0;1;Autovettura privata;In marcia / fermata / arresto;Fiat;Panda;Passeggero;1972;M;Illeso;0;;Non accertato;Inesploso
3649483;1;20/01/2018 21:20:00;Strada Urbana;VIALE DI TRASTEVERE;all'intersezione con;PIAZZA GIUSEPPE GIOACHINO BELLI;PIAZZA GIUSEPPE GIOACHINO BELLI;;;Scontro frontale/laterale DX fra veicoli in marcia;Incrocio;Una carreggiata a senso unico di marcia;Asciutto;Asfaltata;Verticale ed orizzontale;Sereno;Normale;Sufficiente;Sufficiente;1;0;0;2;;;0;2;Motociclo a solo;In marcia / fermata / arresto;Benelli;(ignoto);Conducente;1999;F;Rimandato;0;NON DECEDUTO;;
3649494;2;22/01/2018 06:50:00;;VIA DI S. COSTANZA;in prossimità;;del civico n.;55;;Scontro frontale/laterale SX fra veicoli in marcia;;;;;;;;;;1;0;0;1;;;0;1;Autocarro superiore 35 q.;In marcia / fermata / arresto;Fiat;Iveco Magirus;Conducente;1964;M;Illeso;0;;;
3649494;2;22/01/2018 06:50:00;;VIA DI S. COSTANZA;in prossimità;;del civico n.;55;;Scontro frontale/laterale SX fra veicoli in marcia;;;;;;;;;;1;0;0;1;;;0;2;Autovettura privata;In marcia / fermata / arresto;Honda;Civic;Conducente;1961;F;Rimandato;0;NON DECEDUTO;;
3649496;19;20/01/2018 19:50:00;;VIA DI BOCCEA;all'intersezione con;VIA VILLA DEL BOSCO;VIA VILLA DEL BOSCO;;;Tamponamento;;;;;;;;;;1;0;0;4;;;0;1;Motociclo a solo;In marcia / fermata / arresto;Kawasaki;Ninja;Conducente;1998;M;Rifiuta cure immediate;0;NON DECEDUTO;Non accertato;
3649496;19;20/01/2018 19:50:00;;VIA DI BOCCEA;all'intersezione con;VIA VILLA DEL BOSCO;VIA VILLA DEL BOSCO;;;Tamponamento;;;;;;;;;;1;0;0;4;;;0;2;Autovettura privata;In marcia / fermata / arresto;Renault;Clio;Conducente;1970;M;Illeso;0;;Non accertato;Inesploso
3649496;19;20/01/2018 19:50:00;;VIA DI BOCCEA;all'intersezione con;VIA VILLA DEL BOSCO;VIA VILLA DEL BOSCO;;;Tamponamento;;;;;;;;;;1;0;0;4;;;0;2;Autovettura privata;In marcia / fermata / arresto;Renault;Clio;Passeggero;1971;F;Illeso;0;;Non accertato;Inesploso
3649496;19;20/01/2018 19:50:00;;VIA DI BOCCEA;all'intersezione con;VIA VILLA DEL BOSCO;VIA VILLA DEL BOSCO;;;Tamponamento;;;;;;;;;;1;0;0;4;;;0;2;Autovettura privata;In marcia / fermata / arresto;Renault;Clio;Passeggero;2000;F;Illeso;0;;Non accertato;Inesploso
3649496;19;20/01/2018 19:50:00;;VIA DI BOCCEA;all'intersezione con;VIA VILLA DEL BOSCO;VIA VILLA DEL BOSCO;;;Tamponamento;;;;;;;;;;1;0;0;4;;;0;2;Autovettura privata;In marcia / fermata / arresto;Renault;Clio;Passeggero;2004;M;Illeso;0;;Non accertato;Inesploso
3649502;8;21/01/2018 10:50:00;Statale entro l'abitato;VIA CASILINA;all'intersezione semaforizzata con;VIA WALTER TOBAGI;VIA WALTER TOBAGI;;;Tamponamento Multiplo;Intersezione stradale segnalata;Una carreggiata a doppio senso;Asciutto;Asfaltata;Verticale ed orizzontale;Sereno;Normale;Buona;Ore Diurne;1;0;0;6;12,59685;41,86648;0;1;Autovettura privata;In marcia / fermata / arresto;Opel;Antara;Conducente;1983;M;Illeso;0;;Non utilizzato;Inesploso
3649502;8;21/01/2018 10:50:00;Statale entro l'abitato;VIA CASILINA;all'intersezione semaforizzata con;VIA WALTER TOBAGI;VIA WALTER TOBAGI;;;Tamponamento Multiplo;Intersezione stradale segnalata;Una carreggiata a doppio senso;Asciutto;Asfaltata;Verticale ed orizzontale;Sereno;Normale;Buona;Ore Diurne;1;0;0;6;12,59685;41,86648;0;2;Autovettura privata;In marcia / fermata / arresto;Fiat;Seicento;Conducente;1954;M;Rifiuta cure immediate;0;NON DECEDUTO;Non accertato;Inesploso
3649502;8;21/01/2018 10:50:00;Statale entro l'abitato;VIA CASILINA;all'intersezione semaforizzata con;VIA WALTER TOBAGI;VIA WALTER TOBAGI;;;Tamponamento Multiplo;Intersezione stradale segnalata;Una carreggiata a doppio senso;Asciutto;Asfaltata;Verticale ed orizzontale;Sereno;Normale;Buona;Ore Diurne;1;0;0;6;12,59685;41,86648;0;3;Autovettura privata;In marcia / fermata / arresto;Audi;Q 3;Conducente;1958;M;Illeso;0;;Non accertato;Inesploso
3649502;8;21/01/2018 10:50:00;Statale entro l'abitato;VIA CASILINA;all'intersezione semaforizzata con;VIA WALTER TOBAGI;VIA WALTER TOBAGI;;;Tamponamento Multiplo;Intersezione stradale segnalata;Una carreggiata a doppio senso;Asciutto;Asfaltata;Verticale ed orizzontale;Sereno;Normale;Buona;Ore Diurne;1;0;0;6;12,59685;41,86648;0;3;Autovettura privata;In marcia / fermata / arresto;Audi;Q 3;Passeggero;1962;F;Illeso;0;;Non accertato;Inesploso
3649502;8;21/01/2018 10:50:00;Statale entro l'abitato;VIA CASILINA;all'intersezione semaforizzata con;VIA WALTER TOBAGI;VIA WALTER TOBAGI;;;Tamponamento Multiplo;Intersezione stradale segnalata;Una carreggiata a doppio senso;Asciutto;Asfaltata;Verticale ed orizzontale;Sereno;Normale;Buona;Ore Diurne;1;0;0;6;12,59685;41,86648;0;3;Autovettura privata;In marcia / fermata / arresto;Audi;Q 3;Passeggero;1962;F;Illeso;0;;Non utilizzato;Inesploso
3649502;8;21/01/2018 10:50:00;Statale entro l'abitato;VIA CASILINA;all'intersezione semaforizzata con;VIA WALTER TOBAGI;VIA WALTER TOBAGI;;;Tamponamento Multiplo;Intersezione stradale segnalata;Una carreggiata a doppio senso;Asciutto;Asfaltata;Verticale ed orizzontale;Sereno;Normale;Buona;Ore Diurne;1;0;0;6;12,59685;41,86648;0;3;Autovettura privata;In marcia / fermata / arresto;Audi;Q 3;Passeggero;1962;M;Illeso;0;;Non accertato;Inesploso
3649502;8;21/01/2018 10:50:00;Statale entro l'abitato;VIA CASILINA;all'intersezione semaforizzata con;VIA WALTER TOBAGI;VIA WALTER TOBAGI;;;Tamponamento Multiplo;Intersezione stradale segnalata;Una carreggiata a doppio senso;Asciutto;Asfaltata;Verticale ed orizzontale;Sereno;Normale;Buona;Ore Diurne;1;0;0;6;12,59685;41,86648;0;3;Autovettura privata;In marcia / fermata / arresto;Audi;Q 3;Passeggero;1966;M;Illeso;0;;Non accertato;Inesploso
3649512;12;19/01/2018 15:40:00;;VIA DI TRIGORIA;all'intersezione con;VIA RAFFAELE DE FERRARI;VIA RAFFAELE DE FERRARI;;;Veicolo in marcia contro ostacolo accidentale;;;;;;;;;;0;0;0;1;;;0;1;Autovettura privata;In marcia / fermata / arresto;Audi;A8;Conducente;1960;M;Illeso;0;;;
3649519;4;20/01/2018 07:40:00;;VIALE JONIO;all'intersezione semaforizzata con;VIA DI VALLE MELAINA;VIA DI VALLE MELAINA;;;Scontro laterale fra veicoli in marcia;;;;;;;;;;0;0;0;3;;;0;1;Autobus turistico;In marcia / fermata / arresto;Neoplan;(ignoto);Conducente;1975;M;Illeso;0;;Non accertato;Inesploso
3649519;4;20/01/2018 07:40:00;;VIALE JONIO;all'intersezione semaforizzata con;VIA DI VALLE MELAINA;VIA DI VALLE MELAINA;;;Scontro laterale fra veicoli in marcia;;;;;;;;;;0;0;0;3;;;0;2;Autocarro inferiore 35 q.;In marcia / fermata / arresto;Fiat;Iveco;Conducente;1993;M;Illeso;0;;Non accertato;Inesploso
3649519;4;20/01/2018 07:40:00;;VIALE JONIO;all'intersezione semaforizzata con;VIA DI VALLE MELAINA;VIA DI VALLE MELAINA;;;Scontro laterale fra veicoli in marcia;;;;;;;;;;0;0;0;3;;;0;2;Autocarro inferiore 35 q.;In marcia / fermata / arresto;Fiat;Iveco;Passeggero;1996;F;Illeso;0;;Non accertato;Inesploso
3649520;1;20/01/2018 20:15:00;Strada Urbana;VIA MERULANA;in prossimità;;del civico n.;117;;Investimento di pedone;Rettilineo;Una carreggiata a doppio senso;Asciutto;Asfaltata;Verticale ed orizzontale;Sereno;Normale;Sufficiente;Sufficiente;1;0;0;4;;;0;;;;;;Pedone;1980;F;Rimandato;0;NON DECEDUTO;;
3649520;1;20/01/2018 20:15:00;Strada Urbana;VIA MERULANA;in prossimità;;del civico n.;117;;Investimento di pedone;Rettilineo;Una carreggiata a doppio senso;Asciutto;Asfaltata;Verticale ed orizzontale;Sereno;Normale;Sufficiente;Sufficiente;1;0;0;4;;;0;1;Autovettura privata;In marcia / fermata / arresto;Volvo;XC 90;Conducente;1964;M;Illeso;0;;Non accertato;Inesploso
3649520;1;20/01/2018 20:15:00;Strada Urbana;VIA MERULANA;in prossimità;;del civico n.;117;;Investimento di pedone;Rettilineo;Una carreggiata a doppio senso;Asciutto;Asfaltata;Verticale ed orizzontale;Sereno;Normale;Sufficiente;Sufficiente;1;0;0;4;;;0;1;Autovettura privata;In marcia / fermata / arresto;Volvo;XC 90;Passeggero;1999;F;Illeso;0;;Non accertato;Inesploso
3649520;1;20/01/2018 20:15:00;Strada Urbana;VIA MERULANA;in prossimità;;del civico n.;117;;Investimento di pedone;Rettilineo;Una carreggiata a doppio senso;Asciutto;Asfaltata;Verticale ed orizzontale;Sereno;Normale;Sufficiente;Sufficiente;1;0;0;4;;;0;1;Autovettura privata;In marcia / fermata / arresto;Volvo;XC 90;Passeggero;2000;F;Illeso;0;;Non accertato;Inesploso
3649520;1;20/01/2018 20:15:00;Strada Urbana;VIA MERULANA;in prossimità;;del civico n.;117;;Investimento di pedone;Rettilineo;Una carreggiata a doppio senso;Asciutto;Asfaltata;Verticale ed orizzontale;Sereno;Normale;Sufficiente;Sufficiente;1;0;0;4;;;0;1;Autovettura privata;In marcia / fermata / arresto;Volvo;XC 90;Passeggero;2001;M;Illeso;0;;Non accertato;Inesploso
3649560;4;21/01/2018 05:15:00;;VIA DELLA BUFALOTTA;in prossimità;;del civico n.;1281;;Veicolo in marcia contro ostacolo fisso;;;;;;;;;;0;0;0;1;12,55135;41,97928;0;1;Autovettura privata;In marcia / fermata / arresto;Fiat;Panda;Conducente;1992;M;Illeso;0;;;
3649565;18;21/01/2018 03:30:00;Statale;VIA AURELIA;da specificare;;;;KM 10.000 DIREZIONE FUORI;Veicolo in marcia contro ostacolo fisso;Curva a visuale libera;Due carreggiate;Bagnato (pioggia);Asfaltata;Verticale ed orizzontale;Nebbia;Scarso;Sufficiente;Sufficiente;1;0;0;0;12,38766;41,88643;0;1;Autovettura privata;In marcia / fermata / arresto;Fiat;Panda;Conducente;1989;M;Rimandato;0;NON DECEDUTO;;
3649579;19;22/01/2018 08:40:00;Strada Urbana;VIA DI CASAL DEL MARMO;in prossimità;;del civico n.;366 A;;Scontro frontale/laterale SX fra veicoli in marcia;Rettilineo;Una carreggiata a doppio senso;Asciutto;Asfaltata;Assente;Sereno;Intenso;Buona;Ore Diurne;1;0;0;1;12,39169;41,94626;0;1;Autovettura privata;In marcia / fermata / arresto;Citroen;C 3;Conducente;1971;F;Illeso;0;;Non accertato;Inesploso
3649579;19;22/01/2018 08:40:00;Strada Urbana;VIA DI CASAL DEL MARMO;in prossimità;;del civico n.;366 A;;Scontro frontale/laterale SX fra veicoli in marcia;Rettilineo;Una carreggiata a doppio senso;Asciutto;Asfaltata;Assente;Sereno;Intenso;Buona;Ore Diurne;1;0;0;1;12,39169;41,94626;0;2;Motociclo a solo;In marcia / fermata / arresto;Honda;SH 150;Conducente;1985;M;Rimandato;0;NON DECEDUTO;;
3649581;1;21/01/2018 03:30:00;Strada Urbana;CIRCONVALLAZIONE GIANICOLENSE;all'intersezione semaforizzata con;VIA S. GIROLAMO EMILIANI;VIA S. GIROLAMO EMILIANI;;;Scontro frontale/laterale SX fra veicoli in marcia;Intersezione semaforizzata;;;;;;;;;0;0;0;3;;;0;1;Autovettura privata;In marcia / fermata / arresto;Smart ;-;Conducente;1994;F;Illeso;0;;Non accertato;Inesploso
3649581;1;21/01/2018 03:30:00;Strada Urbana;CIRCONVALLAZIONE GIANICOLENSE;all'intersezione semaforizzata con;VIA S. GIROLAMO EMILIANI;VIA S. GIROLAMO EMILIANI;;;Scontro frontale/laterale SX fra veicoli in marcia;Intersezione semaforizzata;;;;;;;;;0;0;0;3;;;0;1;Autovettura privata;In marcia / fermata / arresto;Smart ;-;Passeggero;1991;F;Illeso;0;;Non accertato;Inesploso
3649581;1;21/01/2018 03:30:00;Strada Urbana;CIRCONVALLAZIONE GIANICOLENSE;all'intersezione semaforizzata con;VIA S. GIROLAMO EMILIANI;VIA S. GIROLAMO EMILIANI;;;Scontro frontale/laterale SX fra veicoli in marcia;Intersezione semaforizzata;;;;;;;;;0;0;0;3;;;0;2;Autovettura privata;In marcia / fermata / arresto;Daimler;(ignoto);Conducente;1986;M;Illeso;0;;Non accertato;Inesploso
3649593;10;22/01/2018 08:30:00;Strada Urbana;VIA ANAGNINA;da specificare;;;;prossimità Via Cropani;Scontro laterale fra veicoli in marcia;Rettilineo;Due carreggiate;Asciutto;Asfaltata;Verticale ed orizzontale;Sereno;Normale;Buona;Ore Diurne;1;0;0;0;;;0;1;Motociclo a solo;In marcia / fermata / arresto;Kawasaki;Z 650;Conducente;1986;M;Rifiuta cure immediate;0;NON DECEDUTO;Non accertato;
3649594;12;19/01/2018 20:48:00;;VIA DI VALLERANO;da specificare;;;;prossimità via galeffo;Veicolo in marcia contro ostacolo accidentale;;;;;;;;;;0;0;0;1;;;0;1;Autovettura privata;In marcia / fermata / arresto;Volkswagen;Polo;Conducente;1993;M;Illeso;0;;;
3649617;7;20/01/2018 01:10:00;Strada Urbana;VIALE ALESSANDRINO;all'intersezione con;VIA DEL PERGOLATO;VIA DEL PERGOLATO;;;Scontro frontale/laterale DX fra veicoli in marcia;Incrocio;Una carreggiata a doppio senso;Asciutto;Asfaltata;Verticale ed orizzontale;Sereno;Normale;Buona;Sufficiente;2;0;0;1;;;0;1;Autovettura privata;In marcia / fermata / arresto;Citroen;C 1;Conducente;1998;M;Illeso;0;;;
3649617;7;20/01/2018 01:10:00;Strada Urbana;VIALE ALESSANDRINO;all'intersezione con;VIA DEL PERGOLATO;VIA DEL PERGOLATO;;;Scontro frontale/laterale DX fra veicoli in marcia;Incrocio;Una carreggiata a doppio senso;Asciutto;Asfaltata;Verticale ed orizzontale;Sereno;Normale;Buona;Sufficiente;2;0;0;1;;;0;2;Autovettura privata;In marcia / fermata / arresto;Fiat;500;Conducente;1993;M;Rimandato;0;NON DECEDUTO;Non accertato;Inesploso
3649617;7;20/01/2018 01:10:00;Strada Urbana;VIALE ALESSANDRINO;all'intersezione con;VIA DEL PERGOLATO;VIA DEL PERGOLATO;;;Scontro frontale/laterale DX fra veicoli in marcia;Incrocio;Una carreggiata a doppio senso;Asciutto;Asfaltata;Verticale ed orizzontale;Sereno;Normale;Buona;Sufficiente;2;0;0;1;;;0;2;Autovettura privata;In marcia / fermata / arresto;Fiat;500;Passeggero;0;M;Rimandato;0;NON DECEDUTO;;
3649622;12;20/01/2018 10:00:00;;VIA DI DECIMA;da specificare;;;;altezza svincolo via pianeta terra dir ostiense;Scontro laterale fra veicoli in marcia;;;;;;;;;;0;0;0;2;;;0;1;Autovettura privata;In marcia / fermata / arresto;Toyota;Rav 4;Conducente;1950;M;Illeso;0;;;