Protocollo;Gruppo;DataOraIncidente;Localizzazione1;STRADA1;Localizzazione2;STRADA2;Strada02;Chilometrica;DaSpecificare;NaturaIncidente;particolaritastrade;TipoStrada;FondoStradale;Pavimentazione;Segnaletica;CondizioneAtmosferica;Traffico;Visibilita;Illuminazione;NUM_FERITI;NUM_RISERVATA;NUM_MORTI;NUM_ILLESI;Longitudine;Latitudine;Confermato;Progressivo;TipoVeicolo;StatoVeicolo;Marca;Modello;TipoPersona;AnnoNascita;Sesso;Tipolesione;Deceduto;DecedutoDopo;CinturaCascoUtilizzato;Airbag;
3652720;8;23/01/2018 17:45:00;Statale entro l'abitato;VIA CASILINA;in corrispondenza;;del civico n.;1804;;Scontro frontale/laterale SX fra veicoli in marcia;Rettilineo;Una carreggiata a doppio senso;Asciutto;Asfaltata;Verticale ed orizzontale;Sereno;Normale;Sufficiente;Sufficiente;2;0;0;3;12,68206;41,86279;0;2;Motociclo con passeggero;In marcia / fermata / arresto;Yamaha;XJ 600;Conducente;1968;M;Rifiuta cure immediate;0;NON DECEDUTO;Non accertato;
3652720;8;23/01/2018 17:45:00;Statale entro l'abitato;VIA CASILINA;in corrispondenza;;del civico n.;1804;;Scontro frontale/laterale SX fra veicoli in marcia;Rettilineo;Una carreggiata a doppio senso;Asciutto;Asfaltata;Verticale ed orizzontale;Sereno;Normale;Sufficiente;Sufficiente;2;0;0;3;12,68206;41,86279;0;2;Motociclo con passeggero;In marcia / fermata / arresto;Yamaha;XJ 600;Passeggero;1969;F;Rifiuta cure immediate;0;NON DECEDUTO;Non accertato;
3652726;17;23/01/2018 18:10:00;Strada Urbana;VIA MARCANTONIO BRAGADIN;all'intersezione con;VIA RUGGERO FIORE;VIA RUGGERO FIORE;;;Scontro frontale/laterale DX fra veicoli in marcia;Intersezione stradale segnalata;Una carreggiata a doppio senso;Asciutto;Asfaltata;Verticale ed orizzontale;Sereno;Normale;Sufficiente;Sufficiente;1;0;0;1;;;0;1;Motociclo a solo;In marcia / fermata / arresto;Piaggio;Beverly 300;Conducente;1994;M;Rifiuta cure immediate;0;NON DECEDUTO;;
3652726;17;23/01/2018 18:10:00;Strada Urbana;VIA MARCANTONIO BRAGADIN;all'intersezione con;VIA RUGGERO FIORE;VIA RUGGERO FIORE;;;Scontro frontale/laterale DX fra veicoli in marcia;Intersezione stradale segnalata;Una carreggiata a doppio senso;Asciutto;Asfaltata;Verticale ed orizzontale;Sereno;Normale;Sufficiente;Sufficiente;1;0;0;1;;;0;2;Autovettura privata;In marcia / fermata / arresto;Toyota;IQ;Conducente;1970;M;Illeso;0;;;
3652736;1;24/01/2018 07:10:00;Strada Urbana;PIAZZA D'ARACOELI;in prossimità;;del civico n.;1;;Veicolo in marcia contro ostacolo fisso;;Una carreggiata a senso unico di marcia;Asciutto;Acciotolata;Verticale ed orizzontale;Sereno;Normale;Buona;Ore Diurne;0;0;0;1;;;0;1;Autovettura privata;In marcia / fermata / arresto;Ford;Fiesta;Conducente;1928;F;Illeso;0;;;
3652748;8;23/01/2018 09:30:00;Strada Urbana;VIA DI TORRENOVA;da specificare;;;;alt. via Merope;Veicolo in marcia contro ostacolo accidentale;Rettilineo;Una carreggiata a doppio senso;Asciutto;Asfaltata;Verticale ed orizzontale;Sereno;Normale;Sufficiente;Ore Diurne;0;0;0;1;12,61853;41,87754;-1;1;Autovettura privata;In marcia / fermata / arresto;Mercedes;C 220;Conducente;1968;M;Illeso;0;;Non accertato;Inesploso
3652750;8;23/01/2018 05:20:00;Strada Urbana;VIA WALTER TOBAGI;da specificare;;;;fronte civico 15;Scontro laterale fra veicoli in marcia;Rettilineo;Una carreggiata a senso unico di marcia;Asciutto;Asfaltata;Verticale ed orizzontale;Sereno;Scarso;Buona;Sufficiente;0;0;0;2;12,59721;41,87545;0;1;Autovettura privata;In marcia / fermata / arresto;Fiat;500 L;Conducente;1965;M;Illeso;0;;Non accertato;Inesploso
3652750;8;23/01/2018 05:20:00;Strada Urbana;VIA WALTER TOBAGI;da specificare;;;;fronte civico 15;Scontro laterale fra veicoli in marcia;Rettilineo;Una carreggiata a senso unico di marcia;Asciutto;Asfaltata;Verticale ed orizzontale;Sereno;Scarso;Buona;Sufficiente;0;0;0;2;12,59721;41,87545;0;2;Autobus di linea;In marcia / fermata / arresto;Iveco;Cursor;Conducente;1969;M;Illeso;0;;Non accertato;Inesploso
3652751;8;23/01/2018 11:40:00;;VIA SANT'ELPIDIO A MARE;all'intersezione con;VIA CANTIANO;VIA CANTIANO;;;Scontro frontale/laterale DX fra veicoli in marcia;;;;;;;;;;2;0;0;0;12,72614;41,91832;0;1;Autovettura privata;In marcia / fermata / arresto;Peugeot;Bipper;Conducente;1959;M;Rimandato;0;NON DECEDUTO;;
3652751;8;23/01/2018 11:40:00;;VIA SANT'ELPIDIO A MARE;all'intersezione con;VIA CANTIANO;VIA CANTIANO;;;Scontro frontale/laterale DX fra veicoli in marcia;;;;;;;;;;2;0;0;0;12,72614;41,91832;0;2;Autovettura privata;In marcia / fermata / arresto;Lancia;Ypsilon;Conducente;1972;F;Rimandato;0;NON DECEDUTO;;
3652761;8;23/01/2018 16:45:00;Strada Urbana;VIA DOMENICO BECCAFUMI;all'intersezione con;VIA NICOLA SCARANO;VIA NICOLA SCARANO;;;Scontro frontale/laterale SX fra veicoli in marcia;Incrocio;Una carreggiata a senso unico di marcia;Asciutto;Asfaltata;Verticale;Sereno;Normale;Buona;Ore Diurne;1;0;0;1;12,62273;41,86636;0;1;Autovettura privata;In marcia / fermata / arresto;Chevrolet;Matiz;Conducente;1959;F;Rimandato;0;NON DECEDUTO;Non accertato;Inesploso
3652761;8;23/01/2018 16:45:00;Strada Urbana;VIA DOMENICO BECCAFUMI;all'intersezione con;VIA NICOLA SCARANO;VIA NICOLA SCARANO;;;Scontro frontale/laterale SX fra veicoli in marcia;Incrocio;Una carreggiata a senso unico di marcia;Asciutto;Asfaltata;Verticale;Sereno;Normale;Buona;Ore Diurne;1;0;0;1;12,62273;41,86636;0;2;Autovettura privata;In marcia / fermata / arresto;Fiat;Multipla;Conducente;1961;M;Illeso;0;;Non accertato;Inesploso
3652762;4;23/01/2018 10:40:00;;VIA NOMENTANA;da specificare;;;;IN PROSSIMITà DEL FRONTE CIVICO 1141/a;Scontro laterale fra veicoli in marcia;;;;;;;;;;0;0;0;5;;;0;1;Autocarro inferiore 35 q.;In marcia / fermata / arresto;Renault;Trafic;Conducente;1988;M;Illeso;0;;;
3652762;4;23/01/2018 10:40:00;;VIA NOMENTANA;da specificare;;;;IN PROSSIMITà DEL FRONTE CIVICO 1141/a;Scontro laterale fra veicoli in marcia;;;;;;;;;;0;0;0;5;;;0;2;Autovettura privata;In marcia / fermata / arresto;Ford;Tourneo;Conducente;1954;M;Illeso;0;;;
3652762;4;23/01/2018 10:40:00;;VIA NOMENTANA;da specificare;;;;IN PROSSIMITà DEL FRONTE CIVICO 1141/a;Scontro laterale fra veicoli in marcia;;;;;;;;;;0;0;0;5;;;0;2;Autovettura privata;In marcia / fermata / arresto;Ford;Tourneo;Passeggero;1946;M;Illeso;0;;;
3652762;4;23/01/2018 10:40:00;;VIA NOMENTANA;da specificare;;;;IN PROSSIMITà DEL FRONTE CIVICO 1141/a;Scontro laterale fra veicoli in marcia;;;;;;;;;;0;0;0;5;;;0;2;Autovettura privata;In marcia / fermata / arresto;Ford;Tourneo;Passeggero;1948;F;Illeso;0;;;
3652762;4;23/01/2018 10:40:00;;VIA NOMENTANA;da specificare;;;;IN PROSSIMITà DEL FRONTE CIVICO 1141/a;Scontro laterale fra veicoli in marcia;;;;;;;;;;0;0;0;5;;;0;3;Autovettura privata;In marcia / fermata / arresto;Alfa Romeo;156;Conducente;1962;M;Illeso;0;;;
3652827;4;23/01/2018 15:50:00;;VIA RENATO FUCINI;da specificare;;;;altezza via L. Capuana;Scontro frontale/laterale SX fra veicoli in marcia;;;;;;;;;;1;0;0;1;;;0;1;Autovettura privata;In marcia / fermata / arresto;Fiat;500;Conducente;1999;M;Illeso;0;;;
3652827;4;23/01/2018 15:50:00;;VIA RENATO FUCINI;da specificare;;;;altezza via L. Capuana;Scontro frontale/laterale SX fra veicoli in marcia;;;;;;;;;;1;0;0;1;;;0;2;Autovettura privata;In marcia / fermata / arresto;Fiat;Panda;Conducente;1991;F;Rifiuta cure immediate;0;NON DECEDUTO;;
3652832;17;23/01/2018 21:20:00;Strada Urbana;PIAZZALE CLODIO;all'intersezione semaforizzata con;VIALE GIUSEPPE MAZZINI;VIALE GIUSEPPE MAZZINI;;;Scontro frontale/laterale DX fra veicoli in marcia;Incrocio;Due carreggiate;Asciutto;Asfaltata;Verticale ed orizzontale;Sereno;Scarso;Sufficiente;Sufficiente;0;0;0;5;12,45492;41,91667;0;1;Autovettura privata;In marcia / fermata / arresto;Renault;Clio;Conducente;1995;M;Illeso;0;;;
3652832;17;23/01/2018 21:20:00;Strada Urbana;PIAZZALE CLODIO;all'intersezione semaforizzata con;VIALE GIUSEPPE MAZZINI;VIALE GIUSEPPE MAZZINI;;;Scontro frontale/laterale DX fra veicoli in marcia;Incrocio;Due carreggiate;Asciutto;Asfaltata;Verticale ed orizzontale;Sereno;Scarso;Sufficiente;Sufficiente;0;0;0;5;12,45492;41,91667;0;1;Autovettura privata;In marcia / fermata / arresto;Renault;Clio;Passeggero;1997;F;Illeso;0;;;
3652832;17;23/01/2018 21:20:00;Strada Urbana;PIAZZALE CLODIO;all'intersezione semaforizzata con;VIALE GIUSEPPE MAZZINI;VIALE GIUSEPPE MAZZINI;;;Scontro frontale/laterale DX fra veicoli in marcia;Incrocio;Due carreggiate;Asciutto;Asfaltata;Verticale ed orizzontale;Sereno;Scarso;Sufficiente;Sufficiente;0;0;0;5;12,45492;41,91667;0;1;Autovettura privata;In marcia / fermata / arresto;Renault;Clio;Passeggero;1997;M;Illeso;0;;;
3652832;17;23/01/2018 21:20:00;Strada Urbana;PIAZZALE CLODIO;all'intersezione semaforizzata con;VIALE GIUSEPPE MAZZINI;VIALE GIUSEPPE MAZZINI;;;Scontro frontale/laterale DX fra veicoli in marcia;Incrocio;Due carreggiate;Asciutto;Asfaltata;Verticale ed orizzontale;Sereno;Scarso;Sufficiente;Sufficiente;0;0;0;5;12,45492;41,91667;0;1;Autovettura privata;In marcia / fermata / arresto;Renault;Clio;Passeggero;1998;F;Illeso;0;;;
3652832;17;23/01/2018 21:20:00;Strada Urbana;PIAZZALE CLODIO;all'intersezione semaforizzata con;VIALE GIUSEPPE MAZZINI;VIALE GIUSEPPE MAZZINI;;;Scontro frontale/laterale DX fra veicoli in marcia;Incrocio;Due carreggiate;Asciutto;Asfaltata;Verticale ed orizzontale;Sereno;Scarso;Sufficiente;Sufficiente;0;0;0;5;12,45492;41,91667;0;2;Autovettura privata;In marcia / fermata / arresto;Smart ;-;Conducente;1967;M;Illeso;0;;;
3652843;12;23/01/2018 15:00:00;;VIALE DEGLI EROI DI RODI;in corrispondenza;;del civico n.;10;;Veicolo in marcia contro ostacolo accidentale;;;;;;;;;;0;0;0;1;;;0;1;Autovettura privata;In marcia / fermata / arresto;Renault;Clio;Conducente;1978;M;Illeso;0;;;
3652864;12;23/01/2018 16:20:00;;VIA LAURENTINA;da specificare;;;;ALT. ROTATORIA VIA DI TRIGORIA;Scontro laterale fra veicoli in marcia;;;;;;;;;;0;0;0;2;;;0;1;Autovettura privata;In marcia / fermata / arresto;Fiat;500;Conducente;1992;M;Illeso;0;;;
3652864;12;23/01/2018 16:20:00;;VIA LAURENTINA;da specificare;;;;ALT. ROTATORIA VIA DI TRIGORIA;Scontro laterale fra veicoli in marcia;;;;;;;;;;0;0;0;2;;;0;2;Autovettura privata;In marcia / fermata / arresto;Mercedes;140;Conducente;1996;F;Illeso;0;;;
3652878;10;24/01/2018 08:45:00;Strada Urbana;VIA DELLE CAPANNELLE;all'intersezione semaforizzata con;VIA APPIA NUOVA;VIA APPIA NUOVA;;;Scontro laterale fra veicoli in marcia;Intersezione semaforizzata;Due carreggiate;Asciutto;Asfaltata;Verticale ed orizzontale;Sereno;Normale;Sufficiente;Ore Diurne;0;0;0;2;;;0;1;Autocarro inferiore 35 q.;In marcia / fermata / arresto;Peugeot;Expert;Conducente;1970;M;Illeso;0;;Non accertato;Inesploso
3652878;10;24/01/2018 08:45:00;Strada Urbana;VIA DELLE CAPANNELLE;all'intersezione semaforizzata con;VIA APPIA NUOVA;VIA APPIA NUOVA;;;Scontro laterale fra veicoli in marcia;Intersezione semaforizzata;Due carreggiate;Asciutto;Asfaltata;Verticale ed orizzontale;Sereno;Normale;Sufficiente;Ore Diurne;0;0;0;2;;;0;2;Autovettura privata;In marcia / fermata / arresto;Fiat;500;Conducente;1974;M;Illeso;0;;Non accertato;Inesploso
3652906;4;23/01/2018 12:40:00;;VIA VALSAVARANCHE;da specificare;;;;altezza di Via Val D'Ala;Investimento di pedone;;;;;;;;;;1;0;0;1;;;0;;;;;;Pedone;1993;F;Rimandato;0;NON DECEDUTO;;
3652906;4;23/01/2018 12:40:00;;VIA VALSAVARANCHE;da specificare;;;;altezza di Via Val D'Ala;Investimento di pedone;;;;;;;;;;1;0;0;1;;;0;1;Autovettura privata;In marcia / fermata / arresto;BMW;320 D;Conducente;1935;M;Illeso;0;;;
3652911;23;23/01/2018 10:40:00;;PIAZZA FONTE DEGLI ACILII;all'intersezione con;VIA PINDARO;VIA PINDARO;;;Scontro frontale/laterale DX fra veicoli in marcia;;;;;;;;;;0;0;0;2;;;0;1;Autovettura privata;In marcia / fermata / arresto;Fiat;500 L;Conducente;1966;F;Illeso;0;;;
3652911;23;23/01/2018 10:40:00;;PIAZZA FONTE DEGLI ACILII;all'intersezione con;VIA PINDARO;VIA PINDARO;;;Scontro frontale/laterale DX fra veicoli in marcia;;;;;;;;;;0;0;0;2;;;0;1;Autovettura privata;In marcia / fermata / arresto;Fiat;500 L;Passeggero;1998;F;Illeso;0;;;
3652950;18;23/01/2018 15:50:00;;PIAZZA DI VILLA CARPEGNA;all'intersezione semaforizzata con;VIA DI TORRE ROSSA;VIA DI TORRE ROSSA;;;Scontro frontale fra veicoli in marcia;;;;;;;;;;0;0;0;2;12,42965;41,89537;0;1;Autovettura privata;In marcia / fermata / arresto;Ford;Fiesta;Conducente;0;F;Illeso;0;;;
3652950;18;23/01/2018 15:50:00;;PIAZZA DI VILLA CARPEGNA;all'intersezione semaforizzata con;VIA DI TORRE ROSSA;VIA DI TORRE ROSSA;;;Scontro frontale fra veicoli in marcia;;;;;;;;;;0;0;0;2;12,42965;41,89537;0;2;Motociclo a solo;In marcia / fermata / arresto;Honda;SH 150;Conducente;0;M;Illeso;0;;;
3652953;1;24/01/2018 09:10:00;Strada Urbana;VIA MARMORATA;all'intersezione con;VIA LUDOVICO DI VARTEMA';VIA LUDOVICO DI VARTEMA';;;Tamponamento;Incrocio;Una carreggiata a doppio senso;Asciutto;Asfaltata;Verticale ed orizzontale;Sereno;Normale;Buona;Ore Diurne;0;0;0;2;;;0;1;Autovettura pubblica;In marcia / fermata / arresto;Mercedes;VITO;Conducente;1961;M;Illeso;0;;Non accertato;
3652953;1;24/01/2018 09:10:00;Strada Urbana;VIA MARMORATA;all'intersezione con;VIA LUDOVICO DI VARTEMA';VIA LUDOVICO DI VARTEMA';;;Tamponamento;Incrocio;Una carreggiata a doppio senso;Asciutto;Asfaltata;Verticale ed orizzontale;Sereno;Normale;Buona;Ore Diurne;0;0;0;2;;;0;2;Autovettura privata;In marcia / fermata / arresto;Fiat;Panda;Conducente;1962;M;Illeso;0;;Non accertato;
3652957;18;23/01/2018 17:15:00;;VIA DI VAL CANNUTA;in corrispondenza;;del civico n.;30;;Scontro laterale fra veicoli in marcia;;;;;;;;;;0;0;0;2;12,41495;41,90179;0;1;Motociclo a solo;In marcia / fermata / arresto;Honda;SH 150;Conducente;0;M;Illeso;0;;;
3652957;18;23/01/2018 17:15:00;;VIA DI VAL CANNUTA;in corrispondenza;;del civico n.;30;;Scontro laterale fra veicoli in marcia;;;;;;;;;;0;0;0;2;12,41495;41,90179;0;2;Autovettura privata;In marcia / fermata / arresto;Fiat;500;Conducente;0;F;Illeso;0;;;
3652958;11;24/01/2018 10:00:00;Strada Urbana;VIA ARDEATINA;all'intersezione con;VICOLO DELLE SETTE CHIESE;VICOLO DELLE SETTE CHIESE;;;Scontro frontale/laterale DX fra veicoli in marcia;Incrocio;Una carreggiata a doppio senso;Asciutto;Asfaltata;Verticale ed orizzontale;Sereno;Normale;Buona;Ore Diurne;0;0;0;2;12,51023;41,85774;0;1;Motociclo a solo;In marcia / fermata / arresto;Yamaha;MT- 03;Conducente;1983;M;Illeso;0;;Non accertato;
3652958;11;24/01/2018 10:00:00;Strada Urbana;VIA ARDEATINA;all'intersezione con;VICOLO DELLE SETTE CHIESE;VICOLO DELLE SETTE CHIESE;;;Scontro frontale/laterale DX fra veicoli in marcia;Incrocio;Una carreggiata a doppio senso;Asciutto;Asfaltata;Verticale ed orizzontale;Sereno;Normale;Buona;Ore Diurne;0;0;0;2;12,51023;41,85774;0;2;Autovettura privata;In marcia / fermata / arresto;Fiat;Punto;Conducente;1983;F;Illeso;0;;Non accertato;Inesploso
3653025;3;23/01/2018 11:25:00;;VIALE DEL POLICLINICO;in prossimità;;del civico n.;151;;Veicolo in marcia contro veicolo arresto;;;;;;;;;;0;0;0;2;;;0;1;Autovettura privata;In marcia / fermata / arresto;Renault;Koleos;Conducente;0;M;Illeso;0;;;
3653025;3;23/01/2018 11:25:00;;VIALE DEL POLICLINICO;in prossimità;;del civico n.;151;;Veicolo in marcia contro veicolo arresto;;;;;;;;;;0;0;0;2;;;0;2;Autovettura privata;In marcia / fermata / arresto;Volkswagen;FOX;Conducente;0;M;Illeso;0;;;
3653028;9;24/01/2018 07:30:00;;VIA APPIA NUOVA;all'intersezione semaforizzata con;LARGO DEI COLLI ALBANI;LARGO DEI COLLI ALBANI;;;Scontro frontale/laterale DX fra veicoli in marcia;;;;;;;;;;2;0;0;0;12,52907;41,87006;0;1;Autovettura privata;In marcia / fermata / arresto;Skoda;Roomster;Conducente;1952;M;Rimandato;0;NON DECEDUTO;Non accertato;Inesploso
3653028;9;24/01/2018 07:30:00;;VIA APPIA NUOVA;all'intersezione semaforizzata con;LARGO DEI COLLI ALBANI;LARGO DEI COLLI ALBANI;;;Scontro frontale/laterale DX fra veicoli in marcia;;;;;;;;;;2;0;0;0;12,52907;41,87006;0;2;Autovettura privata;In marcia / fermata / arresto;Opel;Astra;Conducente;1990;M;Rimandato;0;NON DECEDUTO;Non accertato;Inesploso
3653030;9;24/01/2018 08:40:00;;VIA TUSCOLANA;all'intersezione con;VIA PATRICA;VIA PATRICA;;;Investimento di pedone;;;;;;;;;;2;0;0;0;12,54137;41,86676;0;;;;;;Pedone;1956;M;Rimandato;0;NON DECEDUTO;;
3653030;9;24/01/2018 08:40:00;;VIA TUSCOLANA;all'intersezione con;VIA PATRICA;VIA PATRICA;;;Investimento di pedone;;;;;;;;;;2;0;0;0;12,54137;41,86676;0;1;Motociclo a solo;In marcia / fermata / arresto;Kimco;People;Conducente;1955;F;Rimandato;0;NON DECEDUTO;;
3653043;3;23/01/2018 15:50:00;;PIAZZALE DI PORTA PIA;all'intersezione semaforizzata con;VIALE DEL POLICLINICO;VIALE DEL POLICLINICO;;;Scontro frontale fra veicoli in marcia;;;;;;;;;;1;0;0;1;;;0;1;Autovettura privata;In marcia / fermata / arresto;Daimler Smart;FORTWO COUPE;Conducente;0;F;Illeso;0;;;
3653043;3;23/01/2018 15:50:00;;PIAZZALE DI PORTA PIA;all'intersezione semaforizzata con;VIALE DEL POLICLINICO;VIALE DEL POLICLINICO;;;Scontro frontale fra veicoli in marcia;;;;;;;;;;1;0;0;1;;;0;2;Motociclo a solo;In marcia / fermata / arresto;Yamaha;XC300;Conducente;1952;M;Rifiuta cure immediate;0;NON DECEDUTO;Non accertato;
3653046;7;24/01/2018 08:40:00;Strada Urbana;VIA DI TOR TRE TESTE;all'intersezione semaforizzata con;VIA ROLANDO LANARI;VIA ROLANDO LANARI;;;Scontro laterale fra veicoli in marcia;Intersezione semaforizzata;Una carreggiata a doppio senso;Asciutto;Asfaltata;Verticale ed orizzontale;Sereno;Normale;Buona;Ore Diurne;0;0;0;2;12,59186;41,88156;0;1;Motociclo a solo;In marcia / fermata / arresto;Suzuki;Burgman 200;Conducente;1970;M;Illeso;0;;Non accertato;
3653046;7;24/01/2018 08:40:00;Strada Urbana;VIA DI TOR TRE TESTE;all'intersezione semaforizzata con;VIA ROLANDO LANARI;VIA ROLANDO LANARI;;;Scontro laterale fra veicoli in marcia;Intersezione semaforizzata;Una carreggiata a doppio senso;Asciutto;Asfaltata;Verticale ed orizzontale;Sereno;Normale;Buona;Ore Diurne;0;0;0;2;12,59186;41,88156;0;2;Autovettura privata;In marcia / fermata / arresto;Kia;Sportage;Conducente;1978;M;Illeso;0;;Non accertato;Inesploso
3653048;2;24/01/2018 09:45:00;;VIA DEL FORO ITALICO;da specificare;;;;fronte Via Foce dell'Aniene;Tamponamento Multiplo;;;;;;;;;;0;0;0;3;;;0;1;Autovettura privata;In marcia / fermata / arresto;Toyota;Yaris;Conducente;1976;F;Illeso;0;;;
3653048;2;24/01/2018 09:45:00;;VIA DEL FORO ITALICO;da specificare;;;;fronte Via Foce dell'Aniene;Tamponamento Multiplo;;;;;;;;;;0;0;0;3;;;0;2;Autovettura privata;In marcia / fermata / arresto;Opel;Zafira;Conducente;1979;M;Illeso;0;;;
3653048;2;24/01/2018 09:45:00;;VIA DEL FORO ITALICO;da specificare;;;;fronte Via Foce dell'Aniene;Tamponamento Multiplo;;;;;;;;;;0;0;0;3;;;0;3;Autovettura privata;In marcia / fermata / arresto;Audi;A4;Conducente;1963;M;Illeso;0;;;
3653050;3;23/01/2018 18:20:00;Strada Urbana;PIAZZALE DEL VERANO;in prossimità;;del civico n.;36;;Scontro laterale fra veicoli in marcia;Rotatoria;Una carreggiata a doppio senso;Asciutto;Asfaltata;Verticale ed orizzontale;Sereno;Normale;Buona;Sufficiente;0;0;0;2;;;0;1;Autovettura privata;In marcia / fermata / arresto;Volkswagen;Polo;Conducente;1981;F;Illeso;0;;Non accertato;Inesploso
3653050;3;23/01/2018 18:20:00;Strada Urbana;PIAZZALE DEL VERANO;in prossimità;;del civico n.;36;;Scontro laterale fra veicoli in marcia;Rotatoria;Una carreggiata a doppio senso;Asciutto;Asfaltata;Verticale ed orizzontale;Sereno;Normale;Buona;Sufficiente;0;0;0;2;;;0;2;Autovettura privata;In marcia / fermata / arresto;Nissan;Micra;Conducente;1940;M;Illeso;0;;Non accertato;Inesploso
3653053;7;24/01/2018 10:30:00;Strada Urbana;VIA DEI PIOPPI;in prossimità;;del civico n.;90;;Scontro laterale fra veicoli in marcia;Rettilineo;Una carreggiata a senso unico di marcia;Asciutto;Asfaltata;Assente;Sereno;Normale;Buona;Ore Diurne;0;0;0;3;12,57365;41,87821;0;1;Autovettura privata;In marcia / fermata / arresto;Ford;Fiesta;Conducente;1943;M;Illeso;0;;Non accertato;Inesploso
3653053;7;24/01/2018 10:30:00;Strada Urbana;VIA DEI PIOPPI;in prossimità;;del civico n.;90;;Scontro laterale fra veicoli in marcia;Rettilineo;Una carreggiata a senso unico di marcia;Asciutto;Asfaltata;Assente;Sereno;Normale;Buona;Ore Diurne;0;0;0;3;12,57365;41,87821;0;2;Autovettura privata;In marcia / fermata / arresto;Daimler Chrysler Mercedes;Classe  A180;Conducente;1981;M;Illeso;0;;Non accertato;Inesploso
3653053;7;24/01/2018 10:30:00;Strada Urbana;VIA DEI PIOPPI;in prossimità;;del civico n.;90;;Scontro laterale fra veicoli in marcia;Rettilineo;Una carreggiata a senso unico di marcia;Asciutto;Asfaltata;Assente;Sereno;Normale;Buona;Ore Diurne;0;0;0;3;12,57365;41,87821;0;2;Autovettura privata;In marcia / fermata / arresto;Daimler Chrysler Mercedes;Classe  A180;Passeggero;1985;F;Illeso;0;;Non accertato;Inesploso
3653057;3;24/01/2018 05:50:00;Strada Urbana;VIALE DELLO SCALO S. LORENZO;all'intersezione con;VIA DEI RETI;VIA DEI RETI;;;Scontro frontale/laterale SX fra veicoli in marcia;Incrocio;Più di due carreggiate;Asciutto;Asfaltata;Verticale ed orizzontale;Sereno;Intenso;Sufficiente;Sufficiente;0;0;0;2;;;0;1;Vettura tranviaria;In marcia / fermata / arresto;(ignoto);(ignoto);Conducente;1968;M;Illeso;0;;Esente;
3653057;3;24/01/2018 05:50:00;Strada Urbana;VIALE DELLO SCALO S. LORENZO;all'intersezione con;VIA DEI RETI;VIA DEI RETI;;;Scontro frontale/laterale SX fra veicoli in marcia;Incrocio;Più di due carreggiate;Asciutto;Asfaltata;Verticale ed orizzontale;Sereno;Intenso;Sufficiente;Sufficiente;0;0;0;2;;;0;2;Autovettura privata;In marcia / fermata / arresto;Fiat;Panda;Conducente;1957;F;Illeso;0;;Non accertato;Inesploso
3653105;15;23/01/2018 13:00:00;;VIA CAMPAGNATICO;all'intersezione con;VIA DI S. RAFFAELE;VIA DI S. RAFFAELE;;;Scontro laterale fra veicoli in marcia;;;;;;;;;;1;0;0;0;;;0;1;Autovettura privata;In marcia / fermata / arresto;(ignoto);(non accertato);Conducente;0;F;Rifiuta cure immediate;0;NON DECEDUTO;;
3653125;17;23/01/2018 23:00:00;Strada Urbana;VIALE DELLO STADIO OLIMPICO;da specificare;;;;in prossimità palo luce n: 29;Veicolo in marcia contro ostacolo fisso;Curva a visuale libera;Una carreggiata a senso unico di marcia;Asciutto;Asfaltata;Orizzontale;Sereno;Normale;Buona;Sufficiente;1;0;0;0;;;0;1;Motociclo a solo;In marcia / fermata / arresto;Piaggio;Beverly;Conducente;1980;M;Rimandato;0;NON DECEDUTO;;
3653145;7;24/01/2018 07:55:00;;PIAZZA DELLE CONIFERE;all'intersezione con;VIA DELLE ROBINIE;VIA DELLE ROBINIE;;;Scontro frontale/laterale SX fra veicoli in marcia;;;;;;;;;;0;0;0;2;;;0;1;Autovettura privata;In marcia / fermata / arresto;Renault;Captur;Conducente;1961;F;Illeso;0;;Non accertato;Inesploso
3653145;7;24/01/2018 07:55:00;;PIAZZA DELLE CONIFERE;all'intersezione con;VIA DELLE ROBINIE;VIA DELLE ROBINIE;;;Scontro frontale/laterale SX fra veicoli in marcia;;;;;;;;;;0;0;0;2;;;0;2;Autovettura privata;In marcia / fermata / arresto;Mercedes;Smart Fortwo;Conducente;1979;M;Illeso;0;;Non accertato;Inesploso
3653198;17;24/01/2018 11:10:00;Strada Urbana;VIA GIUSEPPE FERRARI;da specificare;;;;fronte civico 12;Scontro laterale fra veicoli in marcia;Rettilineo;Una carreggiata a doppio senso;Asciutto;Asfaltata;Verticale ed orizzontale;Sereno;Normale;Buona;Ore Diurne;1;0;0;1;12,46447;41,91422;0;1;Autovettura privata;In marcia / fermata / arresto;Nissan;Micra;Conducente;1973;F;Illeso;0;;;
3653198;17;24/01/2018 11:10:00;Strada Urbana;VIA GIUSEPPE FERRARI;da specificare;;;;fronte civico 12;Scontro laterale fra veicoli in marcia;Rettilineo;Una carreggiata a doppio senso;Asciutto;Asfaltata;Verticale ed orizzontale;Sereno;Normale;Buona;Ore Diurne;1;0;0;1;12,46447;41,91422;0;2;Motociclo a solo;In marcia / fermata / arresto;Kymco;People 125;Conducente;1976;F;Rimandato;0;NON DECEDUTO;;