Protocollo;Gruppo;DataOraIncidente;Localizzazione1;STRADA1;Localizzazione2;STRADA2;Strada02;Chilometrica;DaSpecificare;NaturaIncidente;particolaritastrade;TipoStrada;FondoStradale;Pavimentazione;Segnaletica;CondizioneAtmosferica;Traffico;Visibilita;Illuminazione;NUM_FERITI;NUM_RISERVATA;NUM_MORTI;NUM_ILLESI;Longitudine;Latitudine;Confermato;Progressivo;TipoVeicolo;StatoVeicolo;Marca;Modello;TipoPersona;AnnoNascita;Sesso;Tipolesione;Deceduto;DecedutoDopo;CinturaCascoUtilizzato;Airbag;
3654496;2;24/01/2018 19:10:00;;LARGO ALESSANDRO VESSELLA;in prossimità;;del civico n.;27;;Veicolo in marcia contro veicolo fermo;;;;;;;;;;0;0;0;1;;;0;1;Autovettura privata;In marcia / fermata / arresto;Dacia;Sandero;Conducente;1965;M;Illeso;0;;;
3654499;2;24/01/2018 19:45:00;;VIALE SOMALIA;in prossimità;;del civico n.;76;;Scontro laterale fra veicoli in marcia;;;;;;;;;;0;0;0;3;;;0;1;Autocarro superiore 35 q.;In marcia / fermata / arresto;Iveco;Magirus;Conducente;1976;M;Illeso;0;;;
3654499;2;24/01/2018 19:45:00;;VIALE SOMALIA;in prossimità;;del civico n.;76;;Scontro laterale fra veicoli in marcia;;;;;;;;;;0;0;0;3;;;0;2;Autovettura privata;In marcia / fermata / arresto;Volkswagen;Polo;Conducente;1975;M;Illeso;0;;;
3654499;2;24/01/2018 19:45:00;;VIALE SOMALIA;in prossimità;;del civico n.;76;;Scontro laterale fra veicoli in marcia;;;;;;;;;;0;0;0;3;;;0;2;Autovettura privata;In marcia / fermata / arresto;Volkswagen;Polo;Passeggero;0;M;Illeso;0;;;
3654500;2;24/01/2018 22:00:00;;PIAZZA GONDAR;all'intersezione con;VIALE SOMALIA;VIALE SOMALIA;;;Scontro laterale fra veicoli in marcia;;;;;;;;;;0;0;0;2;;;0;1;Autovettura privata;In marcia / fermata / arresto;Volvo;V 70;Conducente;1962;M;Illeso;0;;;
3654500;2;24/01/2018 22:00:00;;PIAZZA GONDAR;all'intersezione con;VIALE SOMALIA;VIALE SOMALIA;;;Scontro laterale fra veicoli in marcia;;;;;;;;;;0;0;0;2;;;0;2;Autovettura privata;In marcia / fermata / arresto;Opel;Corsa;Conducente;1974;M;Illeso;0;;;
3654508;9;25/01/2018 08:20:00;;VIA TOMMASO DA CELANO;in prossimità;;del civico n.;119;;Investimento di pedone;;;;;;;;;;1;0;0;1;;;0;;;;;;Pedone;1959;F;Rimandato;0;NON DECEDUTO;;
3654508;9;25/01/2018 08:20:00;;VIA TOMMASO DA CELANO;in prossimità;;del civico n.;119;;Investimento di pedone;;;;;;;;;;1;0;0;1;;;0;1;Autovettura privata;In marcia / fermata / arresto;Mercedes;Smart Fortwo Coupè;Conducente;0;M;Illeso;0;;;
3654540;1;24/01/2018 20:00:00;Strada Urbana;VIA CRISTOFORO COLOMBO;all'intersezione semaforizzata con;VIALE DI PORTA ARDEATINA;VIALE DI PORTA ARDEATINA;;;Scontro laterale fra veicoli in marcia;Intersezione semaforizzata;Una carreggiata a doppio senso;Asciutto;Asfaltata;Verticale ed orizzontale;Sereno;Normale;Sufficiente;Sufficiente;0;0;0;3;;;0;1;Autovettura privata;In marcia / fermata / arresto;Fiat;Punto;Conducente;1968;M;Illeso;0;;Non accertato;
3654540;1;24/01/2018 20:00:00;Strada Urbana;VIA CRISTOFORO COLOMBO;all'intersezione semaforizzata con;VIALE DI PORTA ARDEATINA;VIALE DI PORTA ARDEATINA;;;Scontro laterale fra veicoli in marcia;Intersezione semaforizzata;Una carreggiata a doppio senso;Asciutto;Asfaltata;Verticale ed orizzontale;Sereno;Normale;Sufficiente;Sufficiente;0;0;0;3;;;0;1;Autovettura privata;In marcia / fermata / arresto;Fiat;Punto;Passeggero;1957;M;Illeso;0;;Non accertato;
3654540;1;24/01/2018 20:00:00;Strada Urbana;VIA CRISTOFORO COLOMBO;all'intersezione semaforizzata con;VIALE DI PORTA ARDEATINA;VIALE DI PORTA ARDEATINA;;;Scontro laterale fra veicoli in marcia;Intersezione semaforizzata;Una carreggiata a doppio senso;Asciutto;Asfaltata;Verticale ed orizzontale;Sereno;Normale;Sufficiente;Sufficiente;0;0;0;3;;;0;2;Autovettura privata;In marcia / fermata / arresto;Toyota;I Q;Conducente;1994;M;Illeso;0;;Non accertato;
3654554;16;24/01/2018 11:20:00;;VIA FRANCESCO VETTORI;in corrispondenza;;del civico n.;7;;Scontro laterale fra veicoli in marcia;;;;;;;;;;0;0;0;2;;;0;1;Autovettura privata;In marcia / fermata / arresto;Citroen;C 3;Conducente;0;M;Illeso;0;;;
3654554;16;24/01/2018 11:20:00;;VIA FRANCESCO VETTORI;in corrispondenza;;del civico n.;7;;Scontro laterale fra veicoli in marcia;;;;;;;;;;0;0;0;2;;;0;2;Autovettura privata;In marcia / fermata / arresto;Toyota;Aygo;Conducente;0;M;Illeso;0;;;
3654558;23;24/01/2018 08:50:00;Comunale extraurbana;VIA CRISTOFORO COLOMBO;all'intersezione semaforizzata con;VIA DI ACILIA;VIA DI ACILIA;;;Scontro laterale fra veicoli in marcia;Intersezione semaforizzata;Più di due carreggiate;Asciutto;Asfaltata;Verticale ed orizzontale;Sereno;Intenso;Buona;Ore Diurne;1;0;0;1;12,3834;41,76523;0;1;Motociclo a solo;In marcia / fermata / arresto;Honda;SH 150;Conducente;1991;M;Rimandato;0;NON DECEDUTO;;
3654558;23;24/01/2018 08:50:00;Comunale extraurbana;VIA CRISTOFORO COLOMBO;all'intersezione semaforizzata con;VIA DI ACILIA;VIA DI ACILIA;;;Scontro laterale fra veicoli in marcia;Intersezione semaforizzata;Più di due carreggiate;Asciutto;Asfaltata;Verticale ed orizzontale;Sereno;Intenso;Buona;Ore Diurne;1;0;0;1;12,3834;41,76523;0;2;Autovettura privata;In marcia / fermata / arresto;Volkswagen;Passat;Conducente;1964;M;Illeso;0;;Non accertato;Inesploso
3654563;7;24/01/2018 19:15:00;;PIAZZA DELLE CAMELIE;da specificare;;;;fronte civico 40;Veicolo in marcia contro veicolo fermo;;;;;;;;;;0;0;0;2;;;0;1;Autovettura privata;In marcia / fermata / arresto;Volkswagen;Touran;Conducente;1981;M;Illeso;0;;Non accertato;Inesploso
3654563;7;24/01/2018 19:15:00;;PIAZZA DELLE CAMELIE;da specificare;;;;fronte civico 40;Veicolo in marcia contro veicolo fermo;;;;;;;;;;0;0;0;2;;;0;2;Autocarro inferiore 35 q.;In marcia / fermata / arresto;Fiat;Fiorino;Conducente;1961;M;Illeso;0;;Non accertato;Inesploso
3654570;4;24/01/2018 18:00:00;;VIA RENATO FUCINI;all'intersezione con;VIA UMBERTO FRACCHIA;VIA UMBERTO FRACCHIA;;;Scontro laterale fra veicoli in marcia;;;;;;;;;;0;0;0;3;12,54946;41,94985;0;1;Autovettura privata;In marcia / fermata / arresto;Fiat;Bravo;Conducente;1964;F;Illeso;0;;;
3654570;4;24/01/2018 18:00:00;;VIA RENATO FUCINI;all'intersezione con;VIA UMBERTO FRACCHIA;VIA UMBERTO FRACCHIA;;;Scontro laterale fra veicoli in marcia;;;;;;;;;;0;0;0;3;12,54946;41,94985;0;1;Autovettura privata;In marcia / fermata / arresto;Fiat;Bravo;Passeggero;1992;M;Illeso;0;;;
3654570;4;24/01/2018 18:00:00;;VIA RENATO FUCINI;all'intersezione con;VIA UMBERTO FRACCHIA;VIA UMBERTO FRACCHIA;;;Scontro laterale fra veicoli in marcia;;;;;;;;;;0;0;0;3;12,54946;41,94985;0;2;Autovettura privata;In marcia / fermata / arresto;Volkswagen;Golf;Conducente;1990;M;Illeso;0;;;
3654576;1;23/01/2018 23:00:00;Strada Urbana;VIA BELSIANA;in corrispondenza;;del civico n.;57;;Investimento di pedone;Rettilineo;Una carreggiata a senso unico di marcia;Asciutto;In cubetti di porfido;Verticale;Sereno;Scarso;Sufficiente;Sufficiente;0;0;0;2;;;0;;;;;;Pedone;1972;M;Illeso;0;;;
3654576;1;23/01/2018 23:00:00;Strada Urbana;VIA BELSIANA;in corrispondenza;;del civico n.;57;;Investimento di pedone;Rettilineo;Una carreggiata a senso unico di marcia;Asciutto;In cubetti di porfido;Verticale;Sereno;Scarso;Sufficiente;Sufficiente;0;0;0;2;;;0;1;Autovettura privata;In marcia / fermata / arresto;Mercedes;VITO;Conducente;1975;M;Illeso;0;;Non accertato;Inesploso
3654579;16;24/01/2018 10:30:00;;PIAZZA DI DONNA OLIMPIA;all'intersezione semaforizzata con;VIA DI DONNA OLIMPIA;VIA DI DONNA OLIMPIA;;;Scontro frontale/laterale DX fra veicoli in marcia;;;;;;;;;;0;0;0;2;;;0;1;Autovettura privata;In marcia / fermata / arresto;Ford;Fiesta;Conducente;0;M;Illeso;0;;;
3654579;16;24/01/2018 10:30:00;;PIAZZA DI DONNA OLIMPIA;all'intersezione semaforizzata con;VIA DI DONNA OLIMPIA;VIA DI DONNA OLIMPIA;;;Scontro frontale/laterale DX fra veicoli in marcia;;;;;;;;;;0;0;0;2;;;0;2;Autovettura privata;In marcia / fermata / arresto;BMW;(non accertato);Conducente;0;M;Illeso;0;;;
3654604;12;22/01/2018 18:30:00;;VIA LAURENTINA;da specificare;;;;km 13.050;Veicolo in marcia contro ostacolo accidentale;;;;;;;;;;0;0;0;1;12,50918;41,72716;0;1;Autovettura privata;In marcia / fermata / arresto;Volkswagen;Golf;Conducente;1991;M;Illeso;0;;;
3654610;16;24/01/2018 11:15:00;;VIA DELLA PISANA;in prossimità;;del civico n.;279A;;Veicolo in marcia contro veicolo fermo;;;;;;;;;;0;0;0;2;;;0;1;Autovettura privata;In marcia / fermata / arresto;Ford;Fiesta;Conducente;0;M;Illeso;0;;;
3654610;16;24/01/2018 11:15:00;;VIA DELLA PISANA;in prossimità;;del civico n.;279A;;Veicolo in marcia contro veicolo fermo;;;;;;;;;;0;0;0;2;;;0;2;Autovettura privata;In marcia / fermata / arresto;Lancia;Dedra;Conducente;0;M;Illeso;0;;;
3654622;23;24/01/2018 15:15:00;;PIAZZALE MARESCIALLO DIAZ;all'intersezione semaforizzata con;VIALE ANTONINO DI SAN GIULIANO;VIALE ANTONINO DI SAN GIULIANO;;;Veicolo in marcia contro ostacolo fisso;;;;;;;;;;0;0;0;1;;;0;1;Quadriciclo leggero;In marcia / fermata / arresto;Ligier;(ignoto);Conducente;2002;M;Illeso;0;;;
3654636;16;24/01/2018 18:25:00;;VIA SILVESTRI;da specificare;;;;altezza VIA DEL FORTE BRAVETTA;Scontro frontale/laterale DX fra veicoli in marcia;;;;;;;;;;0;0;0;2;;;0;1;Autovettura privata;In marcia / fermata / arresto;Fiat;Punto;Conducente;0;M;Illeso;0;;;
3654636;16;24/01/2018 18:25:00;;VIA SILVESTRI;da specificare;;;;altezza VIA DEL FORTE BRAVETTA;Scontro frontale/laterale DX fra veicoli in marcia;;;;;;;;;;0;0;0;2;;;0;2;Autovettura privata;In marcia / fermata / arresto;Ford;Fiesta;Conducente;0;M;Illeso;0;;;
3654639;12;22/01/2018 18:30:00;Altra strada;VIA DI S. FUMIA;in prossimità;;del palo luce n.;58;;Veicolo in marcia contro ostacolo accidentale;Rettilineo;Una carreggiata a doppio senso;Asciutto;Asfaltata;Assente;Sereno;Scarso;Insufficiente;Inesistente;0;0;0;1;;;0;1;Autovettura privata;In marcia / fermata / arresto;Alfa Romeo;147;Conducente;1993;M;Illeso;0;;;
3654655;16;24/01/2018 20:30:00;;VIA GIACINTO CARINI;all'intersezione con;VIA GABRIELE ROSSETTI;VIA GABRIELE ROSSETTI;;;Scontro frontale/laterale SX fra veicoli in marcia;;;;;;;;;;1;0;0;1;;;0;1;Autovettura privata;In marcia / fermata / arresto;Nissan;Micra;Conducente;0;M;Illeso;0;;;
3654655;16;24/01/2018 20:30:00;;VIA GIACINTO CARINI;all'intersezione con;VIA GABRIELE ROSSETTI;VIA GABRIELE ROSSETTI;;;Scontro frontale/laterale SX fra veicoli in marcia;;;;;;;;;;1;0;0;1;;;0;2;Motociclo a solo;In marcia / fermata / arresto;Kimco;People;Conducente;0;M;Rimandato;0;NON DECEDUTO;;
3654688;12;24/01/2018 10:45:00;;VIA LAURENTINA;da specificare;;;;877 ( all'interno dell'isola ecologica);Investimento di pedone;;;;;;;;;;0;0;0;2;;;0;;;;;;Pedone;1972;M;Illeso;0;;;
3654688;12;24/01/2018 10:45:00;;VIA LAURENTINA;da specificare;;;;877 ( all'interno dell'isola ecologica);Investimento di pedone;;;;;;;;;;0;0;0;2;;;0;1;Autovettura privata;In marcia / fermata / arresto;Citroen;C 6;Conducente;1936;M;Illeso;0;;;
3654699;12;23/01/2018 15:00:00;;VIALE DON PASQUINO BORGHI;in corrispondenza;;del palo luce n.;20;;Scontro laterale fra veicoli in marcia;;;;;;;;;;0;0;0;2;;;0;1;Autovettura privata;In marcia / fermata / arresto;Ford;Fiesta;Conducente;1973;F;Illeso;0;;;
3654699;12;23/01/2018 15:00:00;;VIALE DON PASQUINO BORGHI;in corrispondenza;;del palo luce n.;20;;Scontro laterale fra veicoli in marcia;;;;;;;;;;0;0;0;2;;;0;2;Motociclo a solo;In marcia / fermata / arresto;Honda;SH 300;Conducente;0;M;Illeso;0;;;
3654710;6;25/01/2018 10:10:00;Strada Urbana;VIA DI ACQUA BULLICANTE;in prossimità;;del civico n.;248;;Tamponamento Multiplo;Rettilineo;Una carreggiata a doppio senso;Asciutto;Asfaltata;Orizzontale;Sereno;Normale;Buona;Ore Diurne;1;0;0;4;12,54259;41,88878;0;1;Autovettura privata;In marcia / fermata / arresto;Fiat;Punto;Conducente;1963;F;Illeso;0;;Non accertato;Inesploso
3654710;6;25/01/2018 10:10:00;Strada Urbana;VIA DI ACQUA BULLICANTE;in prossimità;;del civico n.;248;;Tamponamento Multiplo;Rettilineo;Una carreggiata a doppio senso;Asciutto;Asfaltata;Orizzontale;Sereno;Normale;Buona;Ore Diurne;1;0;0;4;12,54259;41,88878;0;1;Autovettura privata;In marcia / fermata / arresto;Fiat;Punto;Passeggero;1992;F;Rimandato;0;NON DECEDUTO;Non accertato;Inesploso
3654710;6;25/01/2018 10:10:00;Strada Urbana;VIA DI ACQUA BULLICANTE;in prossimità;;del civico n.;248;;Tamponamento Multiplo;Rettilineo;Una carreggiata a doppio senso;Asciutto;Asfaltata;Orizzontale;Sereno;Normale;Buona;Ore Diurne;1;0;0;4;12,54259;41,88878;0;2;Autovettura privata;In marcia / fermata / arresto;Ford;Focus;Conducente;1969;F;Illeso;0;;Non accertato;Inesploso
3654710;6;25/01/2018 10:10:00;Strada Urbana;VIA DI ACQUA BULLICANTE;in prossimità;;del civico n.;248;;Tamponamento Multiplo;Rettilineo;Una carreggiata a doppio senso;Asciutto;Asfaltata;Orizzontale;Sereno;Normale;Buona;Ore Diurne;1;0;0;4;12,54259;41,88878;0;3;Autovettura privata;In marcia / fermata / arresto;Renault;Clio;Conducente;1990;M;Illeso;0;;Non accertato;Inesploso
3654710;6;25/01/2018 10:10:00;Strada Urbana;VIA DI ACQUA BULLICANTE;in prossimità;;del civico n.;248;;Tamponamento Multiplo;Rettilineo;Una carreggiata a doppio senso;Asciutto;Asfaltata;Orizzontale;Sereno;Normale;Buona;Ore Diurne;1;0;0;4;12,54259;41,88878;0;4;Autovettura privata;In marcia / fermata / arresto;Fiat;500 L;Conducente;1996;F;Illeso;0;;Non accertato;Inesploso
3654715;11;25/01/2018 11:30:00;Strada Urbana;VIALE ERMINIO SPALLA;all'intersezione con;VIA DI GROTTA PERFETTA;VIA DI GROTTA PERFETTA;;;Tamponamento;Intersezione stradale segnalata;Una carreggiata a doppio senso;Asciutto;Asfaltata;Verticale ed orizzontale;Sereno;Normale;Buona;Ore Diurne;0;0;0;3;12,51493;41,83238;0;1;Autovettura privata;In marcia / fermata / arresto;Fiat;Panda;Conducente;1968;F;Illeso;0;;Non accertato;Inesploso
3654715;11;25/01/2018 11:30:00;Strada Urbana;VIALE ERMINIO SPALLA;all'intersezione con;VIA DI GROTTA PERFETTA;VIA DI GROTTA PERFETTA;;;Tamponamento;Intersezione stradale segnalata;Una carreggiata a doppio senso;Asciutto;Asfaltata;Verticale ed orizzontale;Sereno;Normale;Buona;Ore Diurne;0;0;0;3;12,51493;41,83238;0;2;Autovettura privata;In marcia / fermata / arresto;Nissan;Micra;Conducente;1953;F;Illeso;0;;Non accertato;Inesploso
3654715;11;25/01/2018 11:30:00;Strada Urbana;VIALE ERMINIO SPALLA;all'intersezione con;VIA DI GROTTA PERFETTA;VIA DI GROTTA PERFETTA;;;Tamponamento;Intersezione stradale segnalata;Una carreggiata a doppio senso;Asciutto;Asfaltata;Verticale ed orizzontale;Sereno;Normale;Buona;Ore Diurne;0;0;0;3;12,51493;41,83238;0;2;Autovettura privata;In marcia / fermata / arresto;Nissan;Micra;Passeggero;1941;F;Illeso;0;;Non accertato;Inesploso
3654729;7;24/01/2018 15:50:00;;VIA PRENESTINA;all'intersezione con;VIA RINA MONTI;VIA RINA MONTI;;;Scontro frontale/laterale DX fra veicoli in marcia;;;;;;;;;;0;0;0;3;;;0;1;Autocarro inferiore 35 q.;In marcia / fermata / arresto;Fiat Iveco;Dayli;Conducente;1978;M;Illeso;0;;;
3654729;7;24/01/2018 15:50:00;;VIA PRENESTINA;all'intersezione con;VIA RINA MONTI;VIA RINA MONTI;;;Scontro frontale/laterale DX fra veicoli in marcia;;;;;;;;;;0;0;0;3;;;0;2;Autovettura di polizia;In marcia / fermata / arresto;Fiat;Bravo;Conducente;1984;M;Illeso;0;;;
3654729;7;24/01/2018 15:50:00;;VIA PRENESTINA;all'intersezione con;VIA RINA MONTI;VIA RINA MONTI;;;Scontro frontale/laterale DX fra veicoli in marcia;;;;;;;;;;0;0;0;3;;;0;2;Autovettura di polizia;In marcia / fermata / arresto;Fiat;Bravo;Passeggero;0;M;Illeso;0;;;
3654857;15;25/01/2018 07:30:00;;VIA DELLA PISANA;da specificare;;;;intersez. rampa GRA fronte Via G.G. Gizzi;Scontro frontale fra veicoli in marcia;;;;;;;;;;1;0;0;2;;;0;1;Autovettura privata;In marcia / fermata / arresto;BMW;120d;Conducente;0;M;Illeso;0;;;
3654857;15;25/01/2018 07:30:00;;VIA DELLA PISANA;da specificare;;;;intersez. rampa GRA fronte Via G.G. Gizzi;Scontro frontale fra veicoli in marcia;;;;;;;;;;1;0;0;2;;;0;1;Autovettura privata;In marcia / fermata / arresto;BMW;120d;Passeggero;0;M;Illeso;0;;;
3654857;15;25/01/2018 07:30:00;;VIA DELLA PISANA;da specificare;;;;intersez. rampa GRA fronte Via G.G. Gizzi;Scontro frontale fra veicoli in marcia;;;;;;;;;;1;0;0;2;;;0;2;Motociclo a solo;In marcia / fermata / arresto;Ducati;(ignoto);Conducente;1988;M;Rifiuta cure immediate;0;NON DECEDUTO;;
3654869;9;25/01/2018 11:30:00;;LARGO PANNONIA;da specificare;;;;fronte civico 42;Scontro frontale/laterale DX fra veicoli in marcia;;;;;;;;;;1;0;0;2;12,50168;41,87987;0;1;Autovettura pubblica;In marcia / fermata / arresto;Fiat;Multipla Taxi;Conducente;1975;M;Illeso;0;;Non accertato;Inesploso
3654869;9;25/01/2018 11:30:00;;LARGO PANNONIA;da specificare;;;;fronte civico 42;Scontro frontale/laterale DX fra veicoli in marcia;;;;;;;;;;1;0;0;2;12,50168;41,87987;0;2;Motociclo a solo;In marcia / fermata / arresto;Yamaha;X - MAX;Conducente;1950;M;Illeso;0;;Non accertato;
3654869;9;25/01/2018 11:30:00;;LARGO PANNONIA;da specificare;;;;fronte civico 42;Scontro frontale/laterale DX fra veicoli in marcia;;;;;;;;;;1;0;0;2;12,50168;41,87987;0;2;Motociclo a solo;In marcia / fermata / arresto;Yamaha;X - MAX;Passeggero;1984;F;Rimandato;0;NON DECEDUTO;;
3654942;18;25/01/2018 12:45:00;Strada Urbana;VIALE DI VALLE AURELIA;in prossimità;;del civico n.;128;;Scontro frontale/laterale DX fra veicoli in marcia;Rettilineo;Una carreggiata a doppio senso;Asciutto;Asfaltata;Assente;Sereno;Normale;Buona;Ore Diurne;0;0;0;2;12,43737;41,90566;0;1;Autovettura privata;In marcia / fermata / arresto;Hyundai;i 10;Conducente;1932;M;Illeso;0;;Non accertato;Inesploso
3654942;18;25/01/2018 12:45:00;Strada Urbana;VIALE DI VALLE AURELIA;in prossimità;;del civico n.;128;;Scontro frontale/laterale DX fra veicoli in marcia;Rettilineo;Una carreggiata a doppio senso;Asciutto;Asfaltata;Assente;Sereno;Normale;Buona;Ore Diurne;0;0;0;2;12,43737;41,90566;0;2;Autovettura privata;In marcia / fermata / arresto;BMW;120 D;Conducente;1965;M;Illeso;0;;Non accertato;Inesploso
3655024;18;25/01/2018 09:15:00;;PIAZZA PIO XI;in prossimità;;del civico n.;52;;Tamponamento Multiplo;;;;;;;;;;0;0;0;3;12,43849;41,89504;0;1;Autovettura privata;In marcia / fermata / arresto;Renault;Megane;Conducente;1963;M;Illeso;0;;;
3655024;18;25/01/2018 09:15:00;;PIAZZA PIO XI;in prossimità;;del civico n.;52;;Tamponamento Multiplo;;;;;;;;;;0;0;0;3;12,43849;41,89504;0;2;Autovettura privata;In marcia / fermata / arresto;Smart ;-;Conducente;1973;F;Illeso;0;;;
3655024;18;25/01/2018 09:15:00;;PIAZZA PIO XI;in prossimità;;del civico n.;52;;Tamponamento Multiplo;;;;;;;;;;0;0;0;3;12,43849;41,89504;0;3;Autovettura privata;In marcia / fermata / arresto;Fiat;Panda;Conducente;1967;F;Illeso;0;;;
3655068;10;25/01/2018 14:20:00;Strada Urbana;VIALE PALMIRO TOGLIATTI;in prossimità;;del civico n.;181;;Scontro laterale fra veicoli in marcia;Rettilineo;Una carreggiata a senso unico di marcia;Asciutto;Asfaltata;Verticale ed orizzontale;Sereno;Normale;Sufficiente;Ore Diurne;1;0;0;0;;;0;1;Autovettura privata;In marcia / fermata / arresto;Alfa Lancia;Y;Conducente;1988;M;Rifiuta cure immediate;0;NON DECEDUTO;Non accertato;Inesploso
3655142;19;25/01/2018 15:30:00;Strada Urbana;VIA PIETRO BEMBO;all'intersezione con;VIA BENEDETTO ALOISI MASELLA;VIA BENEDETTO ALOISI MASELLA;;;Scontro laterale fra veicoli in marcia;Incrocio;Una carreggiata a doppio senso;Asciutto;Asfaltata;Verticale ed orizzontale;Sereno;Normale;Buona;Ore Diurne;0;0;0;2;;;0;1;Autovettura privata;In marcia / fermata / arresto;Suzuki;Splash;Conducente;1945;F;Illeso;0;;Non accertato;Inesploso
3655142;19;25/01/2018 15:30:00;Strada Urbana;VIA PIETRO BEMBO;all'intersezione con;VIA BENEDETTO ALOISI MASELLA;VIA BENEDETTO ALOISI MASELLA;;;Scontro laterale fra veicoli in marcia;Incrocio;Una carreggiata a doppio senso;Asciutto;Asfaltata;Verticale ed orizzontale;Sereno;Normale;Buona;Ore Diurne;0;0;0;2;;;0;2;Autovettura privata;In marcia / fermata / arresto;Audi;(ignoto);Conducente;1993;M;Illeso;0;;Non accertato;Inesploso
3655152;16;25/01/2018 11:15:00;Strada Urbana;CIRCONVALLAZIONE GIANICOLENSE;in corrispondenza;;del civico n.;60/A;;Veicolo in marcia contro veicolo in sosta;Curva a visuale libera;Più di due carreggiate;;Asfaltata;Verticale ed orizzontale;;;;;0;0;0;1;12,46057;41,8727;0;1;Autovettura privata;In marcia / fermata / arresto;Fiat;600;Conducente;1990;F;Illeso;0;;;
3655184;1;25/01/2018 12:45:00;Strada Urbana;LUNGOTEVERE DE' CENCI;all'intersezione con;VIA DEL TEMPIO;VIA DEL TEMPIO;;;Veicolo in marcia contro ostacolo accidentale;Incrocio;Una carreggiata a senso unico di marcia;Asciutto;In cubetti di porfido;;Sereno;Normale;Buona;Ore Diurne;1;0;0;0;;;0;1;Autovettura privata;In marcia / fermata / arresto;Fiat;500;Conducente;1976;M;Rimandato;0;NON DECEDUTO;Non accertato;
3655258;18;25/01/2018 16:00:00;Strada Urbana;VIA BONIFACIO VIII;all'intersezione con;VIA DI PORTA FABBRICA;VIA DI PORTA FABBRICA;;;Scontro frontale/laterale SX fra veicoli in marcia;Intersezione non regolata/non segnalata;Una carreggiata a doppio senso;Asciutto;Asfaltata;Assente;Sereno;Normale;Buona;Ore Diurne;0;0;0;2;12,45305;41,8991;0;1;Autovettura privata;In marcia / fermata / arresto;Daihatsu;SIRION;Conducente;1952;M;Illeso;0;;Non accertato;Inesploso
3655258;18;25/01/2018 16:00:00;Strada Urbana;VIA BONIFACIO VIII;all'intersezione con;VIA DI PORTA FABBRICA;VIA DI PORTA FABBRICA;;;Scontro frontale/laterale SX fra veicoli in marcia;Intersezione non regolata/non segnalata;Una carreggiata a doppio senso;Asciutto;Asfaltata;Assente;Sereno;Normale;Buona;Ore Diurne;0;0;0;2;12,45305;41,8991;0;2;Autovettura privata;In marcia / fermata / arresto;Opel;Corsa;Conducente;1982;M;Illeso;0;;Non accertato;Inesploso
3655263;7;25/01/2018 12:50:00;Strada Urbana;VIA PRENESTINA BIS;da specificare;;;;altezza rotatoria Via Fosso di Tor Tre Teste;Scontro laterale fra veicoli in marcia;Rotatoria;Una carreggiata a senso unico di marcia;Asciutto;Asfaltata;Verticale ed orizzontale;Sereno;Scarso;Buona;Ore Diurne;0;0;0;2;12,60444;41,88684;0;1;Autovettura privata;In marcia / fermata / arresto;Fiat;Punto;Conducente;1982;M;Illeso;0;;Non accertato;Inesploso
3655263;7;25/01/2018 12:50:00;Strada Urbana;VIA PRENESTINA BIS;da specificare;;;;altezza rotatoria Via Fosso di Tor Tre Teste;Scontro laterale fra veicoli in marcia;Rotatoria;Una carreggiata a senso unico di marcia;Asciutto;Asfaltata;Verticale ed orizzontale;Sereno;Scarso;Buona;Ore Diurne;0;0;0;2;12,60444;41,88684;0;2;Autovettura privata;In marcia / fermata / arresto;Peugeot;208;Conducente;1946;M;Illeso;0;;Non accertato;Inesploso
3655267;17;25/01/2018 12:45:00;Strada Urbana;VIA CANDIA;all'intersezione con;VIA SANTAMAURA;VIA SANTAMAURA;;;Scontro frontale/laterale SX fra veicoli in marcia;Incrocio;Una carreggiata a senso unico di marcia;Asciutto;Asfaltata;Verticale ed orizzontale;Sereno;Scarso;Buona;Ore Diurne;0;0;0;2;12,45382;41,90835;0;1;Autovettura privata;In marcia / fermata / arresto;Fiat;600;Conducente;1971;M;Illeso;0;;;
3655267;17;25/01/2018 12:45:00;Strada Urbana;VIA CANDIA;all'intersezione con;VIA SANTAMAURA;VIA SANTAMAURA;;;Scontro frontale/laterale SX fra veicoli in marcia;Incrocio;Una carreggiata a senso unico di marcia;Asciutto;Asfaltata;Verticale ed orizzontale;Sereno;Scarso;Buona;Ore Diurne;0;0;0;2;12,45382;41,90835;0;2;Motociclo a solo;In marcia / fermata / arresto;Triumph;Bonneville;Conducente;1967;M;Illeso;0;;;
3655283;1;25/01/2018 08:10:00;Strada Urbana;VIA DEI CERCHI;da specificare;;;;altezza fermata ATAC N.70517;Investimento di pedone;Rettilineo;Una carreggiata a senso unico di marcia;Asciutto;In cubetti di porfido;Verticale ed orizzontale;Sereno;Intenso;Buona;Ore Diurne;1;0;0;3;;;0;;;;;;Pedone;1962;F;Rimandato;0;NON DECEDUTO;;
3655283;1;25/01/2018 08:10:00;Strada Urbana;VIA DEI CERCHI;da specificare;;;;altezza fermata ATAC N.70517;Investimento di pedone;Rettilineo;Una carreggiata a senso unico di marcia;Asciutto;In cubetti di porfido;Verticale ed orizzontale;Sereno;Intenso;Buona;Ore Diurne;1;0;0;3;;;0;1;Autovettura privata;In marcia / fermata / arresto;Chevrolet;spark;Conducente;1973;F;Illeso;0;;Non accertato;Inesploso