Protocollo;Gruppo;DataOraIncidente;Localizzazione1;STRADA1;Localizzazione2;STRADA2;Strada02;Chilometrica;DaSpecificare;NaturaIncidente;particolaritastrade;TipoStrada;FondoStradale;Pavimentazione;Segnaletica;CondizioneAtmosferica;Traffico;Visibilita;Illuminazione;NUM_FERITI;NUM_RISERVATA;NUM_MORTI;NUM_ILLESI;Longitudine;Latitudine;Confermato;Progressivo;TipoVeicolo;StatoVeicolo;Marca;Modello;TipoPersona;AnnoNascita;Sesso;Tipolesione;Deceduto;DecedutoDopo;CinturaCascoUtilizzato;Airbag;
3655283;1;25/01/2018 08:10:00;Strada Urbana;VIA DEI CERCHI;da specificare;;;;altezza fermata ATAC N.70517;Investimento di pedone;Rettilineo;Una carreggiata a senso unico di marcia;Asciutto;In cubetti di porfido;Verticale ed orizzontale;Sereno;Intenso;Buona;Ore Diurne;1;0;0;3;;;0;2;Autovettura privata;In marcia / fermata / arresto;Toyota;Yaris;Conducente;1968;F;Illeso;0;;Non accertato;Inesploso
3655283;1;25/01/2018 08:10:00;Strada Urbana;VIA DEI CERCHI;da specificare;;;;altezza fermata ATAC N.70517;Investimento di pedone;Rettilineo;Una carreggiata a senso unico di marcia;Asciutto;In cubetti di porfido;Verticale ed orizzontale;Sereno;Intenso;Buona;Ore Diurne;1;0;0;3;;;0;2;Autovettura privata;In marcia / fermata / arresto;Toyota;Yaris;Passeggero;1938;M;Illeso;0;;Non accertato;Inesploso
3655297;2;25/01/2018 15:30:00;;VIA TAGLIAMENTO;in corrispondenza;;del civico n.;46/A;;Infortunio per sola frenata improvvisa;;;;;;;;;;0;0;0;1;;;0;1;Motociclo a solo;In marcia / fermata / arresto;Honda;SH 150;Conducente;0;M;Illeso;0;;;
3655324;9;25/01/2018 11:30:00;;VIA TUSCOLANA;in corrispondenza;;del civico n.;728;;Tamponamento Multiplo;;;;;;;;;;0;0;0;1;;;0;1;Autovettura privata;In marcia / fermata / arresto;Peugeot;106;Conducente;1987;M;Illeso;0;;;
3655327;1;25/01/2018 09:55:00;Strada Urbana;VIA DEL CORSO;in prossimità;;del civico n.;272;;Infortunio per sola frenata improvvisa;Rettilineo;Una carreggiata a doppio senso;Asciutto;Asfaltata;Verticale ed orizzontale;Sereno;Normale;Buona;Ore Diurne;1;0;0;1;;;0;1;Motociclo a solo;In marcia / fermata / arresto;Honda;-;Conducente;1986;M;Rimandato;0;NON DECEDUTO;Non accertato;
3655327;1;25/01/2018 09:55:00;Strada Urbana;VIA DEL CORSO;in prossimità;;del civico n.;272;;Infortunio per sola frenata improvvisa;Rettilineo;Una carreggiata a doppio senso;Asciutto;Asfaltata;Verticale ed orizzontale;Sereno;Normale;Buona;Ore Diurne;1;0;0;1;;;0;2;Velocipede;In marcia / fermata / arresto;(ignoto);(ignoto);Conducente;1963;M;Illeso;0;;Esente;
3655364;1;25/01/2018 12:10:00;Strada Urbana;VIALE DI TRASTEVERE;in prossimità;;del civico n.;91;;Tamponamento;Rettilineo;Più di due carreggiate;Asciutto;Asfaltata;Verticale ed orizzontale;Sereno;Normale;Buona;Ore Diurne;1;0;0;2;;;0;1;Motociclo a solo;In marcia / fermata / arresto;Kymco;People;Conducente;1959;M;Rimandato;0;NON DECEDUTO;;
3655364;1;25/01/2018 12:10:00;Strada Urbana;VIALE DI TRASTEVERE;in prossimità;;del civico n.;91;;Tamponamento;Rettilineo;Più di due carreggiate;Asciutto;Asfaltata;Verticale ed orizzontale;Sereno;Normale;Buona;Ore Diurne;1;0;0;2;;;0;2;Autovettura privata;In marcia / fermata / arresto;Fiat;ULYSSE;Conducente;1961;M;Illeso;0;;Non accertato;Inesploso
3655364;1;25/01/2018 12:10:00;Strada Urbana;VIALE DI TRASTEVERE;in prossimità;;del civico n.;91;;Tamponamento;Rettilineo;Più di due carreggiate;Asciutto;Asfaltata;Verticale ed orizzontale;Sereno;Normale;Buona;Ore Diurne;1;0;0;2;;;0;3;Autovettura privata;In marcia / fermata / arresto;Toyota;Yaris;Conducente;1934;F;Illeso;0;;Non accertato;Inesploso
3655406;10;25/01/2018 18:00:00;Strada Urbana;VIA TUSCOLANA;in prossimità;;del civico n.;1426;;Investimento di pedone;Rettilineo;Una carreggiata a senso unico di marcia;Asciutto;Asfaltata;Verticale ed orizzontale;Sereno;Normale;Sufficiente;Sufficiente;1;0;0;1;;;0;;;;;;Pedone;0;F;Rimandato;0;NON DECEDUTO;;
3655406;10;25/01/2018 18:00:00;Strada Urbana;VIA TUSCOLANA;in prossimità;;del civico n.;1426;;Investimento di pedone;Rettilineo;Una carreggiata a senso unico di marcia;Asciutto;Asfaltata;Verticale ed orizzontale;Sereno;Normale;Sufficiente;Sufficiente;1;0;0;1;;;0;1;Autovettura privata;In marcia / fermata / arresto;Volkswagen;Lupo;Conducente;1965;M;Illeso;0;;Non accertato;Inesploso
3655413;6;25/01/2018 15:05:00;Strada Urbana;VIA DEGLI ANGELI;in corrispondenza;;del civico n.;193;;Tamponamento Multiplo;Rettilineo;Una carreggiata a doppio senso;Asciutto;Asfaltata;Orizzontale;Sereno;Normale;Buona;Ore Diurne;2;0;0;3;12,549;41,87252;-1;1;Autocarro inferiore 35 q.;In marcia / fermata / arresto;Fiat;Fiorino;Conducente;1954;M;Illeso;0;;Non accertato;Inesploso
3655413;6;25/01/2018 15:05:00;Strada Urbana;VIA DEGLI ANGELI;in corrispondenza;;del civico n.;193;;Tamponamento Multiplo;Rettilineo;Una carreggiata a doppio senso;Asciutto;Asfaltata;Orizzontale;Sereno;Normale;Buona;Ore Diurne;2;0;0;3;12,549;41,87252;-1;2;Motociclo con passeggero;In marcia / fermata / arresto;Honda;SW T400;Conducente;1962;M;Rimandato;0;NON DECEDUTO;Non accertato;
3655413;6;25/01/2018 15:05:00;Strada Urbana;VIA DEGLI ANGELI;in corrispondenza;;del civico n.;193;;Tamponamento Multiplo;Rettilineo;Una carreggiata a doppio senso;Asciutto;Asfaltata;Orizzontale;Sereno;Normale;Buona;Ore Diurne;2;0;0;3;12,549;41,87252;-1;2;Motociclo con passeggero;In marcia / fermata / arresto;Honda;SW T400;Passeggero;1996;F;Rifiuta cure immediate;0;NON DECEDUTO;Non accertato;
3655413;6;25/01/2018 15:05:00;Strada Urbana;VIA DEGLI ANGELI;in corrispondenza;;del civico n.;193;;Tamponamento Multiplo;Rettilineo;Una carreggiata a doppio senso;Asciutto;Asfaltata;Orizzontale;Sereno;Normale;Buona;Ore Diurne;2;0;0;3;12,549;41,87252;-1;3;Autovettura privata;In marcia / fermata / arresto;BMW;X1;Conducente;1946;M;Illeso;0;;Non accertato;Inesploso
3655413;6;25/01/2018 15:05:00;Strada Urbana;VIA DEGLI ANGELI;in corrispondenza;;del civico n.;193;;Tamponamento Multiplo;Rettilineo;Una carreggiata a doppio senso;Asciutto;Asfaltata;Orizzontale;Sereno;Normale;Buona;Ore Diurne;2;0;0;3;12,549;41,87252;-1;3;Autovettura privata;In marcia / fermata / arresto;BMW;X1;Passeggero;1946;F;Illeso;0;;Non accertato;Inesploso
3655469;19;25/01/2018 18:40:00;Strada Urbana;VIA ANDERSEN;in prossimità;;del civico n.;8;;Investimento di pedone;Rettilineo;Una carreggiata a doppio senso;Asciutto;Asfaltata;Verticale ed orizzontale;Sereno;Normale;Sufficiente;Sufficiente;0;0;0;2;;;0;;;;;;Pedone;1944;M;Illeso;0;;;
3655469;19;25/01/2018 18:40:00;Strada Urbana;VIA ANDERSEN;in prossimità;;del civico n.;8;;Investimento di pedone;Rettilineo;Una carreggiata a doppio senso;Asciutto;Asfaltata;Verticale ed orizzontale;Sereno;Normale;Sufficiente;Sufficiente;0;0;0;2;;;0;1;Motociclo a solo;In marcia / fermata / arresto;Honda;SH 150;Conducente;1981;F;Illeso;0;;Non accertato;
3655493;6;25/01/2018 14:15:00;Strada Urbana;VIA PRENESTINA;all'intersezione con;VIALE DELLA SERENISSIMA;VIALE DELLA SERENISSIMA;;;Scontro laterale fra veicoli in marcia;Incrocio;Più di due carreggiate;Asciutto;Asfaltata;Verticale ed orizzontale;Sereno;Normale;Buona;Ore Diurne;0;0;0;2;12,55892;41,89495;-1;1;Autovettura privata;In marcia / fermata / arresto;Nissan;murano;Conducente;1950;M;Illeso;0;;Non accertato;Inesistente
3655493;6;25/01/2018 14:15:00;Strada Urbana;VIA PRENESTINA;all'intersezione con;VIALE DELLA SERENISSIMA;VIALE DELLA SERENISSIMA;;;Scontro laterale fra veicoli in marcia;Incrocio;Più di due carreggiate;Asciutto;Asfaltata;Verticale ed orizzontale;Sereno;Normale;Buona;Ore Diurne;0;0;0;2;12,55892;41,89495;-1;2;Autovettura privata;In marcia / fermata / arresto;BMW;X 1;Conducente;1967;M;Illeso;0;;Non accertato;Inesploso
3655863;1;25/01/2018 19:25:00;Strada Urbana;PORTO DI RIPA GRANDE;in corrispondenza;;del civico n.;21;;Tamponamento;Rettilineo;Una carreggiata a senso unico di marcia;Asciutto;Asfaltata;Verticale ed orizzontale;Sereno;Normale;Buona;Sufficiente;0;0;0;2;;;0;1;Motociclo a solo;In marcia / fermata / arresto;BMW;(non accertato);Conducente;1968;M;Illeso;0;;;
3655863;1;25/01/2018 19:25:00;Strada Urbana;PORTO DI RIPA GRANDE;in corrispondenza;;del civico n.;21;;Tamponamento;Rettilineo;Una carreggiata a senso unico di marcia;Asciutto;Asfaltata;Verticale ed orizzontale;Sereno;Normale;Buona;Sufficiente;0;0;0;2;;;0;2;Autovettura privata;In marcia / fermata / arresto;Toyota;Yaris;Conducente;1968;F;Illeso;0;;;
3655874;1;25/01/2018 22:40:00;Strada Urbana;VIA DI S. NICOLA DE CESARINI;in corrispondenza;;del civico n.;5;;Veicolo in marcia contro ostacolo fisso;Rettilineo;Una carreggiata a doppio senso;Asciutto;Acciotolata;Verticale;Sereno;Scarso;Sufficiente;Sufficiente;0;0;0;2;;;0;1;Autovettura di polizia;In marcia / fermata / arresto;Seat;Leon;Conducente;1990;M;Illeso;0;;;
3655874;1;25/01/2018 22:40:00;Strada Urbana;VIA DI S. NICOLA DE CESARINI;in corrispondenza;;del civico n.;5;;Veicolo in marcia contro ostacolo fisso;Rettilineo;Una carreggiata a doppio senso;Asciutto;Acciotolata;Verticale;Sereno;Scarso;Sufficiente;Sufficiente;0;0;0;2;;;0;1;Autovettura di polizia;In marcia / fermata / arresto;Seat;Leon;Passeggero;1974;M;Illeso;0;;;
3655894;10;25/01/2018 16:00:00;;VIA TUSCOLANA;in corrispondenza;;del civico n.;1900;;Scontro laterale fra veicoli in marcia;;;;;;;;;;0;0;0;3;;;0;1;Autovettura privata;In marcia / fermata / arresto;Mercedes;Smart Fortwo;Conducente;1972;M;Illeso;0;;;
3655894;10;25/01/2018 16:00:00;;VIA TUSCOLANA;in corrispondenza;;del civico n.;1900;;Scontro laterale fra veicoli in marcia;;;;;;;;;;0;0;0;3;;;0;2;Autovettura privata;In marcia / fermata / arresto;Ford;Focus;Conducente;1951;F;Illeso;0;;;
3655894;10;25/01/2018 16:00:00;;VIA TUSCOLANA;in corrispondenza;;del civico n.;1900;;Scontro laterale fra veicoli in marcia;;;;;;;;;;0;0;0;3;;;0;2;Autovettura privata;In marcia / fermata / arresto;Ford;Focus;Passeggero;1936;F;Illeso;0;;;
3655896;1;26/01/2018 00:20:00;Strada Urbana;VIA QUATTRO NOVEMBRE;in corrispondenza;;del civico n.;FC 144;;Veicolo in marcia contro ostacolo accidentale;Curva a visuale libera;Una carreggiata a doppio senso;Asciutto;In cubetti di porfido;Orizzontale;Sereno;Scarso;Sufficiente;Sufficiente;0;0;0;2;;;0;1;Motociclo con passeggero;In marcia / fermata / arresto;Honda;SH 150;Conducente;1961;M;Illeso;0;;;
3655896;1;26/01/2018 00:20:00;Strada Urbana;VIA QUATTRO NOVEMBRE;in corrispondenza;;del civico n.;FC 144;;Veicolo in marcia contro ostacolo accidentale;Curva a visuale libera;Una carreggiata a doppio senso;Asciutto;In cubetti di porfido;Orizzontale;Sereno;Scarso;Sufficiente;Sufficiente;0;0;0;2;;;0;1;Motociclo con passeggero;In marcia / fermata / arresto;Honda;SH 150;Passeggero;1994;F;Illeso;0;;;
3655899;19;25/01/2018 09:40:00;;VIA DI CASAL DEL MARMO;in prossimità;;del civico n.;242/a;;Tamponamento;;;;;;;;;;1;0;0;1;;;0;1;Autovettura privata;In marcia / fermata / arresto;Fiat;Panda;Conducente;1991;M;Illeso;0;;;
3655899;19;25/01/2018 09:40:00;;VIA DI CASAL DEL MARMO;in prossimità;;del civico n.;242/a;;Tamponamento;;;;;;;;;;1;0;0;1;;;0;2;Motociclo a solo;In marcia / fermata / arresto;Honda;SH150;Conducente;1941;M;Rimandato;0;NON DECEDUTO;;
3655905;6;25/01/2018 21:25:00;;VIA PRENESTINA;all'intersezione semaforizzata con;VIA TOR DE' SCHIAVI;VIA TOR DE' SCHIAVI;;;Scontro frontale/laterale DX fra veicoli in marcia;;;;;;;;;;1;0;0;1;;;0;1;Autovettura privata;In marcia / fermata / arresto;Mercedes;Smart Fortwo;Conducente;1997;M;Rimandato;0;NON DECEDUTO;;
3655905;6;25/01/2018 21:25:00;;VIA PRENESTINA;all'intersezione semaforizzata con;VIA TOR DE' SCHIAVI;VIA TOR DE' SCHIAVI;;;Scontro frontale/laterale DX fra veicoli in marcia;;;;;;;;;;1;0;0;1;;;0;2;Autovettura privata;In marcia / fermata / arresto;Nissan;Note;Conducente;1969;M;Illeso;0;;;
3655908;13;25/01/2018 17:00:00;;VIA DEL MARE;in prossimità;;della chilometrica;20.92;;Tamponamento;;;;;;;;;;0;0;0;2;12,46323;41,84026;0;1;Motociclo a solo;In marcia / fermata / arresto;Honda;(ignoto);Conducente;1978;M;Illeso;0;;;
3655908;13;25/01/2018 17:00:00;;VIA DEL MARE;in prossimità;;della chilometrica;20.92;;Tamponamento;;;;;;;;;;0;0;0;2;12,46323;41,84026;0;2;Autovettura privata;In marcia / fermata / arresto;Fiat;Punto;Conducente;1971;M;Illeso;0;;Non accertato;Inesploso
3655919;13;25/01/2018 18:00:00;;VIA CASTELFONDO;all'intersezione con;VIA FRASSILONGO;VIA FRASSILONGO;;;Scontro frontale/laterale DX fra veicoli in marcia;;;;;;;;;;0;0;0;3;;;0;1;Autovettura privata;In marcia / fermata / arresto;Mercedes;Smart Fortwo;Conducente;1965;M;Illeso;0;;;
3655919;13;25/01/2018 18:00:00;;VIA CASTELFONDO;all'intersezione con;VIA FRASSILONGO;VIA FRASSILONGO;;;Scontro frontale/laterale DX fra veicoli in marcia;;;;;;;;;;0;0;0;3;;;0;1;Autovettura privata;In marcia / fermata / arresto;Mercedes;Smart Fortwo;Passeggero;2001;M;Illeso;0;;;
3655919;13;25/01/2018 18:00:00;;VIA CASTELFONDO;all'intersezione con;VIA FRASSILONGO;VIA FRASSILONGO;;;Scontro frontale/laterale DX fra veicoli in marcia;;;;;;;;;;0;0;0;3;;;0;2;Ciclomotore;In marcia / fermata / arresto;JDM;Simpa;Conducente;2002;M;Illeso;0;;;
3655927;1;26/01/2018 00:45:00;Strada Urbana;LUNGOTEVERE IN AUGUSTA;all'intersezione con;PASSEGGIATA DI RIPETTA;PASSEGGIATA DI RIPETTA;;;Veicolo in marcia contro ostacolo fisso;;Una carreggiata a senso unico di marcia;Asciutto;Asfaltata;Verticale ed orizzontale;Sereno;Scarso;Buona;Sufficiente;0;0;0;1;;;0;1;Autovettura privata;In marcia / fermata / arresto;Alfa Romeo;159;Conducente;1991;M;Illeso;0;;;
3655954;15;25/01/2018 19:45:00;;VIALE PROSPERO COLONNA;all'intersezione con;VIA PIETRO VENTURI;VIA PIETRO VENTURI;;;Veicolo in marcia contro ostacolo accidentale;;;;;;;;;;0;0;0;1;;;0;1;Motociclo a solo;In marcia / fermata / arresto;Honda;SH 300;Conducente;0;M;Illeso;0;;;
3655972;5;25/01/2018 15:30:00;;VIA DEI MONTI TIBURTINI;da specificare;;;;fronte Via Amoretti;Tamponamento Multiplo;;;;;;;;;;1;0;0;0;12,54517;41,91646;0;1;Autovettura privata;In marcia / fermata / arresto;Daewoo;Matiz;Conducente;0;M;Rimandato;0;NON DECEDUTO;;
3655977;7;25/01/2018 17:00:00;Strada Urbana;PIAZZA DEI GERANI;in prossimità;;del civico n.;2;;Veicolo in marcia contro veicolo in sosta;Rettilineo;Una carreggiata a senso unico di marcia;Asciutto;Asfaltata;Verticale ed orizzontale;Nuvoloso;Normale;Buona;Ore Diurne;0;0;0;1;12,56636;41,88577;0;1;Autovettura privata;In marcia / fermata / arresto;Opel;Corsa;Conducente;1957;M;Illeso;0;;Non accertato;Inesploso
3655982;12;25/01/2018 19:15:00;Strada Urbana;VIALE DELL'AGRICOLTURA;da specificare;;;;prox. P.le dell'Agricoltura;Investimento di pedone;Rettilineo;Una carreggiata a doppio senso;Asciutto;Asfaltata;Verticale ed orizzontale;Sereno;Scarso;Buona;Sufficiente;1;0;0;1;;;0;;;;;;Pedone;1992;F;Rimandato;0;NON DECEDUTO;;
3655982;12;25/01/2018 19:15:00;Strada Urbana;VIALE DELL'AGRICOLTURA;da specificare;;;;prox. P.le dell'Agricoltura;Investimento di pedone;Rettilineo;Una carreggiata a doppio senso;Asciutto;Asfaltata;Verticale ed orizzontale;Sereno;Scarso;Buona;Sufficiente;1;0;0;1;;;0;1;Autovettura privata;In marcia / fermata / arresto;Citroen;C 1;Conducente;1955;M;Illeso;0;;Utilizzato;
3655983;13;25/01/2018 20:30:00;;VIALE DI CASTEL PORZIANO;all'intersezione con;VIA FRANCESCO CILEA;VIA FRANCESCO CILEA;;;Scontro frontale/laterale DX fra veicoli in marcia;;;;;;;;;;0;0;0;4;;;0;1;Autovettura privata;In marcia / fermata / arresto;Suzuki;Wagon R;Conducente;1972;M;Illeso;0;;;
3655983;13;25/01/2018 20:30:00;;VIALE DI CASTEL PORZIANO;all'intersezione con;VIA FRANCESCO CILEA;VIA FRANCESCO CILEA;;;Scontro frontale/laterale DX fra veicoli in marcia;;;;;;;;;;0;0;0;4;;;0;1;Autovettura privata;In marcia / fermata / arresto;Suzuki;Wagon R;Passeggero;1971;M;Illeso;0;;;
3655983;13;25/01/2018 20:30:00;;VIALE DI CASTEL PORZIANO;all'intersezione con;VIA FRANCESCO CILEA;VIA FRANCESCO CILEA;;;Scontro frontale/laterale DX fra veicoli in marcia;;;;;;;;;;0;0;0;4;;;0;2;Autovettura privata;In marcia / fermata / arresto;Chevrolet;Kalos;Conducente;1989;M;Illeso;0;;;
3655983;13;25/01/2018 20:30:00;;VIALE DI CASTEL PORZIANO;all'intersezione con;VIA FRANCESCO CILEA;VIA FRANCESCO CILEA;;;Scontro frontale/laterale DX fra veicoli in marcia;;;;;;;;;;0;0;0;4;;;0;3;Autobus urbano;In marcia / fermata / arresto;Mercedes Benz;Evobus;Conducente;1987;M;Illeso;0;;;
3655985;11;25/01/2018 17:45:00;Strada Urbana;VIALE DEL TINTORETTO;all'intersezione semaforizzata con;VIA ALESSIO BALDOVINETTI;VIA ALESSIO BALDOVINETTI;;;Tamponamento;Intersezione semaforizzata;Due carreggiate;Asciutto;Asfaltata;Verticale ed orizzontale;Sereno;Normale;Buona;Ore Diurne;0;0;0;3;12,49479;41,83349;0;1;Autovettura privata;In marcia / fermata / arresto;Fiat;Doblò;Conducente;1969;M;Illeso;0;;Non accertato;
3655985;11;25/01/2018 17:45:00;Strada Urbana;VIALE DEL TINTORETTO;all'intersezione semaforizzata con;VIA ALESSIO BALDOVINETTI;VIA ALESSIO BALDOVINETTI;;;Tamponamento;Intersezione semaforizzata;Due carreggiate;Asciutto;Asfaltata;Verticale ed orizzontale;Sereno;Normale;Buona;Ore Diurne;0;0;0;3;12,49479;41,83349;0;1;Autovettura privata;In marcia / fermata / arresto;Fiat;Doblò;Passeggero;1995;M;Illeso;0;;Non accertato;
3655985;11;25/01/2018 17:45:00;Strada Urbana;VIALE DEL TINTORETTO;all'intersezione semaforizzata con;VIA ALESSIO BALDOVINETTI;VIA ALESSIO BALDOVINETTI;;;Tamponamento;Intersezione semaforizzata;Due carreggiate;Asciutto;Asfaltata;Verticale ed orizzontale;Sereno;Normale;Buona;Ore Diurne;0;0;0;3;12,49479;41,83349;0;2;Autovettura privata;In marcia / fermata / arresto;Alfa Romeo;Giulietta;Conducente;1959;M;Illeso;0;;;
3656009;7;25/01/2018 10:50:00;;VIA PRENESTINA;all'intersezione con;VIA EMILIO LONGONI;VIA EMILIO LONGONI;;;Scontro laterale fra veicoli in marcia;;;;;;;;;;0;0;0;3;;;0;1;Autovettura privata;In marcia / fermata / arresto;Alfa Lancia;Y;Conducente;1947;F;Illeso;0;;Non accertato;Inesploso
3656009;7;25/01/2018 10:50:00;;VIA PRENESTINA;all'intersezione con;VIA EMILIO LONGONI;VIA EMILIO LONGONI;;;Scontro laterale fra veicoli in marcia;;;;;;;;;;0;0;0;3;;;0;1;Autovettura privata;In marcia / fermata / arresto;Alfa Lancia;Y;Passeggero;1949;F;Illeso;0;;Non accertato;Inesploso
3656009;7;25/01/2018 10:50:00;;VIA PRENESTINA;all'intersezione con;VIA EMILIO LONGONI;VIA EMILIO LONGONI;;;Scontro laterale fra veicoli in marcia;;;;;;;;;;0;0;0;3;;;0;2;Trattore stradale;In marcia / fermata / arresto;Volvo;Truch;Conducente;1986;M;Illeso;0;;Non accertato;Inesploso
3656010;18;26/01/2018 07:50:00;Strada Urbana;VIA BALDO DEGLI UBALDI;da specificare;;;;prossimità Viale di Valle Aurelia;Veicolo in marcia contro ostacolo accidentale;Rettilineo;Due carreggiate;Asciutto;Asfaltata;Verticale ed orizzontale;Sereno;Intenso;Buona;Ore Diurne;0;0;0;1;12,43877;41,90138;0;1;Motociclo a solo;In marcia / fermata / arresto;Yamaha;T MAX 500;Conducente;1992;M;Illeso;0;;Non accertato;
3656011;6;25/01/2018 23:55:00;;VIALE TITO LABIENO;da specificare;;;;ALTEZZA VIA CAIO ATEIO CAPITONE;Veicolo in marcia contro veicolo in sosta;;;;;;;;;;1;0;0;0;;;0;1;Motociclo con passeggero;In marcia / fermata / arresto;BMW;F800R;Conducente;1966;M;Rifiuta cure immediate;0;NON DECEDUTO;;
3656015;13;25/01/2018 19:30:00;Strada Urbana;VIA BARZANO';in prossimità;;del civico n.;8;;Scontro laterale fra veicoli in marcia;Rettilineo;Una carreggiata a doppio senso;Asciutto;Asfaltata;Assente;Sereno;Normale;Buona;Insufficiente;0;0;0;3;12,33435;41,7764;0;1;Autovettura privata;In marcia / fermata / arresto;Volkswagen;Passat;Conducente;1970;M;Illeso;0;;Non accertato;Inesploso
3656015;13;25/01/2018 19:30:00;Strada Urbana;VIA BARZANO';in prossimità;;del civico n.;8;;Scontro laterale fra veicoli in marcia;Rettilineo;Una carreggiata a doppio senso;Asciutto;Asfaltata;Assente;Sereno;Normale;Buona;Insufficiente;0;0;0;3;12,33435;41,7764;0;2;Autovettura privata;In marcia / fermata / arresto;Renault;Clio;Conducente;1997;M;Illeso;0;;Non accertato;Inesploso
3656015;13;25/01/2018 19:30:00;Strada Urbana;VIA BARZANO';in prossimità;;del civico n.;8;;Scontro laterale fra veicoli in marcia;Rettilineo;Una carreggiata a doppio senso;Asciutto;Asfaltata;Assente;Sereno;Normale;Buona;Insufficiente;0;0;0;3;12,33435;41,7764;0;2;Autovettura privata;In marcia / fermata / arresto;Renault;Clio;Passeggero;1988;F;Illeso;0;;Non accertato;Inesploso
3656026;17;25/01/2018 15:20:00;Strada Urbana;VIA CANDIA;all'intersezione con;VIA MOCENIGO;VIA MOCENIGO;;;Scontro laterale fra veicoli in marcia;Incrocio;Una carreggiata a senso unico di marcia;Asciutto;Asfaltata;Verticale ed orizzontale;Sereno;Normale;Buona;Ore Diurne;0;0;0;1;12,45161;41,90785;0;1;Motociclo a solo;In marcia / fermata / arresto;KTM;Duke;Conducente;1996;M;Illeso;0;;;
3656030;13;25/01/2018 08:15:00;;VIA DELLA MACCHIARELLA;all'intersezione con;VIALE CHARLES LENORMANT;VIALE CHARLES LENORMANT;;;Scontro frontale/laterale SX fra veicoli in marcia;;;;;;;;;;0;0;0;2;;;0;1;Autovettura privata;In marcia / fermata / arresto;Ford;Fiesta;Conducente;1992;M;Illeso;0;;Non accertato;Inesploso
3656030;13;25/01/2018 08:15:00;;VIA DELLA MACCHIARELLA;all'intersezione con;VIALE CHARLES LENORMANT;VIALE CHARLES LENORMANT;;;Scontro frontale/laterale SX fra veicoli in marcia;;;;;;;;;;0;0;0;2;;;0;2;Autovettura privata;In marcia / fermata / arresto;Ford;Fiesta;Conducente;1969;M;Illeso;0;;Non accertato;Inesploso
3656031;15;26/01/2018 08:05:00;Strada Urbana;VIA LUIGI STIPA;in prossimità;;del palo luce n.;53;;Scontro laterale fra veicoli in marcia;Rettilineo;Una carreggiata a senso unico di marcia;Asciutto;Asfaltata;Orizzontale;Nuvoloso;Intenso;Buona;Ore Diurne;0;0;0;2;;;0;1;Autovettura pubblica;In marcia / fermata / arresto;Opel;Vivaro;Conducente;1958;M;Illeso;0;;Non accertato;Inesploso
3656031;15;26/01/2018 08:05:00;Strada Urbana;VIA LUIGI STIPA;in prossimità;;del palo luce n.;53;;Scontro laterale fra veicoli in marcia;Rettilineo;Una carreggiata a senso unico di marcia;Asciutto;Asfaltata;Orizzontale;Nuvoloso;Intenso;Buona;Ore Diurne;0;0;0;2;;;0;2;Autocarro superiore 35 q.;In marcia / fermata / arresto;Iveco;Truck;Conducente;1959;M;Illeso;0;;Non accertato;Inesistente
3656049;3;25/01/2018 08:10:00;Strada Urbana;VIA RAVENNA;all'intersezione con;PIAZZA BOLOGNA;PIAZZA BOLOGNA;;;Veicolo in marcia contro veicolo arresto;Incrocio;Una carreggiata a senso unico di marcia;Asciutto;Asfaltata;Verticale ed orizzontale;Sereno;Normale;Buona;Ore Diurne;0;0;0;2;12,52039;41,91336;0;1;Autovettura privata;In marcia / fermata / arresto;Toyota;Yaris;Conducente;1961;F;Illeso;0;;Non accertato;
3656049;3;25/01/2018 08:10:00;Strada Urbana;VIA RAVENNA;all'intersezione con;PIAZZA BOLOGNA;PIAZZA BOLOGNA;;;Veicolo in marcia contro veicolo arresto;Incrocio;Una carreggiata a senso unico di marcia;Asciutto;Asfaltata;Verticale ed orizzontale;Sereno;Normale;Buona;Ore Diurne;0;0;0;2;12,52039;41,91336;0;2;Autobus di linea;In marcia / fermata / arresto;Evobus;GMBH;Conducente;0;M;Illeso;0;;;
3656054;4;25/01/2018 08:15:00;Strada Urbana;VIA NOMENTANA;da specificare;;;;subito dopo l'intersezione con V. Val d'Aosta;Scontro laterale fra veicoli in marcia;Rettilineo;Due carreggiate;Asciutto;Asfaltata;Verticale ed orizzontale;Sereno;Normale;Buona;Ore Diurne;0;0;0;1;12,57281;41,95789;0;1;Autovettura privata;In marcia / fermata / arresto;Daewoo;Matiz;Conducente;1991;F;Illeso;0;;;
3656065;11;25/01/2018 13:00:00;;VIA DUCCIO DI BUONINSEGNA;in corrispondenza;;del civico n.;14;;Scontro laterale fra veicoli in marcia;;;;;;;;;;0;0;0;2;;;0;1;Autovettura privata;In marcia / fermata / arresto;Fiat;Punto;Conducente;1952;M;Illeso;0;;;
3656065;11;25/01/2018 13:00:00;;VIA DUCCIO DI BUONINSEGNA;in corrispondenza;;del civico n.;14;;Scontro laterale fra veicoli in marcia;;;;;;;;;;0;0;0;2;;;0;2;Autovettura privata;In marcia / fermata / arresto;Alfa Romeo;Giulia;Conducente;1972;M;Illeso;0;;;