Protocollo;Gruppo;DataOraIncidente;Localizzazione1;STRADA1;Localizzazione2;STRADA2;Strada02;Chilometrica;DaSpecificare;NaturaIncidente;particolaritastrade;TipoStrada;FondoStradale;Pavimentazione;Segnaletica;CondizioneAtmosferica;Traffico;Visibilita;Illuminazione;NUM_FERITI;NUM_RISERVATA;NUM_MORTI;NUM_ILLESI;Longitudine;Latitudine;Confermato;Progressivo;TipoVeicolo;StatoVeicolo;Marca;Modello;TipoPersona;AnnoNascita;Sesso;Tipolesione;Deceduto;DecedutoDopo;CinturaCascoUtilizzato;Airbag;
3656073;7;25/01/2018 22:45:00;Strada Urbana;VIA MARCO VALERIO CORVO;in prossimità;;del civico n.;147;;Scontro frontale/laterale SX fra veicoli in marcia;Rettilineo;Una carreggiata a senso unico di marcia;Asciutto;Asfaltata;Verticale;Sereno;Scarso;Sufficiente;Sufficiente;0;0;0;2;;;0;1;Autovettura privata;In marcia / fermata / arresto;Fiat;Punto;Conducente;1994;M;Illeso;0;;;
3656073;7;25/01/2018 22:45:00;Strada Urbana;VIA MARCO VALERIO CORVO;in prossimità;;del civico n.;147;;Scontro frontale/laterale SX fra veicoli in marcia;Rettilineo;Una carreggiata a senso unico di marcia;Asciutto;Asfaltata;Verticale;Sereno;Scarso;Sufficiente;Sufficiente;0;0;0;2;;;0;2;Motociclo a solo;In marcia / fermata / arresto;Piaggio;Vespa;Conducente;1970;M;Illeso;0;;;
3656074;3;25/01/2018 08:50:00;Strada Urbana;VIA NOMENTANA;da specificare;;;;corsia bus altezza civico 68;Veicolo in marcia contro ostacolo fisso;Rettilineo;Più di due carreggiate;Asciutto;Asfaltata;Verticale ed orizzontale;Sereno;Normale;Buona;Ore Diurne;0;0;0;2;12,51047;41,91541;0;1;Autovettura pubblica;In marcia / fermata / arresto;Fiat;Multipla;Conducente;1972;M;Illeso;0;;Non accertato;
3656074;3;25/01/2018 08:50:00;Strada Urbana;VIA NOMENTANA;da specificare;;;;corsia bus altezza civico 68;Veicolo in marcia contro ostacolo fisso;Rettilineo;Più di due carreggiate;Asciutto;Asfaltata;Verticale ed orizzontale;Sereno;Normale;Buona;Ore Diurne;0;0;0;2;12,51047;41,91541;0;2;Motociclo a solo;In marcia / fermata / arresto;Aprilia;sport city;Conducente;1983;M;Illeso;0;;;
3656081;3;25/01/2018 15:45:00;Strada Urbana;VIA GIOVANNI BATTISTA MORGAGNI;all'intersezione semaforizzata con;VIALE REGINA MARGHERITA;VIALE REGINA MARGHERITA;;;Scontro laterale fra veicoli in marcia;Intersezione semaforizzata;Più di due carreggiate;Asciutto;Asfaltata;Verticale ed orizzontale;Sereno;Normale;Buona;Ore Diurne;0;0;0;5;;;0;1;Autovettura privata;In marcia / fermata / arresto;Nissan;Micra;Conducente;1987;F;Illeso;0;;Non accertato;Inesploso
3656081;3;25/01/2018 15:45:00;Strada Urbana;VIA GIOVANNI BATTISTA MORGAGNI;all'intersezione semaforizzata con;VIALE REGINA MARGHERITA;VIALE REGINA MARGHERITA;;;Scontro laterale fra veicoli in marcia;Intersezione semaforizzata;Più di due carreggiate;Asciutto;Asfaltata;Verticale ed orizzontale;Sereno;Normale;Buona;Ore Diurne;0;0;0;5;;;0;1;Autovettura privata;In marcia / fermata / arresto;Nissan;Micra;Passeggero;1993;M;Illeso;0;;Non accertato;Inesploso
3656081;3;25/01/2018 15:45:00;Strada Urbana;VIA GIOVANNI BATTISTA MORGAGNI;all'intersezione semaforizzata con;VIALE REGINA MARGHERITA;VIALE REGINA MARGHERITA;;;Scontro laterale fra veicoli in marcia;Intersezione semaforizzata;Più di due carreggiate;Asciutto;Asfaltata;Verticale ed orizzontale;Sereno;Normale;Buona;Ore Diurne;0;0;0;5;;;0;2;Autovettura privata;In marcia / fermata / arresto;Audi;Q 5;Conducente;1964;M;Illeso;0;;Non accertato;Inesploso
3656081;3;25/01/2018 15:45:00;Strada Urbana;VIA GIOVANNI BATTISTA MORGAGNI;all'intersezione semaforizzata con;VIALE REGINA MARGHERITA;VIALE REGINA MARGHERITA;;;Scontro laterale fra veicoli in marcia;Intersezione semaforizzata;Più di due carreggiate;Asciutto;Asfaltata;Verticale ed orizzontale;Sereno;Normale;Buona;Ore Diurne;0;0;0;5;;;0;2;Autovettura privata;In marcia / fermata / arresto;Audi;Q 5;Passeggero;2008;F;Illeso;0;;Non accertato;Inesploso
3656081;3;25/01/2018 15:45:00;Strada Urbana;VIA GIOVANNI BATTISTA MORGAGNI;all'intersezione semaforizzata con;VIALE REGINA MARGHERITA;VIALE REGINA MARGHERITA;;;Scontro laterale fra veicoli in marcia;Intersezione semaforizzata;Più di due carreggiate;Asciutto;Asfaltata;Verticale ed orizzontale;Sereno;Normale;Buona;Ore Diurne;0;0;0;5;;;0;2;Autovettura privata;In marcia / fermata / arresto;Audi;Q 5;Passeggero;2008;M;Illeso;0;;Non accertato;Inesploso
3656085;4;25/01/2018 13:00:00;;VIA PUPELLA MAGGIO;all'intersezione con;VIALE GOFFREDO LOMBARDO;VIALE GOFFREDO LOMBARDO;;;Scontro frontale/laterale SX fra veicoli in marcia;;;;;;;;;;0;0;0;2;12,53134;41,97528;0;1;Autovettura privata;In marcia / fermata / arresto;Toyota;Aygo;Conducente;1979;M;Illeso;0;;;
3656085;4;25/01/2018 13:00:00;;VIA PUPELLA MAGGIO;all'intersezione con;VIALE GOFFREDO LOMBARDO;VIALE GOFFREDO LOMBARDO;;;Scontro frontale/laterale SX fra veicoli in marcia;;;;;;;;;;0;0;0;2;12,53134;41,97528;0;2;Autovettura privata;In marcia / fermata / arresto;Toyota;I Q;Conducente;1952;M;Illeso;0;;;
3656087;4;25/01/2018 15:00:00;;VIA VIRGILIO TALLI;all'intersezione con;VIA DEI COLLI DELLA SERPENTARA;VIA DEI COLLI DELLA SERPENTARA;;;Scontro frontale/laterale SX fra veicoli in marcia;;;;;;;;;;1;0;0;1;12,52293;41,96465;0;1;Autovettura privata;In marcia / fermata / arresto;Alfa Lancia;Y;Conducente;1949;F;Rifiuta cure immediate;0;NON DECEDUTO;;
3656087;4;25/01/2018 15:00:00;;VIA VIRGILIO TALLI;all'intersezione con;VIA DEI COLLI DELLA SERPENTARA;VIA DEI COLLI DELLA SERPENTARA;;;Scontro frontale/laterale SX fra veicoli in marcia;;;;;;;;;;1;0;0;1;12,52293;41,96465;0;2;Autovettura privata;In marcia / fermata / arresto;Mercedes;A;Conducente;1985;M;Illeso;0;;;
3656104;8;25/01/2018 18:00:00;;VIA CASILINA;in corrispondenza;;del civico n.;1759;;Scontro laterale fra veicoli in marcia;;;;;;;;;;1;0;0;1;12,66989;41,86433;0;1;Autovettura privata;In marcia / fermata / arresto;Peugeot;107;Conducente;1974;M;Illeso;0;;;
3656104;8;25/01/2018 18:00:00;;VIA CASILINA;in corrispondenza;;del civico n.;1759;;Scontro laterale fra veicoli in marcia;;;;;;;;;;1;0;0;1;12,66989;41,86433;0;2;Motociclo a solo;In marcia / fermata / arresto;Yamaha;SH05;Conducente;1959;M;Rifiuta cure immediate;0;NON DECEDUTO;;
3656106;8;25/01/2018 13:05:00;Strada Urbana;VIA ACQUARONI;all'intersezione con;VIA MARIO CORA;VIA MARIO CORA;;;Scontro frontale/laterale DX fra veicoli in marcia;Incrocio;Una carreggiata a doppio senso;Asciutto;Asfaltata;Verticale ed orizzontale;Sereno;Normale;Buona;Ore Diurne;0;0;0;2;12,64433;41,86576;0;1;Autovettura privata;In marcia / fermata / arresto;Fiat;500 L;Conducente;1949;M;Illeso;0;;Non accertato;Inesploso
3656106;8;25/01/2018 13:05:00;Strada Urbana;VIA ACQUARONI;all'intersezione con;VIA MARIO CORA;VIA MARIO CORA;;;Scontro frontale/laterale DX fra veicoli in marcia;Incrocio;Una carreggiata a doppio senso;Asciutto;Asfaltata;Verticale ed orizzontale;Sereno;Normale;Buona;Ore Diurne;0;0;0;2;12,64433;41,86576;0;2;Autovettura privata;In marcia / fermata / arresto;Opel;Astra;Conducente;1961;F;Illeso;0;;Non accertato;Inesploso
3656108;8;25/01/2018 08:00:00;;VIA BORGHESIANA;in corrispondenza;;del civico n.;277;;Scontro frontale/laterale SX fra veicoli in marcia;;;;;;;;;;0;0;0;3;12,67458;41,86824;0;1;Autovettura privata;In marcia / fermata / arresto;Smart ;Smart for two coupè;Conducente;1985;F;Illeso;0;;;
3656108;8;25/01/2018 08:00:00;;VIA BORGHESIANA;in corrispondenza;;del civico n.;277;;Scontro frontale/laterale SX fra veicoli in marcia;;;;;;;;;;0;0;0;3;12,67458;41,86824;0;2;Autovettura privata;In marcia / fermata / arresto;Opel;Zafira;Conducente;1983;F;Illeso;0;;;
3656108;8;25/01/2018 08:00:00;;VIA BORGHESIANA;in corrispondenza;;del civico n.;277;;Scontro frontale/laterale SX fra veicoli in marcia;;;;;;;;;;0;0;0;3;12,67458;41,86824;0;2;Autovettura privata;In marcia / fermata / arresto;Opel;Zafira;Passeggero;2003;M;Illeso;0;;Non accertato;Inesploso
3656113;8;25/01/2018 18:00:00;;VIA NATALE BALBIANI;all'intersezione con;VIALE DUILIO CAMBELLOTTI;VIALE DUILIO CAMBELLOTTI;;;Tamponamento;;;;;;;;;;0;0;0;1;12,63264;41,86947;0;1;Motociclo a solo;In marcia / fermata / arresto;Peugeot;SATELIS;Conducente;1965;M;Illeso;0;;Non accertato;
3656114;8;26/01/2018 08:15:00;;VIA CASILINA;da specificare;;;;DIREZIONE ROMA CENTRO ALT. GRA;Investimento di pedone;;;;;;;;;;0;0;0;3;12,6022;41,86512;0;1;Autocarro inferiore 35 q.;In marcia / fermata / arresto;Renault;(non accertato);Conducente;1968;M;Illeso;0;;;
3656114;8;26/01/2018 08:15:00;;VIA CASILINA;da specificare;;;;DIREZIONE ROMA CENTRO ALT. GRA;Investimento di pedone;;;;;;;;;;0;0;0;3;12,6022;41,86512;0;2;Autovettura privata;In marcia / fermata / arresto;Ford;Fiesta;Conducente;1992;F;Illeso;0;;;
3656114;8;26/01/2018 08:15:00;;VIA CASILINA;da specificare;;;;DIREZIONE ROMA CENTRO ALT. GRA;Investimento di pedone;;;;;;;;;;0;0;0;3;12,6022;41,86512;0;2;Autovettura privata;In marcia / fermata / arresto;Ford;Fiesta;Passeggero;1982;M;Illeso;0;;;
3656118;9;26/01/2018 06:40:00;Strada Urbana;VIA TUSCOLANA;all'intersezione con;VIA GELA;VIA GELA;;;Scontro laterale fra veicoli in marcia;Intersezione semaforizzata;Una carreggiata a doppio senso;Asciutto;Asfaltata;Verticale ed orizzontale;Sereno;Normale;Buona;Ore Diurne;0;0;0;3;;;0;1;Autocarro inferiore 35 q.;In marcia / fermata / arresto;Mercedes;308  DF;Conducente;1993;M;Illeso;0;;Non accertato;Inesploso
3656118;9;26/01/2018 06:40:00;Strada Urbana;VIA TUSCOLANA;all'intersezione con;VIA GELA;VIA GELA;;;Scontro laterale fra veicoli in marcia;Intersezione semaforizzata;Una carreggiata a doppio senso;Asciutto;Asfaltata;Verticale ed orizzontale;Sereno;Normale;Buona;Ore Diurne;0;0;0;3;;;0;1;Autocarro inferiore 35 q.;In marcia / fermata / arresto;Mercedes;308  DF;Passeggero;1984;M;Illeso;0;;Non accertato;Inesploso
3656118;9;26/01/2018 06:40:00;Strada Urbana;VIA TUSCOLANA;all'intersezione con;VIA GELA;VIA GELA;;;Scontro laterale fra veicoli in marcia;Intersezione semaforizzata;Una carreggiata a doppio senso;Asciutto;Asfaltata;Verticale ed orizzontale;Sereno;Normale;Buona;Ore Diurne;0;0;0;3;;;0;2;Autovettura privata;In marcia / fermata / arresto;BMW;--;Conducente;1963;M;Illeso;0;;Non accertato;Inesploso
3656151;12;17/01/2018 21:15:00;Strada Urbana;VIA FRANCESCO SAPORI;da specificare;;;;altezza mercato Laurentino dir. V. I. Silone;Veicolo in marcia contro ostacolo accidentale;Rettilineo;Due carreggiate;Asciutto;Asfaltata;Verticale ed orizzontale;Sereno;Scarso;Sufficiente;Sufficiente;0;0;0;1;;;0;1;Autovettura privata;In marcia / fermata / arresto;Mercedes;Classe B;Conducente;1984;M;Illeso;0;;Utilizzato;
3656153;17;26/01/2018 09:00:00;Strada Urbana;LUNGOTEVERE GUGLIELMO OBERDAN;all'intersezione con;PIAZZA MONTE GRAPPA;PIAZZA MONTE GRAPPA;;;Scontro frontale/laterale DX fra veicoli in marcia;Incrocio;Una carreggiata a doppio senso;Asciutto;Asfaltata;Verticale ed orizzontale;Nuvoloso;Intenso;Buona;Ore Diurne;1;0;0;2;12,46883;41,92044;0;1;Autovettura privata;In marcia / fermata / arresto;Mercedes;(ignoto);Conducente;1965;M;Illeso;0;;Non accertato;
3656153;17;26/01/2018 09:00:00;Strada Urbana;LUNGOTEVERE GUGLIELMO OBERDAN;all'intersezione con;PIAZZA MONTE GRAPPA;PIAZZA MONTE GRAPPA;;;Scontro frontale/laterale DX fra veicoli in marcia;Incrocio;Una carreggiata a doppio senso;Asciutto;Asfaltata;Verticale ed orizzontale;Nuvoloso;Intenso;Buona;Ore Diurne;1;0;0;2;12,46883;41,92044;0;1;Autovettura privata;In marcia / fermata / arresto;Mercedes;(ignoto);Passeggero;2006;F;Illeso;0;;;
3656153;17;26/01/2018 09:00:00;Strada Urbana;LUNGOTEVERE GUGLIELMO OBERDAN;all'intersezione con;PIAZZA MONTE GRAPPA;PIAZZA MONTE GRAPPA;;;Scontro frontale/laterale DX fra veicoli in marcia;Incrocio;Una carreggiata a doppio senso;Asciutto;Asfaltata;Verticale ed orizzontale;Nuvoloso;Intenso;Buona;Ore Diurne;1;0;0;2;12,46883;41,92044;0;2;Motociclo a solo;In marcia / fermata / arresto;Honda;-;Conducente;1976;M;Rimandato;0;NON DECEDUTO;;
3656158;4;25/01/2018 16:45:00;;VIA DELLA BUFALOTTA;in prossimità;;del civico n.;1015;;Tamponamento;;;;;;;;;;0;0;0;3;12,54853;41,97461;0;1;Autovettura privata;In marcia / fermata / arresto;Renault;Megane;Conducente;1975;M;Illeso;0;;;
3656158;4;25/01/2018 16:45:00;;VIA DELLA BUFALOTTA;in prossimità;;del civico n.;1015;;Tamponamento;;;;;;;;;;0;0;0;3;12,54853;41,97461;0;1;Autovettura privata;In marcia / fermata / arresto;Renault;Megane;Passeggero;0;M;Illeso;0;;;
3656158;4;25/01/2018 16:45:00;;VIA DELLA BUFALOTTA;in prossimità;;del civico n.;1015;;Tamponamento;;;;;;;;;;0;0;0;3;12,54853;41,97461;0;2;Autovettura privata;In marcia / fermata / arresto;Toyota;Yaris;Conducente;1991;M;Illeso;0;;;
3656159;13;25/01/2018 17:15:00;;VIA GUIDO CALZA;da specificare;;;;in prox di Viale dei Romagnoli;Tamponamento;;;;;;;;;;0;0;0;2;;;0;1;Autocarro inferiore 35 q.;In marcia / fermata / arresto;Fiat;Ducato;Conducente;1958;M;Illeso;0;;Non accertato;Inesploso
3656159;13;25/01/2018 17:15:00;;VIA GUIDO CALZA;da specificare;;;;in prox di Viale dei Romagnoli;Tamponamento;;;;;;;;;;0;0;0;2;;;0;2;Autovettura privata;In marcia / fermata / arresto;Nissan;Micra;Conducente;1983;M;Illeso;0;;Non accertato;Inesploso
3656166;17;25/01/2018 23:40:00;Strada Urbana;VIA DELLA GIULIANA;all'intersezione con;VIA AUGUSTO AUBRY;VIA AUGUSTO AUBRY;;;Scontro laterale fra veicoli in marcia;Intersezione stradale segnalata;Una carreggiata a doppio senso;Asciutto;Asfaltata;Verticale ed orizzontale;Sereno;Scarso;Sufficiente;Sufficiente;0;0;0;3;12,45383;41,91503;0;1;Autovettura privata;In marcia / fermata / arresto;Mercedes;Smart Fortwo;Conducente;1992;M;Illeso;0;;;
3656166;17;25/01/2018 23:40:00;Strada Urbana;VIA DELLA GIULIANA;all'intersezione con;VIA AUGUSTO AUBRY;VIA AUGUSTO AUBRY;;;Scontro laterale fra veicoli in marcia;Intersezione stradale segnalata;Una carreggiata a doppio senso;Asciutto;Asfaltata;Verticale ed orizzontale;Sereno;Scarso;Sufficiente;Sufficiente;0;0;0;3;12,45383;41,91503;0;1;Autovettura privata;In marcia / fermata / arresto;Mercedes;Smart Fortwo;Passeggero;1996;F;Illeso;0;;;
3656166;17;25/01/2018 23:40:00;Strada Urbana;VIA DELLA GIULIANA;all'intersezione con;VIA AUGUSTO AUBRY;VIA AUGUSTO AUBRY;;;Scontro laterale fra veicoli in marcia;Intersezione stradale segnalata;Una carreggiata a doppio senso;Asciutto;Asfaltata;Verticale ed orizzontale;Sereno;Scarso;Sufficiente;Sufficiente;0;0;0;3;12,45383;41,91503;0;2;Motociclo a solo;In marcia / fermata / arresto;Honda;-;Conducente;1993;F;Illeso;0;;;
3656183;9;26/01/2018 07:10:00;Strada Urbana;LARGO LORENZO CUNEO;da specificare;;;;capolinea Atac;Investimento di pedone;Rettilineo;Più di due carreggiate;Asciutto;Asfaltata;Verticale ed orizzontale;Sereno;Normale;Buona;Ore Diurne;1;0;0;1;;;0;;;;;;Pedone;2000;F;Rimandato;0;NON DECEDUTO;;
3656183;9;26/01/2018 07:10:00;Strada Urbana;LARGO LORENZO CUNEO;da specificare;;;;capolinea Atac;Investimento di pedone;Rettilineo;Più di due carreggiate;Asciutto;Asfaltata;Verticale ed orizzontale;Sereno;Normale;Buona;Ore Diurne;1;0;0;1;;;0;1;Autobus di linea;In marcia / fermata / arresto;Fiat;Iveco;Conducente;1969;M;Illeso;0;;Non accertato;Inesploso
3656240;17;26/01/2018 02:20:00;Strada Urbana;VIA DI ACQUAFREDDA;in prossimità;;del civico n.;20;;Veicolo in marcia contro veicoli in sosta;Rettilineo;Una carreggiata a doppio senso;Asciutto;Asfaltata;Verticale ed orizzontale;Sereno;Scarso;Sufficiente;Sufficiente;0;0;0;1;12,392;41,88978;0;1;Autovettura privata;In marcia / fermata / arresto;Ford;Fiesta;Conducente;1989;F;Illeso;0;;Non accertato;Inesploso
3656277;18;26/01/2018 10:00:00;Strada Urbana;LARGO S. PIO V;da specificare;;;;fronte 13;Investimento di pedone;Rettilineo;Una carreggiata a senso unico di marcia;Asciutto;Asfaltata;Orizzontale;Sereno;Normale;Buona;Ore Diurne;1;0;0;1;12,43179;41,8965;0;;;;;;Pedone;1988;M;Rimandato;0;NON DECEDUTO;;
3656277;18;26/01/2018 10:00:00;Strada Urbana;LARGO S. PIO V;da specificare;;;;fronte 13;Investimento di pedone;Rettilineo;Una carreggiata a senso unico di marcia;Asciutto;Asfaltata;Orizzontale;Sereno;Normale;Buona;Ore Diurne;1;0;0;1;12,43179;41,8965;0;1;Autovettura privata;In marcia / fermata / arresto;Citroen;C3;Conducente;1958;M;Illeso;0;;Non accertato;Inesploso
3656300;7;26/01/2018 09:40:00;Strada Urbana;VIA DI TOR CERVARA;all'intersezione con;VIA DEGLI ARMENTI;VIA DEGLI ARMENTI;;;Scontro frontale fra veicoli in marcia;Incrocio;Una carreggiata a doppio senso;Asciutto;Asfaltata;Verticale ed orizzontale;Nuvoloso;Normale;Buona;Ore Diurne;1;0;0;1;12,58983;41,90515;0;1;Motociclo a solo;In marcia / fermata / arresto;Honda;PCX 125;Conducente;1999;M;Rimandato;0;NON DECEDUTO;Non accertato;
3656300;7;26/01/2018 09:40:00;Strada Urbana;VIA DI TOR CERVARA;all'intersezione con;VIA DEGLI ARMENTI;VIA DEGLI ARMENTI;;;Scontro frontale fra veicoli in marcia;Incrocio;Una carreggiata a doppio senso;Asciutto;Asfaltata;Verticale ed orizzontale;Nuvoloso;Normale;Buona;Ore Diurne;1;0;0;1;12,58983;41,90515;0;2;Autovettura privata;In marcia / fermata / arresto;Fiat;Panda;Conducente;1982;F;Illeso;0;;Non accertato;Inesploso
3656311;12;25/01/2018 14:30:00;Strada Urbana;VIA DI DECIMA;da specificare;;;;altezza Via delle Comete;Scontro laterale fra veicoli in marcia;Rotatoria;Una carreggiata a senso unico di marcia;Asciutto;Asfaltata;Verticale ed orizzontale;Sereno;Normale;Buona;Ore Diurne;0;0;0;2;12,45324;41,81003;0;1;Autovettura pubblica;In marcia / fermata / arresto;Fiat;Fiorino Qubo;Conducente;1971;M;Illeso;0;;Utilizzato;Inesploso
3656311;12;25/01/2018 14:30:00;Strada Urbana;VIA DI DECIMA;da specificare;;;;altezza Via delle Comete;Scontro laterale fra veicoli in marcia;Rotatoria;Una carreggiata a senso unico di marcia;Asciutto;Asfaltata;Verticale ed orizzontale;Sereno;Normale;Buona;Ore Diurne;0;0;0;2;12,45324;41,81003;0;2;Autovettura privata;In marcia / fermata / arresto;Smart ;(ignoto);Conducente;1998;F;Illeso;0;;Utilizzato;Inesploso
3656358;6;26/01/2018 09:30:00;Strada Urbana;VIA ORESTE SALOMONE;in corrispondenza;;del civico n.;46;;Veicolo in marcia contro veicolo fermo;Rettilineo;Una carreggiata a senso unico di marcia;Asciutto;Asfaltata;Temporanea di cantiere;Sereno;Scarso;Buona;Ore Diurne;0;0;0;2;12,54477;41,87754;0;1;Autocarro inferiore 35 q.;In marcia / fermata / arresto;Fiat;Iveco 110;Conducente;1981;M;Illeso;0;;Non accertato;Inesploso
3656358;6;26/01/2018 09:30:00;Strada Urbana;VIA ORESTE SALOMONE;in corrispondenza;;del civico n.;46;;Veicolo in marcia contro veicolo fermo;Rettilineo;Una carreggiata a senso unico di marcia;Asciutto;Asfaltata;Temporanea di cantiere;Sereno;Scarso;Buona;Ore Diurne;0;0;0;2;12,54477;41,87754;0;2;Macchina operatrice;In marcia / fermata / arresto;Melroe Bobcat;(ignoto);Conducente;1960;M;Illeso;0;;Non accertato;Inesploso
3656372;15;26/01/2018 11:05:00;Strada Urbana;VIA DELL'IMPRUNETA;all'intersezione con;VIA PIEVE FOSCIANA;VIA PIEVE FOSCIANA;;;Scontro frontale/laterale SX fra veicoli in marcia;Incrocio;Due carreggiate;Asciutto;Asfaltata;Verticale ed orizzontale;Nuvoloso;Normale;Buona;Ore Diurne;0;0;0;2;12,46169;41,84602;0;1;Autovettura privata;In marcia / fermata / arresto;Peugeot;107;Conducente;1998;M;Illeso;0;;Non accertato;Inesploso
3656372;15;26/01/2018 11:05:00;Strada Urbana;VIA DELL'IMPRUNETA;all'intersezione con;VIA PIEVE FOSCIANA;VIA PIEVE FOSCIANA;;;Scontro frontale/laterale SX fra veicoli in marcia;Incrocio;Due carreggiate;Asciutto;Asfaltata;Verticale ed orizzontale;Nuvoloso;Normale;Buona;Ore Diurne;0;0;0;2;12,46169;41,84602;0;2;Autovettura privata;In marcia / fermata / arresto;Renault;Scenic;Conducente;1940;M;Illeso;0;;Non accertato;Inesploso
3656472;2;25/01/2018 15:30:00;;VIA TAGLIAMENTO;in prossimità;;del civico n.;46;;Ribaltamento senza urto contro ostacolo fisso;;;;;;;;;;0;0;0;1;;;0;1;Motociclo a solo;In marcia / fermata / arresto;Honda;SH 150;Conducente;0;M;Illeso;0;;;
3656478;2;26/01/2018 03:15:00;;VIA NOMENTANA;all'intersezione con;VIA VAL D'AOSTA;VIA VAL D'AOSTA;;;Scontro frontale/laterale SX fra veicoli in marcia;;;;;;;;;;0;0;0;3;;;0;1;Autovettura privata;In marcia / fermata / arresto;Audi;A3;Conducente;1995;M;Illeso;0;;;
3656478;2;26/01/2018 03:15:00;;VIA NOMENTANA;all'intersezione con;VIA VAL D'AOSTA;VIA VAL D'AOSTA;;;Scontro frontale/laterale SX fra veicoli in marcia;;;;;;;;;;0;0;0;3;;;0;1;Autovettura privata;In marcia / fermata / arresto;Audi;A3;Passeggero;1997;M;Illeso;0;;;
3656478;2;26/01/2018 03:15:00;;VIA NOMENTANA;all'intersezione con;VIA VAL D'AOSTA;VIA VAL D'AOSTA;;;Scontro frontale/laterale SX fra veicoli in marcia;;;;;;;;;;0;0;0;3;;;0;2;Autovettura privata;In marcia / fermata / arresto;Renault;Clio;Conducente;1958;M;Illeso;0;;;
3656483;2;25/01/2018 16:05:00;;PIAZZA UNGHERIA;all'intersezione con;VIALE ROMANIA;VIALE ROMANIA;;;Scontro laterale fra veicoli in marcia;;;;;;;;;;0;0;0;3;;;0;1;Motociclo a solo;In marcia / fermata / arresto;Honda;SH;Conducente;1997;M;Illeso;0;;;
3656483;2;25/01/2018 16:05:00;;PIAZZA UNGHERIA;all'intersezione con;VIALE ROMANIA;VIALE ROMANIA;;;Scontro laterale fra veicoli in marcia;;;;;;;;;;0;0;0;3;;;0;2;Autovettura privata;In marcia / fermata / arresto;Mini;Cooper;Conducente;1968;F;Illeso;0;;;
3656483;2;25/01/2018 16:05:00;;PIAZZA UNGHERIA;all'intersezione con;VIALE ROMANIA;VIALE ROMANIA;;;Scontro laterale fra veicoli in marcia;;;;;;;;;;0;0;0;3;;;0;2;Autovettura privata;In marcia / fermata / arresto;Mini;Cooper;Passeggero;1996;F;Illeso;0;;;
3656484;2;25/01/2018 17:40:00;;CIRCONVALLAZIONE SALARIA;da specificare;;;;alt. VIA SALARIA --- dir. Foro Italico;Tamponamento Multiplo;;;;;;;;;;0;0;0;3;;;0;1;Autovettura privata;In marcia / fermata / arresto;Mini;One;Conducente;1997;F;Illeso;0;;;
3656484;2;25/01/2018 17:40:00;;CIRCONVALLAZIONE SALARIA;da specificare;;;;alt. VIA SALARIA --- dir. Foro Italico;Tamponamento Multiplo;;;;;;;;;;0;0;0;3;;;0;2;Autovettura privata;In marcia / fermata / arresto;Ford;Fiesta;Conducente;1965;M;Illeso;0;;;
3656484;2;25/01/2018 17:40:00;;CIRCONVALLAZIONE SALARIA;da specificare;;;;alt. VIA SALARIA --- dir. Foro Italico;Tamponamento Multiplo;;;;;;;;;;0;0;0;3;;;0;3;Autovettura privata;In marcia / fermata / arresto;Nissan;QASHQAI;Conducente;1944;M;Illeso;0;;;
3656495;17;26/01/2018 10:20:00;Strada Urbana;PIAZZA CAVOUR;in corrispondenza;;del civico n.;22i;;Scontro laterale fra veicoli in marcia;Rettilineo;Una carreggiata a doppio senso;Asciutto;In cubetti di porfido;Verticale ed orizzontale;Nuvoloso;Normale;Buona;Ore Diurne;0;0;0;2;12,46981;41,90594;0;1;Autobus urbano;In marcia / fermata / arresto;Iveco;Urban Way;Conducente;1979;M;Illeso;0;;;
3656495;17;26/01/2018 10:20:00;Strada Urbana;PIAZZA CAVOUR;in corrispondenza;;del civico n.;22i;;Scontro laterale fra veicoli in marcia;Rettilineo;Una carreggiata a doppio senso;Asciutto;In cubetti di porfido;Verticale ed orizzontale;Nuvoloso;Normale;Buona;Ore Diurne;0;0;0;2;12,46981;41,90594;0;2;Autocarro inferiore 35 q.;In marcia / fermata / arresto;Nissan;NV 200;Conducente;1967;M;Illeso;0;;;
3656612;20;26/01/2018 13:30:00;Strada Urbana;VIA DELLA VILLA DI LIVIA;in corrispondenza;;del civico n.;142;;Veicolo in marcia contro veicoli in sosta;Pendenza;Una carreggiata a doppio senso;Asciutto;Asfaltata;Assente;Nuvoloso;Scarso;Buona;Ore Diurne;2;1;0;0;;;0;1;Autobus urbano;Sosta;Fiat;Iveco 65;Passeggero;1955;M;Rimandato;0;NON DECEDUTO;Non accertato;Inesploso
3656612;20;26/01/2018 13:30:00;Strada Urbana;VIA DELLA VILLA DI LIVIA;in corrispondenza;;del civico n.;142;;Veicolo in marcia contro veicoli in sosta;Pendenza;Una carreggiata a doppio senso;Asciutto;Asfaltata;Assente;Nuvoloso;Scarso;Buona;Ore Diurne;2;1;0;0;;;0;1;Autobus urbano;Sosta;Fiat;Iveco 65;Passeggero;1970;F;Rimandato;0;NON DECEDUTO;Non accertato;Inesploso