Protocollo;Gruppo;DataOraIncidente;Localizzazione1;STRADA1;Localizzazione2;STRADA2;Strada02;Chilometrica;DaSpecificare;NaturaIncidente;particolaritastrade;TipoStrada;FondoStradale;Pavimentazione;Segnaletica;CondizioneAtmosferica;Traffico;Visibilita;Illuminazione;NUM_FERITI;NUM_RISERVATA;NUM_MORTI;NUM_ILLESI;Longitudine;Latitudine;Confermato;Progressivo;TipoVeicolo;StatoVeicolo;Marca;Modello;TipoPersona;AnnoNascita;Sesso;Tipolesione;Deceduto;DecedutoDopo;CinturaCascoUtilizzato;Airbag;
3659601;4;27/01/2018 18:10:00;;VIA TEOFILO FOLENGO;da specificare;;;;prossimità V. A. Fogazzaro;Veicoli in marcia contro veicoli fermi;;;;;;;;;;0;0;0;1;;;0;1;Autovettura privata;In marcia / fermata / arresto;Citroen;C 1;Conducente;1966;F;Illeso;0;;;
3659637;5;29/01/2018 08:40:00;;VIALE SACCO E VANZETTI;da specificare;;;;fronte civico 50;Tamponamento;;;;;;;;;;0;0;0;2;12,56674;41,90902;0;1;Autovettura privata;In marcia / fermata / arresto;Fiat;Panda;Conducente;1972;F;Illeso;0;;Non accertato;Inesploso
3659637;5;29/01/2018 08:40:00;;VIALE SACCO E VANZETTI;da specificare;;;;fronte civico 50;Tamponamento;;;;;;;;;;0;0;0;2;12,56674;41,90902;0;2;Autovettura privata;In marcia / fermata / arresto;Ford;Fiesta;Conducente;1960;F;Illeso;0;;Non accertato;
3659648;18;29/01/2018 06:20:00;Strada Urbana;VIA ARTURO POMPEATI LUCHINI;all'intersezione con;VIA DEL FONTANILE DI MEZZALUNA;VIA DEL FONTANILE DI MEZZALUNA;;;Scontro frontale/laterale SX fra veicoli in marcia;Rotatoria;Più di due carreggiate;Asciutto;Asfaltata;Verticale ed orizzontale;Sereno;Scarso;Sufficiente;Sufficiente;1;0;0;1;12,26262;41,90876;0;1;Autovettura privata;In marcia / fermata / arresto;Peugeot;(non accertato);Conducente;1971;M;Illeso;0;;Non accertato;Inesploso
3659648;18;29/01/2018 06:20:00;Strada Urbana;VIA ARTURO POMPEATI LUCHINI;all'intersezione con;VIA DEL FONTANILE DI MEZZALUNA;VIA DEL FONTANILE DI MEZZALUNA;;;Scontro frontale/laterale SX fra veicoli in marcia;Rotatoria;Più di due carreggiate;Asciutto;Asfaltata;Verticale ed orizzontale;Sereno;Scarso;Sufficiente;Sufficiente;1;0;0;1;12,26262;41,90876;0;2;Autovettura privata;In marcia / fermata / arresto;Mitsubishi;(ignoto);Conducente;1962;M;Rimandato;0;NON DECEDUTO;Non accertato;Esploso
3659652;7;29/01/2018 06:10:00;Strada Urbana;VIA DELLE ROBINIE;all'intersezione con;VIA DEI NOCI;VIA DEI NOCI;;;Scontro frontale/laterale DX fra veicoli in marcia;Incrocio;Una carreggiata a doppio senso;Asciutto;Asfaltata;Verticale ed orizzontale;Sereno;Scarso;Sufficiente;Sufficiente;1;0;0;4;;;0;1;Autovettura privata;In marcia / fermata / arresto;Renault;Scenic;Conducente;1957;M;Illeso;0;;Non accertato;Esploso
3659652;7;29/01/2018 06:10:00;Strada Urbana;VIA DELLE ROBINIE;all'intersezione con;VIA DEI NOCI;VIA DEI NOCI;;;Scontro frontale/laterale DX fra veicoli in marcia;Incrocio;Una carreggiata a doppio senso;Asciutto;Asfaltata;Verticale ed orizzontale;Sereno;Scarso;Sufficiente;Sufficiente;1;0;0;4;;;0;1;Autovettura privata;In marcia / fermata / arresto;Renault;Scenic;Passeggero;1993;F;Illeso;0;;Non accertato;Inesploso
3659652;7;29/01/2018 06:10:00;Strada Urbana;VIA DELLE ROBINIE;all'intersezione con;VIA DEI NOCI;VIA DEI NOCI;;;Scontro frontale/laterale DX fra veicoli in marcia;Incrocio;Una carreggiata a doppio senso;Asciutto;Asfaltata;Verticale ed orizzontale;Sereno;Scarso;Sufficiente;Sufficiente;1;0;0;4;;;0;1;Autovettura privata;In marcia / fermata / arresto;Renault;Scenic;Passeggero;1998;M;Rimandato;0;NON DECEDUTO;Non accertato;Inesploso
3659652;7;29/01/2018 06:10:00;Strada Urbana;VIA DELLE ROBINIE;all'intersezione con;VIA DEI NOCI;VIA DEI NOCI;;;Scontro frontale/laterale DX fra veicoli in marcia;Incrocio;Una carreggiata a doppio senso;Asciutto;Asfaltata;Verticale ed orizzontale;Sereno;Scarso;Sufficiente;Sufficiente;1;0;0;4;;;0;2;Autovettura privata;In marcia / fermata / arresto;Fiat;Panda;Conducente;1982;M;Illeso;0;;Non accertato;Esploso
3659652;7;29/01/2018 06:10:00;Strada Urbana;VIA DELLE ROBINIE;all'intersezione con;VIA DEI NOCI;VIA DEI NOCI;;;Scontro frontale/laterale DX fra veicoli in marcia;Incrocio;Una carreggiata a doppio senso;Asciutto;Asfaltata;Verticale ed orizzontale;Sereno;Scarso;Sufficiente;Sufficiente;1;0;0;4;;;0;2;Autovettura privata;In marcia / fermata / arresto;Fiat;Panda;Passeggero;1976;F;Illeso;0;;Non accertato;Inesploso
3659658;19;28/01/2018 11:45:00;;VIA FEDERICO BORROMEO;da specificare;;;;altezza Largo F. Borromeo;Scontro frontale/laterale DX fra veicoli in marcia;;;;;;;;;;0;0;0;2;;;0;1;Quadriciclo leggero;In marcia / fermata / arresto;AIXAM;MEGA K34V;Conducente;2000;M;Illeso;0;;;
3659658;19;28/01/2018 11:45:00;;VIA FEDERICO BORROMEO;da specificare;;;;altezza Largo F. Borromeo;Scontro frontale/laterale DX fra veicoli in marcia;;;;;;;;;;0;0;0;2;;;0;2;Autovettura privata;In marcia / fermata / arresto;Renault;Twingo;Conducente;1957;F;Illeso;0;;;
3659667;3;26/01/2018 09:50:00;;VIA NOMENTANA;in corrispondenza;;del civico n.;49;;Investimento di pedone;;;;;;;;;;1;0;0;1;;;0;;;;;;Pedone;0;M;Rifiuta cure immediate;0;NON DECEDUTO;;
3659667;3;26/01/2018 09:50:00;;VIA NOMENTANA;in corrispondenza;;del civico n.;49;;Investimento di pedone;;;;;;;;;;1;0;0;1;;;0;1;Autovettura privata;In marcia / fermata / arresto;Jaguar;(non accertato);Conducente;0;M;Illeso;0;;;
3659694;4;28/01/2018 10:20:00;;VIALE FRANCO ARCALLI;all'intersezione con;VIALE CARMELO BENE;VIALE CARMELO BENE;;;Scontro laterale fra veicoli in marcia;;;;;;;;;;0;0;0;4;;;0;1;Autovettura privata;In marcia / fermata / arresto;Toyota;Yaris;Conducente;1981;M;Illeso;0;;;
3659694;4;28/01/2018 10:20:00;;VIALE FRANCO ARCALLI;all'intersezione con;VIALE CARMELO BENE;VIALE CARMELO BENE;;;Scontro laterale fra veicoli in marcia;;;;;;;;;;0;0;0;4;;;0;1;Autovettura privata;In marcia / fermata / arresto;Toyota;Yaris;Passeggero;1978;F;Illeso;0;;Non accertato;
3659694;4;28/01/2018 10:20:00;;VIALE FRANCO ARCALLI;all'intersezione con;VIALE CARMELO BENE;VIALE CARMELO BENE;;;Scontro laterale fra veicoli in marcia;;;;;;;;;;0;0;0;4;;;0;1;Autovettura privata;In marcia / fermata / arresto;Toyota;Yaris;Passeggero;2015;F;Illeso;0;;;
3659694;4;28/01/2018 10:20:00;;VIALE FRANCO ARCALLI;all'intersezione con;VIALE CARMELO BENE;VIALE CARMELO BENE;;;Scontro laterale fra veicoli in marcia;;;;;;;;;;0;0;0;4;;;0;2;Autovettura privata;In marcia / fermata / arresto;Ford;Fiesta;Conducente;1962;M;Illeso;0;;;
3659695;3;26/01/2018 13:10:00;;VIA TIBURTINA;in prossimità;;del civico n.;249;;Veicolo in marcia contro veicoli in sosta;;;;;;;;;;1;0;0;1;;;0;1;Motociclo a solo;In marcia / fermata / arresto;Honda;sh300;Conducente;0;M;Rifiuta cure immediate;0;NON DECEDUTO;;
3659695;3;26/01/2018 13:10:00;;VIA TIBURTINA;in prossimità;;del civico n.;249;;Veicolo in marcia contro veicoli in sosta;;;;;;;;;;1;0;0;1;;;0;4;Autovettura privata;In marcia / fermata / arresto;Suzuki;Swift;Conducente;0;M;Illeso;0;;;
3659699;4;27/01/2018 18:30:00;;VIA RENATO FUCINI;in corrispondenza;;del civico n.;312;;Investimento di pedone;;;;;;;;;;0;0;0;5;;;0;;;;;;Pedone;1953;F;Illeso;0;;;
3659699;4;27/01/2018 18:30:00;;VIA RENATO FUCINI;in corrispondenza;;del civico n.;312;;Investimento di pedone;;;;;;;;;;0;0;0;5;;;0;1;Autovettura privata;In marcia / fermata / arresto;Citroen;C 1;Conducente;1983;M;Illeso;0;;;
3659699;4;27/01/2018 18:30:00;;VIA RENATO FUCINI;in corrispondenza;;del civico n.;312;;Investimento di pedone;;;;;;;;;;0;0;0;5;;;0;1;Autovettura privata;In marcia / fermata / arresto;Citroen;C 1;Passeggero;1989;F;Illeso;0;;;
3659699;4;27/01/2018 18:30:00;;VIA RENATO FUCINI;in corrispondenza;;del civico n.;312;;Investimento di pedone;;;;;;;;;;0;0;0;5;;;0;1;Autovettura privata;In marcia / fermata / arresto;Citroen;C 1;Passeggero;1995;F;Illeso;0;;;
3659699;4;27/01/2018 18:30:00;;VIA RENATO FUCINI;in corrispondenza;;del civico n.;312;;Investimento di pedone;;;;;;;;;;0;0;0;5;;;0;1;Autovettura privata;In marcia / fermata / arresto;Citroen;C 1;Passeggero;2014;F;Illeso;0;;;
3659700;13;29/01/2018 09:30:00;Strada Urbana;VIA DI SAPONARA;all'intersezione con;VIA DEL FOSSO DI DRAGONCELLO;VIA DEL FOSSO DI DRAGONCELLO;;;Scontro frontale/laterale DX fra veicoli in marcia;Incrocio;Una carreggiata a doppio senso;Asciutto;Asfaltata;Orizzontale;Sereno;Normale;Buona;Ore Diurne;0;0;0;3;12,34524;41,77414;0;1;Autovettura privata;In marcia / fermata / arresto;Fiat;Panda;Conducente;1975;F;Illeso;0;;Non accertato;Inesploso
3659700;13;29/01/2018 09:30:00;Strada Urbana;VIA DI SAPONARA;all'intersezione con;VIA DEL FOSSO DI DRAGONCELLO;VIA DEL FOSSO DI DRAGONCELLO;;;Scontro frontale/laterale DX fra veicoli in marcia;Incrocio;Una carreggiata a doppio senso;Asciutto;Asfaltata;Orizzontale;Sereno;Normale;Buona;Ore Diurne;0;0;0;3;12,34524;41,77414;0;1;Autovettura privata;In marcia / fermata / arresto;Fiat;Panda;Passeggero;1952;M;Illeso;0;;Non accertato;Inesploso
3659700;13;29/01/2018 09:30:00;Strada Urbana;VIA DI SAPONARA;all'intersezione con;VIA DEL FOSSO DI DRAGONCELLO;VIA DEL FOSSO DI DRAGONCELLO;;;Scontro frontale/laterale DX fra veicoli in marcia;Incrocio;Una carreggiata a doppio senso;Asciutto;Asfaltata;Orizzontale;Sereno;Normale;Buona;Ore Diurne;0;0;0;3;12,34524;41,77414;0;2;Autocarro inferiore 35 q.;In marcia / fermata / arresto;Iveco Magirus;stralis;Conducente;1960;M;Illeso;0;;Non accertato;Inesploso
3659722;3;26/01/2018 15:45:00;;VIA NOMENTANA;da specificare;;;;fronte  civ.329;Veicolo in marcia contro veicoli in arresto;;;;;;;;;;0;0;0;3;;;0;1;Autovettura privata;In marcia / fermata / arresto;Smart ;-;Conducente;0;M;Illeso;0;;;
3659722;3;26/01/2018 15:45:00;;VIA NOMENTANA;da specificare;;;;fronte  civ.329;Veicolo in marcia contro veicoli in arresto;;;;;;;;;;0;0;0;3;;;0;1;Autovettura privata;In marcia / fermata / arresto;Smart ;-;Passeggero;0;M;Illeso;0;;;
3659722;3;26/01/2018 15:45:00;;VIA NOMENTANA;da specificare;;;;fronte  civ.329;Veicolo in marcia contro veicoli in arresto;;;;;;;;;;0;0;0;3;;;0;2;Motociclo a solo;In marcia / fermata / arresto;Yamaha;TDM 900;Conducente;0;M;Illeso;0;;;
3659735;16;26/01/2018 14:30:00;;VIALE DEI COLLI PORTUENSI;all'intersezione semaforizzata con;LARGO ALBERTO MISSIROLI;LARGO ALBERTO MISSIROLI;;;Scontro frontale/laterale SX fra veicoli in marcia;;;;;;;;;;0;0;0;4;;;0;1;Autovettura privata;In marcia / fermata / arresto;Toyota;AYGO';Conducente;0;F;Illeso;0;;;
3659735;16;26/01/2018 14:30:00;;VIALE DEI COLLI PORTUENSI;all'intersezione semaforizzata con;LARGO ALBERTO MISSIROLI;LARGO ALBERTO MISSIROLI;;;Scontro frontale/laterale SX fra veicoli in marcia;;;;;;;;;;0;0;0;4;;;0;2;Autovettura privata;In marcia / fermata / arresto;Renault;Modus;Conducente;0;M;Illeso;0;;;
3659735;16;26/01/2018 14:30:00;;VIALE DEI COLLI PORTUENSI;all'intersezione semaforizzata con;LARGO ALBERTO MISSIROLI;LARGO ALBERTO MISSIROLI;;;Scontro frontale/laterale SX fra veicoli in marcia;;;;;;;;;;0;0;0;4;;;0;2;Autovettura privata;In marcia / fermata / arresto;Renault;Modus;Passeggero;0;M;Illeso;0;;;
3659735;16;26/01/2018 14:30:00;;VIALE DEI COLLI PORTUENSI;all'intersezione semaforizzata con;LARGO ALBERTO MISSIROLI;LARGO ALBERTO MISSIROLI;;;Scontro frontale/laterale SX fra veicoli in marcia;;;;;;;;;;0;0;0;4;;;0;5;Autovettura privata;In marcia / fermata / arresto;Ford;KA;Conducente;1989;M;Illeso;0;;;
3659741;3;27/01/2018 09:55:00;Strada Urbana;VIA NOMENTANA;all'intersezione semaforizzata con;VIALE GORIZIA;VIALE GORIZIA;;;Scontro laterale fra veicoli in marcia;Intersezione semaforizzata;Più di due carreggiate;Asciutto;Asfaltata;Verticale ed orizzontale;Sereno;Normale;Buona;Ore Diurne;0;0;0;3;;;0;1;Autovettura privata;In marcia / fermata / arresto;Smart ;Fortwo Coupe;Conducente;1991;M;Illeso;0;;Non accertato;Inesploso
3659741;3;27/01/2018 09:55:00;Strada Urbana;VIA NOMENTANA;all'intersezione semaforizzata con;VIALE GORIZIA;VIALE GORIZIA;;;Scontro laterale fra veicoli in marcia;Intersezione semaforizzata;Più di due carreggiate;Asciutto;Asfaltata;Verticale ed orizzontale;Sereno;Normale;Buona;Ore Diurne;0;0;0;3;;;0;2;Autocarro inferiore 35 q.;In marcia / fermata / arresto;Nissan;CAB STAR;Conducente;1982;M;Illeso;0;;Non accertato;Inesploso
3659741;3;27/01/2018 09:55:00;Strada Urbana;VIA NOMENTANA;all'intersezione semaforizzata con;VIALE GORIZIA;VIALE GORIZIA;;;Scontro laterale fra veicoli in marcia;Intersezione semaforizzata;Più di due carreggiate;Asciutto;Asfaltata;Verticale ed orizzontale;Sereno;Normale;Buona;Ore Diurne;0;0;0;3;;;0;2;Autocarro inferiore 35 q.;In marcia / fermata / arresto;Nissan;CAB STAR;Passeggero;1979;M;Illeso;0;;Non accertato;Inesploso
3659745;4;28/01/2018 01:20:00;;VIA NOMENTANA;all'intersezione con;VIA GASPARA STAMPA;VIA GASPARA STAMPA;;;Tamponamento;;;;;;;;;;2;0;0;3;;;0;1;Autovettura privata;In marcia / fermata / arresto;Nissan;Micra;Conducente;1999;F;Illeso;0;;;
3659745;4;28/01/2018 01:20:00;;VIA NOMENTANA;all'intersezione con;VIA GASPARA STAMPA;VIA GASPARA STAMPA;;;Tamponamento;;;;;;;;;;2;0;0;3;;;0;1;Autovettura privata;In marcia / fermata / arresto;Nissan;Micra;Passeggero;1999;F;Illeso;0;;;
3659745;4;28/01/2018 01:20:00;;VIA NOMENTANA;all'intersezione con;VIA GASPARA STAMPA;VIA GASPARA STAMPA;;;Tamponamento;;;;;;;;;;2;0;0;3;;;0;2;Motociclo a solo;In marcia / fermata / arresto;Suzuki;SIXTEEN;Conducente;1991;M;Rifiuta cure immediate;0;NON DECEDUTO;;
3659745;4;28/01/2018 01:20:00;;VIA NOMENTANA;all'intersezione con;VIA GASPARA STAMPA;VIA GASPARA STAMPA;;;Tamponamento;;;;;;;;;;2;0;0;3;;;0;2;Motociclo a solo;In marcia / fermata / arresto;Suzuki;SIXTEEN;Passeggero;1996;F;Rifiuta cure immediate;0;NON DECEDUTO;;
3659746;20;29/01/2018 09:30:00;Strada Urbana;VIA BRACCIANENSE;in prossimità;;del civico n.;75/A - 79;;Scontro laterale fra veicoli in marcia;Curva senza visuale libera;Una carreggiata a doppio senso;Asciutto;Asfaltata;Verticale ed orizzontale;Sereno;Scarso;Buona;Ore Diurne;0;0;0;3;;;0;1;Autovettura privata;In marcia / fermata / arresto;Opel;Corsa Adam;Conducente;1967;M;Illeso;0;;Non accertato;Inesploso
3659746;20;29/01/2018 09:30:00;Strada Urbana;VIA BRACCIANENSE;in prossimità;;del civico n.;75/A - 79;;Scontro laterale fra veicoli in marcia;Curva senza visuale libera;Una carreggiata a doppio senso;Asciutto;Asfaltata;Verticale ed orizzontale;Sereno;Scarso;Buona;Ore Diurne;0;0;0;3;;;0;1;Autovettura privata;In marcia / fermata / arresto;Opel;Corsa Adam;Passeggero;1959;F;Illeso;0;;Non accertato;Inesploso
3659746;20;29/01/2018 09:30:00;Strada Urbana;VIA BRACCIANENSE;in prossimità;;del civico n.;75/A - 79;;Scontro laterale fra veicoli in marcia;Curva senza visuale libera;Una carreggiata a doppio senso;Asciutto;Asfaltata;Verticale ed orizzontale;Sereno;Scarso;Buona;Ore Diurne;0;0;0;3;;;0;2;Autovettura privata;In marcia / fermata / arresto;Fiat;Panda;Conducente;1961;M;Illeso;0;;Non accertato;Inesploso
3659758;3;27/01/2018 20:00:00;;VIALE VENTUNO APRILE;all'intersezione semaforizzata con;LARGO VENTUNO APRILE;LARGO VENTUNO APRILE;;;Veicolo in marcia contro veicolo fermo;;;;;;;;;;0;0;0;2;;;0;1;Altro;In marcia / fermata / arresto;Fiat Iveco;(non accertato);Conducente;0;M;Illeso;0;;;
3659758;3;27/01/2018 20:00:00;;VIALE VENTUNO APRILE;all'intersezione semaforizzata con;LARGO VENTUNO APRILE;LARGO VENTUNO APRILE;;;Veicolo in marcia contro veicolo fermo;;;;;;;;;;0;0;0;2;;;0;2;Autovettura privata;In marcia / fermata / arresto;Fiat;600;Conducente;0;M;Illeso;0;;;
3659779;3;27/01/2018 20:45:00;Strada Urbana;Tang Est dir San Giovanni;da specificare;;;;altezza palo luce 55;Tamponamento Multiplo;Rettilineo;Due carreggiate;Asciutto;Asfaltata;Assente;Sereno;Normale;Buona;Sufficiente;0;0;0;4;;;0;1;Autovettura privata;In marcia / fermata / arresto;Fiat;Punto;Conducente;1977;M;Illeso;0;;Non accertato;Inesploso
3659779;3;27/01/2018 20:45:00;Strada Urbana;Tang Est dir San Giovanni;da specificare;;;;altezza palo luce 55;Tamponamento Multiplo;Rettilineo;Due carreggiate;Asciutto;Asfaltata;Assente;Sereno;Normale;Buona;Sufficiente;0;0;0;4;;;0;1;Autovettura privata;In marcia / fermata / arresto;Fiat;Punto;Passeggero;1978;M;Illeso;0;;Non accertato;Inesploso
3659779;3;27/01/2018 20:45:00;Strada Urbana;Tang Est dir San Giovanni;da specificare;;;;altezza palo luce 55;Tamponamento Multiplo;Rettilineo;Due carreggiate;Asciutto;Asfaltata;Assente;Sereno;Normale;Buona;Sufficiente;0;0;0;4;;;0;2;Autocarro inferiore 35 q.;In marcia / fermata / arresto;Ford;Transit;Conducente;1983;M;Illeso;0;;Non accertato;Inesploso
3659779;3;27/01/2018 20:45:00;Strada Urbana;Tang Est dir San Giovanni;da specificare;;;;altezza palo luce 55;Tamponamento Multiplo;Rettilineo;Due carreggiate;Asciutto;Asfaltata;Assente;Sereno;Normale;Buona;Sufficiente;0;0;0;4;;;0;3;Autovettura privata;In marcia / fermata / arresto;Mercedes;E250;Conducente;1960;M;Illeso;0;;Non accertato;Inesploso
3659780;16;26/01/2018 18:30:00;;VIA CAMILLO SERAFINI;all'intersezione con;VIA SILVESTRI;VIA SILVESTRI;;;Scontro frontale/laterale DX fra veicoli in marcia;;;;;;;;;;0;0;0;3;12,42772;41,87862;0;1;Motociclo a solo;In marcia / fermata / arresto;Honda;SH-300;Conducente;0;M;Illeso;0;;;
3659780;16;26/01/2018 18:30:00;;VIA CAMILLO SERAFINI;all'intersezione con;VIA SILVESTRI;VIA SILVESTRI;;;Scontro frontale/laterale DX fra veicoli in marcia;;;;;;;;;;0;0;0;3;12,42772;41,87862;0;2;Autovettura privata;In marcia / fermata / arresto;BMW;120 D;Conducente;0;M;Illeso;0;;;
3659780;16;26/01/2018 18:30:00;;VIA CAMILLO SERAFINI;all'intersezione con;VIA SILVESTRI;VIA SILVESTRI;;;Scontro frontale/laterale DX fra veicoli in marcia;;;;;;;;;;0;0;0;3;12,42772;41,87862;0;2;Autovettura privata;In marcia / fermata / arresto;BMW;120 D;Passeggero;0;F;Illeso;0;;;
3659796;4;28/01/2018 22:20:00;;VIA SALARIA;da specificare;;;;dir. Rieti altezza cavalcavia Villa Spada;Tamponamento;;;;;;;;;;0;0;0;3;;;0;1;Autovettura privata;In marcia / fermata / arresto;Ford;Fiesta;Conducente;1970;M;Illeso;0;;;
3659796;4;28/01/2018 22:20:00;;VIA SALARIA;da specificare;;;;dir. Rieti altezza cavalcavia Villa Spada;Tamponamento;;;;;;;;;;0;0;0;3;;;0;1;Autovettura privata;In marcia / fermata / arresto;Ford;Fiesta;Passeggero;0;F;Illeso;0;;;
3659796;4;28/01/2018 22:20:00;;VIA SALARIA;da specificare;;;;dir. Rieti altezza cavalcavia Villa Spada;Tamponamento;;;;;;;;;;0;0;0;3;;;0;2;Autovettura privata;In marcia / fermata / arresto;BMW;325;Conducente;1985;M;Illeso;0;;;
3659837;16;26/01/2018 18:45:00;;VIA ISACCO ARTOM;all'intersezione con;VIALE DEI COLLI PORTUENSI;VIALE DEI COLLI PORTUENSI;;;Investimento di pedone;;;;;;;;;;0;0;0;2;12,44227;41,85681;0;;;;;;Pedone;0;M;Illeso;0;;;
3659837;16;26/01/2018 18:45:00;;VIA ISACCO ARTOM;all'intersezione con;VIALE DEI COLLI PORTUENSI;VIALE DEI COLLI PORTUENSI;;;Investimento di pedone;;;;;;;;;;0;0;0;2;12,44227;41,85681;0;1;Autovettura privata;In marcia / fermata / arresto;Citroen;C 3;Conducente;0;M;Illeso;0;;;
3659848;6;29/01/2018 08:40:00;;VIALE GIOVANNI BATTISTA VALENTE;all'intersezione con;VIA ALFREDO COVELLI;VIA ALFREDO COVELLI;;;Scontro laterale fra veicoli in marcia;;;;;;;;;;2;0;0;1;;;0;1;Motociclo a solo;In marcia / fermata / arresto;Honda;SH;Conducente;1980;M;Rifiuta cure immediate;0;NON DECEDUTO;;
3659848;6;29/01/2018 08:40:00;;VIALE GIOVANNI BATTISTA VALENTE;all'intersezione con;VIA ALFREDO COVELLI;VIA ALFREDO COVELLI;;;Scontro laterale fra veicoli in marcia;;;;;;;;;;2;0;0;1;;;0;1;Motociclo a solo;In marcia / fermata / arresto;Honda;SH;Passeggero;1975;F;Rifiuta cure immediate;0;NON DECEDUTO;;
3659848;6;29/01/2018 08:40:00;;VIALE GIOVANNI BATTISTA VALENTE;all'intersezione con;VIA ALFREDO COVELLI;VIA ALFREDO COVELLI;;;Scontro laterale fra veicoli in marcia;;;;;;;;;;2;0;0;1;;;0;2;Autovettura privata;In marcia / fermata / arresto;Fiat;Punto;Conducente;1973;M;Illeso;0;;;
3659851;18;29/01/2018 09:10:00;Strada Urbana;VIA DEL QUARTACCIO;all'intersezione con;VIA DI BOCCEA;VIA DI BOCCEA;;;Scontro laterale fra veicoli in marcia;Incrocio;Due carreggiate;Asciutto;Asfaltata;Verticale ed orizzontale;Sereno;Normale;Buona;Ore Diurne;0;0;0;2;;;0;1;Autovettura privata;In marcia / fermata / arresto;Renault;Trafic;Conducente;1959;M;Illeso;0;;Non accertato;Inesploso
3659851;18;29/01/2018 09:10:00;Strada Urbana;VIA DEL QUARTACCIO;all'intersezione con;VIA DI BOCCEA;VIA DI BOCCEA;;;Scontro laterale fra veicoli in marcia;Incrocio;Due carreggiate;Asciutto;Asfaltata;Verticale ed orizzontale;Sereno;Normale;Buona;Ore Diurne;0;0;0;2;;;0;2;Autocarro inferiore 35 q.;In marcia / fermata / arresto;Fiat Iveco;35;Conducente;1983;M;Illeso;0;;Non accertato;Inesistente
3659856;1;27/01/2018 07:15:00;;VIALE MANZONI;da specificare;;;;altezza cabina Polizia Locale Roma Capitale;Infortunio per caduta del veicolo;;;;;;;;;;0;0;0;1;;;0;1;Motociclo con passeggero;In marcia / fermata / arresto;Aprilia;Scarabeo 200;Conducente;1972;M;Illeso;0;;;
3659893;10;29/01/2018 15:50:00;Strada Urbana;VIA TUSCOLANA;in corrispondenza;;del civico n.;1388;;Tamponamento;Rettilineo;Due carreggiate;Asciutto;Asfaltata;Verticale ed orizzontale;Sereno;Normale;Buona;Ore Diurne;2;0;0;0;;;0;1;Autovettura privata;In marcia / fermata / arresto;Audi;R8;Conducente;1992;M;Rimandato;0;NON DECEDUTO;Non accertato;Inesploso
3659893;10;29/01/2018 15:50:00;Strada Urbana;VIA TUSCOLANA;in corrispondenza;;del civico n.;1388;;Tamponamento;Rettilineo;Due carreggiate;Asciutto;Asfaltata;Verticale ed orizzontale;Sereno;Normale;Buona;Ore Diurne;2;0;0;0;;;0;2;Autovettura privata;In marcia / fermata / arresto;Opel;KARL;Conducente;1982;F;Rimandato;0;NON DECEDUTO;Non accertato;Inesploso
3659922;11;29/01/2018 11:00:00;Strada Urbana;PIAZZA GEREMIA BONOMELLI;all'intersezione con;VIA FRANCESCO ORAZIO DA PENNABILLI;VIA FRANCESCO ORAZIO DA PENNABILLI;;;Scontro frontale/laterale SX fra veicoli in marcia;Incrocio;Una carreggiata a senso unico di marcia;Asciutto;Asfaltata;Verticale ed orizzontale;Sereno;Normale;Buona;Ore Diurne;0;0;0;2;;;0;1;Autovettura privata;In marcia / fermata / arresto;Volkswagen;UP;Conducente;1951;F;Illeso;0;;Non accertato;Inesploso
3659922;11;29/01/2018 11:00:00;Strada Urbana;PIAZZA GEREMIA BONOMELLI;all'intersezione con;VIA FRANCESCO ORAZIO DA PENNABILLI;VIA FRANCESCO ORAZIO DA PENNABILLI;;;Scontro frontale/laterale SX fra veicoli in marcia;Incrocio;Una carreggiata a senso unico di marcia;Asciutto;Asfaltata;Verticale ed orizzontale;Sereno;Normale;Buona;Ore Diurne;0;0;0;2;;;0;2;Autocarro inferiore 35 q.;In marcia / fermata / arresto;Citroen;Nemo;Conducente;1978;M;Illeso;0;;Non accertato;Inesploso
3659958;17;29/01/2018 08:25:00;Strada Urbana;VIA CIPRO;all'intersezione semaforizzata con;VIALE DEGLI AMMIRAGLI;VIALE DEGLI AMMIRAGLI;;;Veicolo in marcia contro ostacolo fisso;Intersezione semaforizzata;;Asciutto;Asfaltata;Verticale ed orizzontale;Sereno;Normale;Buona;Ore Diurne;1;0;0;0;;;0;1;Autovettura privata;In marcia / fermata / arresto;Toyota;Aygo;Conducente;1949;M;Rimandato;0;NON DECEDUTO;Non accertato;Inesploso
3660093;19;29/01/2018 09:00:00;;VIA TRIONFALE;in corrispondenza;;del civico n.;7199;;Tamponamento;;;;;;;;;;0;0;0;3;;;0;1;Autovettura privata;In marcia / fermata / arresto;Nissan;QASHQAI;Conducente;1957;M;Illeso;0;;;
3660093;19;29/01/2018 09:00:00;;VIA TRIONFALE;in corrispondenza;;del civico n.;7199;;Tamponamento;;;;;;;;;;0;0;0;3;;;0;2;Autovettura privata;In marcia / fermata / arresto;Audi;A 4;Conducente;1955;M;Illeso;0;;;
3660093;19;29/01/2018 09:00:00;;VIA TRIONFALE;in corrispondenza;;del civico n.;7199;;Tamponamento;;;;;;;;;;0;0;0;3;;;0;3;Motociclo a solo;In marcia / fermata / arresto;Kymco;People 125;Conducente;1964;M;Illeso;0;;;