Protocollo;Gruppo;DataOraIncidente;Localizzazione1;STRADA1;Localizzazione2;STRADA2;Strada02;Chilometrica;DaSpecificare;NaturaIncidente;particolaritastrade;TipoStrada;FondoStradale;Pavimentazione;Segnaletica;CondizioneAtmosferica;Traffico;Visibilita;Illuminazione;NUM_FERITI;NUM_RISERVATA;NUM_MORTI;NUM_ILLESI;Longitudine;Latitudine;Confermato;Progressivo;TipoVeicolo;StatoVeicolo;Marca;Modello;TipoPersona;AnnoNascita;Sesso;Tipolesione;Deceduto;DecedutoDopo;CinturaCascoUtilizzato;Airbag;
3661071;13;29/01/2018 18:50:00;;VIA ERMANNO WOLF FERRARI;all'intersezione con;VIA ALBERTO FRANCHETTI;VIA ALBERTO FRANCHETTI;;;Scontro frontale/laterale DX fra veicoli in marcia;;;;;;;;;;0;0;0;2;;;0;2;Autovettura privata;In marcia / fermata / arresto;Opel;Tigra;Conducente;1980;M;Illeso;0;;Non utilizzato;Inesploso
3661086;13;29/01/2018 21:07:00;;VIALE DEI PROMONTORI;all'intersezione con;VIALE GIUSEPPE GENOESE ZERBI;VIALE GIUSEPPE GENOESE ZERBI;;;Scontro frontale/laterale SX fra veicoli in marcia;;;;;;;;;;0;0;0;2;;;0;1;Autovettura privata;In marcia / fermata / arresto;Mitsubishi;Colt;Conducente;1960;M;Illeso;0;;;
3661086;13;29/01/2018 21:07:00;;VIALE DEI PROMONTORI;all'intersezione con;VIALE GIUSEPPE GENOESE ZERBI;VIALE GIUSEPPE GENOESE ZERBI;;;Scontro frontale/laterale SX fra veicoli in marcia;;;;;;;;;;0;0;0;2;;;0;2;Autovettura pubblica;In marcia / fermata / arresto;Opel;Insigna;Conducente;1960;M;Illeso;0;;;
3661097;13;29/01/2018 08:30:00;;VIA GIOVANNI FRANZONI;all'intersezione con;VIA DELLE ALGHE;VIA DELLE ALGHE;;;Scontro frontale/laterale SX fra veicoli in marcia;;;;;;;;;;1;0;0;1;12,31012;41,76808;0;1;Autovettura privata;In marcia / fermata / arresto;Fiat;Panda;Conducente;1945;M;Illeso;0;;Non accertato;Inesploso
3661097;13;29/01/2018 08:30:00;;VIA GIOVANNI FRANZONI;all'intersezione con;VIA DELLE ALGHE;VIA DELLE ALGHE;;;Scontro frontale/laterale SX fra veicoli in marcia;;;;;;;;;;1;0;0;1;12,31012;41,76808;0;2;Autovettura privata;In marcia / fermata / arresto;Ford;Fiesta;Conducente;1988;F;Rimandato;0;NON DECEDUTO;Utilizzato;Esploso
3661105;20;29/01/2018 15:00:00;Statale entro l'abitato;VIA CASSIA;all'intersezione con;VIA DELL'ISOLA FARNESE;VIA DELL'ISOLA FARNESE;;;Scontro frontale/laterale SX fra veicoli in marcia;Incrocio;Una carreggiata a doppio senso;Asciutto;Asfaltata;Verticale ed orizzontale;Sereno;Normale;Buona;Ore Diurne;0;0;0;2;;;0;1;Autocarro inferiore 35 q.;In marcia / fermata / arresto;Renault;Kangoo;Conducente;1958;M;Illeso;0;;Non accertato;
3661105;20;29/01/2018 15:00:00;Statale entro l'abitato;VIA CASSIA;all'intersezione con;VIA DELL'ISOLA FARNESE;VIA DELL'ISOLA FARNESE;;;Scontro frontale/laterale SX fra veicoli in marcia;Incrocio;Una carreggiata a doppio senso;Asciutto;Asfaltata;Verticale ed orizzontale;Sereno;Normale;Buona;Ore Diurne;0;0;0;2;;;0;2;Autovettura privata;In marcia / fermata / arresto;Daimler;Mercedes;Conducente;1963;M;Illeso;0;;Non accertato;
3661106;13;29/01/2018 14:30:00;;VIA DI ACILIA;all'intersezione con;VIA MIMNERMO;VIA MIMNERMO;;;Scontro laterale fra veicoli in marcia;;;;;;;;;;0;0;0;3;;;0;1;Autovettura privata;In marcia / fermata / arresto;Fiat;Doblò;Conducente;1962;M;Illeso;0;;Non accertato;Inesploso
3661106;13;29/01/2018 14:30:00;;VIA DI ACILIA;all'intersezione con;VIA MIMNERMO;VIA MIMNERMO;;;Scontro laterale fra veicoli in marcia;;;;;;;;;;0;0;0;3;;;0;1;Autovettura privata;In marcia / fermata / arresto;Fiat;Doblò;Passeggero;1997;M;Illeso;0;;Non accertato;Inesploso
3661106;13;29/01/2018 14:30:00;;VIA DI ACILIA;all'intersezione con;VIA MIMNERMO;VIA MIMNERMO;;;Scontro laterale fra veicoli in marcia;;;;;;;;;;0;0;0;3;;;0;2;Autovettura pubblica;In marcia / fermata / arresto;Nissan;quashquai;Conducente;1976;M;Illeso;0;;Non accertato;Inesploso
3661127;8;29/01/2018 09:30:00;Strada Urbana;VIA MASSA DI SAN GIULIANO;in prossimità;;del civico n.;124;;Scontro frontale/laterale SX fra veicoli in marcia;Rettilineo;Una carreggiata a doppio senso;Asciutto;Asfaltata;Assente;Sereno;Scarso;Buona;Ore Diurne;0;0;0;2;12,69855;41,90113;-1;1;Autovettura privata;In marcia / fermata / arresto;BMW;346 L;Conducente;1973;M;Illeso;0;;Non accertato;Inesploso
3661127;8;29/01/2018 09:30:00;Strada Urbana;VIA MASSA DI SAN GIULIANO;in prossimità;;del civico n.;124;;Scontro frontale/laterale SX fra veicoli in marcia;Rettilineo;Una carreggiata a doppio senso;Asciutto;Asfaltata;Assente;Sereno;Scarso;Buona;Ore Diurne;0;0;0;2;12,69855;41,90113;-1;2;Autovettura privata;In marcia / fermata / arresto;Audi;A 6;Conducente;1981;M;Illeso;0;;Non accertato;Inesploso
3661129;8;29/01/2018 10:00:00;;VIA WALTER TOBAGI;all'intersezione con;VIA CASILINA;VIA CASILINA;;;Tamponamento;;;;;;;;;;0;0;0;3;;;0;1;Autovettura di polizia;In marcia / fermata / arresto;Fiat;Bravo;Conducente;1974;M;Illeso;0;;Non accertato;Inesploso
3661129;8;29/01/2018 10:00:00;;VIA WALTER TOBAGI;all'intersezione con;VIA CASILINA;VIA CASILINA;;;Tamponamento;;;;;;;;;;0;0;0;3;;;0;1;Autovettura di polizia;In marcia / fermata / arresto;Fiat;Bravo;Passeggero;1973;M;Illeso;0;;Non accertato;Inesploso
3661129;8;29/01/2018 10:00:00;;VIA WALTER TOBAGI;all'intersezione con;VIA CASILINA;VIA CASILINA;;;Tamponamento;;;;;;;;;;0;0;0;3;;;0;2;Autobus turistico;In marcia / fermata / arresto;Fiat Iveco;(non accertato);Conducente;1962;M;Illeso;0;;Non accertato;Inesploso
3661133;20;29/01/2018 18:45:00;Regionale entro l'abitato;VIA FLAMINIA;da specificare;;;;prossimità via Bomarzo;Tamponamento;;Due carreggiate;Asciutto;Asfaltata;Orizzontale;Sereno;Intenso;Sufficiente;Sufficiente;0;0;0;4;;;0;1;Autovettura privata;In marcia / fermata / arresto;Fiat;Punto;Conducente;1976;M;Illeso;0;;Non accertato;
3661133;20;29/01/2018 18:45:00;Regionale entro l'abitato;VIA FLAMINIA;da specificare;;;;prossimità via Bomarzo;Tamponamento;;Due carreggiate;Asciutto;Asfaltata;Orizzontale;Sereno;Intenso;Sufficiente;Sufficiente;0;0;0;4;;;0;1;Autovettura privata;In marcia / fermata / arresto;Fiat;Punto;Passeggero;1947;M;Illeso;0;;Non accertato;
3661133;20;29/01/2018 18:45:00;Regionale entro l'abitato;VIA FLAMINIA;da specificare;;;;prossimità via Bomarzo;Tamponamento;;Due carreggiate;Asciutto;Asfaltata;Orizzontale;Sereno;Intenso;Sufficiente;Sufficiente;0;0;0;4;;;0;1;Autovettura privata;In marcia / fermata / arresto;Fiat;Punto;Passeggero;1964;M;Illeso;0;;Non accertato;
3661133;20;29/01/2018 18:45:00;Regionale entro l'abitato;VIA FLAMINIA;da specificare;;;;prossimità via Bomarzo;Tamponamento;;Due carreggiate;Asciutto;Asfaltata;Orizzontale;Sereno;Intenso;Sufficiente;Sufficiente;0;0;0;4;;;0;2;Autovettura privata;In marcia / fermata / arresto;Fiat;500;Conducente;1994;M;Illeso;0;;Non accertato;
3661135;8;29/01/2018 12:15:00;Strada Urbana;VIA DI TOR BELLA MONACA;da specificare;;;;rampa GRA direzione Tuscolana;Veicolo in marcia contro ostacolo accidentale;Curva senza visuale libera;Una carreggiata a senso unico di marcia;Asciutto;Con buche;Assente;Sereno;Normale;Buona;Ore Diurne;0;0;0;2;12,61672;41,88846;-1;1;Autovettura privata;In marcia / fermata / arresto;Renault;Clio;Conducente;1993;M;Illeso;0;;Non accertato;Inesploso
3661135;8;29/01/2018 12:15:00;Strada Urbana;VIA DI TOR BELLA MONACA;da specificare;;;;rampa GRA direzione Tuscolana;Veicolo in marcia contro ostacolo accidentale;Curva senza visuale libera;Una carreggiata a senso unico di marcia;Asciutto;Con buche;Assente;Sereno;Normale;Buona;Ore Diurne;0;0;0;2;12,61672;41,88846;-1;1;Autovettura privata;In marcia / fermata / arresto;Renault;Clio;Passeggero;1991;M;Illeso;0;;Non accertato;Inesploso
3661139;8;29/01/2018 14:30:00;;VIA DI TOR BELLA MONACA;da specificare;;;;altezza sottovia via del Fuoco Sacro;Tamponamento;;;;;;;;;;1;0;0;1;;;0;1;Autovettura privata;In marcia / fermata / arresto;Fiat;Croma;Conducente;1977;M;Illeso;0;;;
3661139;8;29/01/2018 14:30:00;;VIA DI TOR BELLA MONACA;da specificare;;;;altezza sottovia via del Fuoco Sacro;Tamponamento;;;;;;;;;;1;0;0;1;;;0;2;Autovettura privata;In marcia / fermata / arresto;Lancia;Ypsilon;Conducente;1989;M;Rimandato;0;NON DECEDUTO;;
3661140;13;29/01/2018 08:15:00;;VIA DI CASTEL FUSANO;all'intersezione semaforizzata con;VIA OSTIENSE;VIA OSTIENSE;;;Scontro laterale fra veicoli in marcia;;;;;;;;;;0;0;0;2;;;0;1;Autovettura privata;In marcia / fermata / arresto;Lancia;Ypsilon;Conducente;1971;F;Illeso;0;;Non accertato;Inesploso
3661140;13;29/01/2018 08:15:00;;VIA DI CASTEL FUSANO;all'intersezione semaforizzata con;VIA OSTIENSE;VIA OSTIENSE;;;Scontro laterale fra veicoli in marcia;;;;;;;;;;0;0;0;2;;;0;2;Autovettura privata;In marcia / fermata / arresto;Opel;Corsa;Conducente;1937;M;Illeso;0;;Non accertato;Inesploso
3661142;8;29/01/2018 16:00:00;Strada Urbana;VIA DI SALONE;da specificare;;;;300 m prima del civ. 368 dir. Tiburtina;Veicolo in marcia contro ostacolo fisso;Rettilineo;Una carreggiata a doppio senso;Asciutto;Asfaltata;Verticale ed orizzontale;Sereno;Normale;Buona;Ore Diurne;0;0;0;1;;;0;1;Autobus di linea;In marcia / fermata / arresto;TEMSA;AVENUE LF;Conducente;1965;M;Illeso;0;;Non accertato;Inesploso
3661153;20;29/01/2018 19:20:00;Strada Urbana;VIA DI GROTTAROSSA;in prossimità;;del civico n.;168;;Investimento di pedone;Rettilineo;Una carreggiata a doppio senso;Asciutto;Asfaltata;Verticale ed orizzontale;Sereno;Normale;Sufficiente;Sufficiente;1;0;0;1;;;0;;;;;;Pedone;1953;F;Rimandato;0;NON DECEDUTO;;
3661153;20;29/01/2018 19:20:00;Strada Urbana;VIA DI GROTTAROSSA;in prossimità;;del civico n.;168;;Investimento di pedone;Rettilineo;Una carreggiata a doppio senso;Asciutto;Asfaltata;Verticale ed orizzontale;Sereno;Normale;Sufficiente;Sufficiente;1;0;0;1;;;0;1;Autovettura privata;In marcia / fermata / arresto;Nissan;Micra;Conducente;1949;M;Illeso;0;;Non accertato;
3661171;1;29/01/2018 11:00:00;Strada Urbana;LUNGOTEVERE DEI TEBALDI;in prossimità;;del palo luce n.;6;;Scontro laterale fra veicoli in marcia;Rettilineo;Una carreggiata a senso unico di marcia;Asciutto;Asfaltata;Verticale ed orizzontale;Sereno;Normale;Buona;Ore Diurne;1;0;0;1;;;0;1;Autovettura privata;In marcia / fermata / arresto;Toyota;Aygo;Conducente;1962;M;Illeso;0;;Non accertato;Inesploso
3661171;1;29/01/2018 11:00:00;Strada Urbana;LUNGOTEVERE DEI TEBALDI;in prossimità;;del palo luce n.;6;;Scontro laterale fra veicoli in marcia;Rettilineo;Una carreggiata a senso unico di marcia;Asciutto;Asfaltata;Verticale ed orizzontale;Sereno;Normale;Buona;Ore Diurne;1;0;0;1;;;0;2;Motociclo a solo;In marcia / fermata / arresto;Yamaha;T MAX;Conducente;1965;M;Rimandato;0;NON DECEDUTO;;
3661175;5;29/01/2018 13:05:00;;VIA FILIPPO FIORENTINI;da specificare;;;;in prossimità via Zincone;Scontro frontale/laterale DX fra veicoli in marcia;;;;;;;;;;1;0;0;0;12,55625;41,90803;0;2;Motociclo a solo;In marcia / fermata / arresto;Honda;600;Conducente;0;M;Rimandato;0;NON DECEDUTO;;
3661176;6;29/01/2018 21:30:00;;VIALE DELLA PRIMAVERA;all'intersezione semaforizzata con;VIA CASILINA;VIA CASILINA;;;Scontro laterale fra veicoli in marcia;;;;;;;;;;3;0;0;0;;;0;1;Autovettura privata;In marcia / fermata / arresto;Mini;Cooper;Conducente;1978;M;Rifiuta cure immediate;0;NON DECEDUTO;;
3661176;6;29/01/2018 21:30:00;;VIALE DELLA PRIMAVERA;all'intersezione semaforizzata con;VIA CASILINA;VIA CASILINA;;;Scontro laterale fra veicoli in marcia;;;;;;;;;;3;0;0;0;;;0;2;Autovettura privata;In marcia / fermata / arresto;Nissan;Micra;Conducente;0;M;Rimandato;0;NON DECEDUTO;;
3661176;6;29/01/2018 21:30:00;;VIALE DELLA PRIMAVERA;all'intersezione semaforizzata con;VIA CASILINA;VIA CASILINA;;;Scontro laterale fra veicoli in marcia;;;;;;;;;;3;0;0;0;;;0;2;Autovettura privata;In marcia / fermata / arresto;Nissan;Micra;Passeggero;1993;M;Rimandato;0;NON DECEDUTO;;
3661189;20;29/01/2018 19:50:00;Strada Urbana;VIA DELLA RISERVA DI LIVIA;in prossimità;;del palo luce n.;20;;Scontro frontale fra veicoli in marcia;Curva senza visuale libera;Una carreggiata a doppio senso;Asciutto;Asfaltata;Orizzontale;Sereno;Scarso;Sufficiente;Sufficiente;1;0;0;2;;;0;1;Autovettura privata;In marcia / fermata / arresto;Fiat;Bravo;Conducente;1996;M;Illeso;0;;Non accertato;
3661189;20;29/01/2018 19:50:00;Strada Urbana;VIA DELLA RISERVA DI LIVIA;in prossimità;;del palo luce n.;20;;Scontro frontale fra veicoli in marcia;Curva senza visuale libera;Una carreggiata a doppio senso;Asciutto;Asfaltata;Orizzontale;Sereno;Scarso;Sufficiente;Sufficiente;1;0;0;2;;;0;1;Autovettura privata;In marcia / fermata / arresto;Fiat;Bravo;Passeggero;1996;F;Illeso;0;;Non accertato;
3661189;20;29/01/2018 19:50:00;Strada Urbana;VIA DELLA RISERVA DI LIVIA;in prossimità;;del palo luce n.;20;;Scontro frontale fra veicoli in marcia;Curva senza visuale libera;Una carreggiata a doppio senso;Asciutto;Asfaltata;Orizzontale;Sereno;Scarso;Sufficiente;Sufficiente;1;0;0;2;;;0;2;Velocipede;In marcia / fermata / arresto;BTWIN;(ignoto);Conducente;1997;M;Rimandato;0;NON DECEDUTO;Esente;
3661208;17;29/01/2018 09:00:00;Strada Urbana;VIALE GIULIO CESARE;in prossimità;;del civico n.;54P;;Scontro laterale fra veicoli in marcia;Rettilineo;Più di due carreggiate;Asciutto;Asfaltata;Verticale ed orizzontale;Sereno;Normale;Buona;Ore Diurne;0;0;0;2;;;0;1;Autovettura privata;In marcia / fermata / arresto;Opel;Corsa;Conducente;1969;F;Illeso;0;;Non accertato;Inesploso
3661208;17;29/01/2018 09:00:00;Strada Urbana;VIALE GIULIO CESARE;in prossimità;;del civico n.;54P;;Scontro laterale fra veicoli in marcia;Rettilineo;Più di due carreggiate;Asciutto;Asfaltata;Verticale ed orizzontale;Sereno;Normale;Buona;Ore Diurne;0;0;0;2;;;0;2;Motociclo a solo;In marcia / fermata / arresto;Honda;SH 150;Conducente;1972;F;Illeso;0;;Non accertato;
3661214;7;29/01/2018 17:00:00;;VIA COLLATINA;in prossimità;;del civico n.;402;;Tamponamento;;;;;;;;;;1;0;0;2;;;0;1;Autovettura privata;In marcia / fermata / arresto;Alfa Lancia;Y;Conducente;1990;F;Illeso;0;;;
3661214;7;29/01/2018 17:00:00;;VIA COLLATINA;in prossimità;;del civico n.;402;;Tamponamento;;;;;;;;;;1;0;0;2;;;0;1;Autovettura privata;In marcia / fermata / arresto;Alfa Lancia;Y;Passeggero;2017;F;Illeso;0;;;
3661214;7;29/01/2018 17:00:00;;VIA COLLATINA;in prossimità;;del civico n.;402;;Tamponamento;;;;;;;;;;1;0;0;2;;;0;2;Autovettura privata;In marcia / fermata / arresto;Mercedes;Smart;Conducente;1994;F;Rimandato;0;NON DECEDUTO;;
3661215;4;29/01/2018 12:10:00;;VIA MONTE CERVIALTO;in prossimità;;del civico n.;129B;;Tamponamento Multiplo;;;;;;;;;;0;0;0;3;;;0;1;Autovettura privata;In marcia / fermata / arresto;Lancia;Ypsilon;Conducente;1965;F;Illeso;0;;;
3661215;4;29/01/2018 12:10:00;;VIA MONTE CERVIALTO;in prossimità;;del civico n.;129B;;Tamponamento Multiplo;;;;;;;;;;0;0;0;3;;;0;2;Autovettura privata;In marcia / fermata / arresto;Peugeot;206;Conducente;1993;F;Illeso;0;;;
3661215;4;29/01/2018 12:10:00;;VIA MONTE CERVIALTO;in prossimità;;del civico n.;129B;;Tamponamento Multiplo;;;;;;;;;;0;0;0;3;;;0;3;Autovettura privata;In marcia / fermata / arresto;Nissan;Micra;Conducente;1950;F;Illeso;0;;;
3661218;5;29/01/2018 19:15:00;;VIA TIBURTINA;da specificare;;;;altezza via A. Spinelli;Veicolo in marcia contro ostacolo fisso;;;;;;;;;;1;0;0;0;12,53333;41,90826;0;1;Motociclo a solo;In marcia / fermata / arresto;Honda;SH 150;Conducente;0;M;Rimandato;0;NON DECEDUTO;;
3661219;5;30/01/2018 07:30:00;;VIA TIBURTINA;da specificare;;;;altezza rotatoria via Rubellia;Tamponamento;;;;;;;;;;0;0;0;2;;;0;1;Autovettura privata;In marcia / fermata / arresto;ford fiesta;ford;Conducente;1975;F;Illeso;0;;;
3661219;5;30/01/2018 07:30:00;;VIA TIBURTINA;da specificare;;;;altezza rotatoria via Rubellia;Tamponamento;;;;;;;;;;0;0;0;2;;;0;2;Autovettura privata;In marcia / fermata / arresto;Peugeot;206 HDI;Conducente;1988;M;Illeso;0;;;
3661224;10;30/01/2018 07:20:00;Statale entro l'abitato;VIA ANAGNINA;all'intersezione semaforizzata con;VIA DELLA MOLA CAVONA;VIA DELLA MOLA CAVONA;;;Scontro frontale/laterale SX fra veicoli in marcia;Intersezione semaforizzata;Più di due carreggiate;Asciutto;Asfaltata;Verticale ed orizzontale;Sereno;Normale;Sufficiente;Insufficiente;1;0;0;2;;;0;1;Autovettura privata;In marcia / fermata / arresto;Nissan;Navara;Conducente;1983;M;Illeso;0;;Non accertato;Inesploso
3661224;10;30/01/2018 07:20:00;Statale entro l'abitato;VIA ANAGNINA;all'intersezione semaforizzata con;VIA DELLA MOLA CAVONA;VIA DELLA MOLA CAVONA;;;Scontro frontale/laterale SX fra veicoli in marcia;Intersezione semaforizzata;Più di due carreggiate;Asciutto;Asfaltata;Verticale ed orizzontale;Sereno;Normale;Sufficiente;Insufficiente;1;0;0;2;;;0;1;Autovettura privata;In marcia / fermata / arresto;Nissan;Navara;Passeggero;1980;M;Illeso;0;;Non accertato;Inesploso
3661224;10;30/01/2018 07:20:00;Statale entro l'abitato;VIA ANAGNINA;all'intersezione semaforizzata con;VIA DELLA MOLA CAVONA;VIA DELLA MOLA CAVONA;;;Scontro frontale/laterale SX fra veicoli in marcia;Intersezione semaforizzata;Più di due carreggiate;Asciutto;Asfaltata;Verticale ed orizzontale;Sereno;Normale;Sufficiente;Insufficiente;1;0;0;2;;;0;2;Autovettura privata;In marcia / fermata / arresto;Peugeot;308;Conducente;1981;M;Rifiuta cure immediate;0;NON DECEDUTO;Non accertato;Inesploso
3661265;4;29/01/2018 15:10:00;Strada Urbana;VIA ETTORE ROMAGNOLI;in corrispondenza;;del civico n.;59;;Tamponamento;Rettilineo;Due carreggiate;Asciutto;Asfaltata;Verticale ed orizzontale;Sereno;Normale;Buona;Ore Diurne;1;0;0;1;12,547;41,94206;0;1;Autovettura privata;In marcia / fermata / arresto;Audi;(ignoto);Conducente;1957;M;Illeso;0;;Non accertato;Inesploso
3661265;4;29/01/2018 15:10:00;Strada Urbana;VIA ETTORE ROMAGNOLI;in corrispondenza;;del civico n.;59;;Tamponamento;Rettilineo;Due carreggiate;Asciutto;Asfaltata;Verticale ed orizzontale;Sereno;Normale;Buona;Ore Diurne;1;0;0;1;12,547;41,94206;0;2;Motociclo a solo;In marcia / fermata / arresto;MBK;yamaha;Conducente;1981;M;Ricoverato;0;NON DECEDUTO;Non accertato;
3661268;1;29/01/2018 08:30:00;Strada Urbana;VIA DEL TEMPIO DI DIANA;in prossimità;;del civico n.;3;;Investimento di pedone;Rettilineo;Una carreggiata a doppio senso;Asciutto;Asfaltata;Verticale ed orizzontale;Sereno;Scarso;Buona;Ore Diurne;1;0;0;1;;;0;;;;;;Pedone;1957;F;Rimandato;0;NON DECEDUTO;;
3661268;1;29/01/2018 08:30:00;Strada Urbana;VIA DEL TEMPIO DI DIANA;in prossimità;;del civico n.;3;;Investimento di pedone;Rettilineo;Una carreggiata a doppio senso;Asciutto;Asfaltata;Verticale ed orizzontale;Sereno;Scarso;Buona;Ore Diurne;1;0;0;1;;;0;1;Autovettura privata;In marcia / fermata / arresto;Volkswagen;Polo;Conducente;1976;M;Illeso;0;;Non accertato;Inesploso
3661293;19;29/01/2018 19:45:00;Strada Urbana;VIA DI TORREVECCHIA;in prossimità;;del civico n.;313;;Veicolo in marcia contro veicolo in sosta;Rettilineo;Una carreggiata a doppio senso;Asciutto;Asfaltata;Verticale ed orizzontale;Sereno;Normale;Buona;Sufficiente;0;0;0;1;12,41592;41,92704;0;2;Autovettura privata;In marcia / fermata / arresto;Volkswagen;Golf;Conducente;1970;M;Illeso;0;;Non accertato;
3661300;3;28/01/2018 21:00:00;;PIAZZA BOLOGNA;all'intersezione con;VIA LORENZO IL MAGNIFICO;VIA LORENZO IL MAGNIFICO;;;Scontro laterale fra veicoli in marcia;;;;;;;;;;0;0;0;2;;;0;1;Autovettura privata;In marcia / fermata / arresto;Fiat;500;Conducente;0;M;Illeso;0;;;
3661300;3;28/01/2018 21:00:00;;PIAZZA BOLOGNA;all'intersezione con;VIA LORENZO IL MAGNIFICO;VIA LORENZO IL MAGNIFICO;;;Scontro laterale fra veicoli in marcia;;;;;;;;;;0;0;0;2;;;0;2;Autovettura privata;In marcia / fermata / arresto;Dacia;Duster;Conducente;0;F;Illeso;0;;;
3661322;3;29/01/2018 16:15:00;Strada Urbana;VIA LAZZARO SPALLANZANI;all'intersezione semaforizzata con;VIA ANTONIO MUSA;VIA ANTONIO MUSA;;;Scontro frontale/laterale SX fra veicoli in marcia;Intersezione semaforizzata;Una carreggiata a doppio senso;Asciutto;Asfaltata;Verticale ed orizzontale;Sereno;Normale;Buona;Ore Diurne;0;0;0;4;;;0;1;Autovettura privata;In marcia / fermata / arresto;Audi;A 3;Conducente;1973;M;Illeso;0;;Non accertato;Inesploso
3661322;3;29/01/2018 16:15:00;Strada Urbana;VIA LAZZARO SPALLANZANI;all'intersezione semaforizzata con;VIA ANTONIO MUSA;VIA ANTONIO MUSA;;;Scontro frontale/laterale SX fra veicoli in marcia;Intersezione semaforizzata;Una carreggiata a doppio senso;Asciutto;Asfaltata;Verticale ed orizzontale;Sereno;Normale;Buona;Ore Diurne;0;0;0;4;;;0;1;Autovettura privata;In marcia / fermata / arresto;Audi;A 3;Passeggero;1974;M;Illeso;0;;Non accertato;Inesploso
3661322;3;29/01/2018 16:15:00;Strada Urbana;VIA LAZZARO SPALLANZANI;all'intersezione semaforizzata con;VIA ANTONIO MUSA;VIA ANTONIO MUSA;;;Scontro frontale/laterale SX fra veicoli in marcia;Intersezione semaforizzata;Una carreggiata a doppio senso;Asciutto;Asfaltata;Verticale ed orizzontale;Sereno;Normale;Buona;Ore Diurne;0;0;0;4;;;0;2;Autovettura privata;In marcia / fermata / arresto;Volkswagen;Polo;Conducente;1990;F;Illeso;0;;Non accertato;Inesploso
3661322;3;29/01/2018 16:15:00;Strada Urbana;VIA LAZZARO SPALLANZANI;all'intersezione semaforizzata con;VIA ANTONIO MUSA;VIA ANTONIO MUSA;;;Scontro frontale/laterale SX fra veicoli in marcia;Intersezione semaforizzata;Una carreggiata a doppio senso;Asciutto;Asfaltata;Verticale ed orizzontale;Sereno;Normale;Buona;Ore Diurne;0;0;0;4;;;0;2;Autovettura privata;In marcia / fermata / arresto;Volkswagen;Polo;Passeggero;1988;M;Illeso;0;;Non accertato;Inesploso
3661334;13;30/01/2018 01:15:00;;VIA EDOARDO GATTI;in prossimità;;del civico n.;18;;Veicolo in marcia contro ostacolo fisso;;;;;;;;;;0;0;0;1;;;0;1;Autovettura privata;In marcia / fermata / arresto;Fiat;Panda;Conducente;1995;M;Illeso;0;;;
3661338;7;29/01/2018 10:50:00;;VIA COLLATINA;in prossimità;;del civico n.;109;;Scontro frontale/laterale SX fra veicoli in marcia;;;;;;;;;;0;0;0;2;;;0;1;Autovettura privata;In marcia / fermata / arresto;Fiat;Panda;Conducente;1958;M;Illeso;0;;;
3661338;7;29/01/2018 10:50:00;;VIA COLLATINA;in prossimità;;del civico n.;109;;Scontro frontale/laterale SX fra veicoli in marcia;;;;;;;;;;0;0;0;2;;;0;2;Autovettura privata;In marcia / fermata / arresto;Fiat;Multipla;Conducente;1960;M;Illeso;0;;;
3661360;11;30/01/2018 07:45:00;Strada Urbana;VIA ARDEATINA;all'intersezione con;VIA DI VIGNA MURATA;VIA DI VIGNA MURATA;;;Scontro laterale fra veicoli in marcia;Rotatoria;Una carreggiata a senso unico di marcia;Asciutto;Asfaltata;Orizzontale;Sereno;Normale;Buona;Ore Diurne;0;0;0;4;12,51835;41,82681;0;1;Autovettura privata;In marcia / fermata / arresto;Mercedes;A 180 CDI;Conducente;1973;M;Illeso;0;;Non accertato;Inesploso
3661360;11;30/01/2018 07:45:00;Strada Urbana;VIA ARDEATINA;all'intersezione con;VIA DI VIGNA MURATA;VIA DI VIGNA MURATA;;;Scontro laterale fra veicoli in marcia;Rotatoria;Una carreggiata a senso unico di marcia;Asciutto;Asfaltata;Orizzontale;Sereno;Normale;Buona;Ore Diurne;0;0;0;4;12,51835;41,82681;0;2;Autovettura privata;In marcia / fermata / arresto;Ford;Fiesta;Conducente;1990;M;Illeso;0;;Non accertato;Inesploso
3661360;11;30/01/2018 07:45:00;Strada Urbana;VIA ARDEATINA;all'intersezione con;VIA DI VIGNA MURATA;VIA DI VIGNA MURATA;;;Scontro laterale fra veicoli in marcia;Rotatoria;Una carreggiata a senso unico di marcia;Asciutto;Asfaltata;Orizzontale;Sereno;Normale;Buona;Ore Diurne;0;0;0;4;12,51835;41,82681;0;2;Autovettura privata;In marcia / fermata / arresto;Ford;Fiesta;Passeggero;1982;F;Illeso;0;;Non accertato;Inesploso
3661360;11;30/01/2018 07:45:00;Strada Urbana;VIA ARDEATINA;all'intersezione con;VIA DI VIGNA MURATA;VIA DI VIGNA MURATA;;;Scontro laterale fra veicoli in marcia;Rotatoria;Una carreggiata a senso unico di marcia;Asciutto;Asfaltata;Orizzontale;Sereno;Normale;Buona;Ore Diurne;0;0;0;4;12,51835;41,82681;0;2;Autovettura privata;In marcia / fermata / arresto;Ford;Fiesta;Passeggero;2016;M;Illeso;0;;Non accertato;Inesploso