Protocollo;Gruppo;DataOraIncidente;Localizzazione1;STRADA1;Localizzazione2;STRADA2;Strada02;Chilometrica;DaSpecificare;NaturaIncidente;particolaritastrade;TipoStrada;FondoStradale;Pavimentazione;Segnaletica;CondizioneAtmosferica;Traffico;Visibilita;Illuminazione;NUM_FERITI;NUM_RISERVATA;NUM_MORTI;NUM_ILLESI;Longitudine;Latitudine;Confermato;Progressivo;TipoVeicolo;StatoVeicolo;Marca;Modello;TipoPersona;AnnoNascita;Sesso;Tipolesione;Deceduto;DecedutoDopo;CinturaCascoUtilizzato;Airbag;
3663142;12;29/01/2018 11:30:00;;VIALE DELL'ARTE;all'intersezione con;VIALE DELL'AERONAUTICA;VIALE DELL'AERONAUTICA;;;Tamponamento;;;;;;;;;;0;0;0;2;;;0;1;Autovettura privata;In marcia / fermata / arresto;Ford;Escort;Conducente;1952;M;Illeso;0;;;
3663142;12;29/01/2018 11:30:00;;VIALE DELL'ARTE;all'intersezione con;VIALE DELL'AERONAUTICA;VIALE DELL'AERONAUTICA;;;Tamponamento;;;;;;;;;;0;0;0;2;;;0;2;Autovettura privata;In marcia / fermata / arresto;Fiat;Punto;Conducente;1966;F;Illeso;0;;;
3663145;2;30/01/2018 09:10:00;;VIALE PARIOLI;all'intersezione con;VIA LORENZO MAGALOTTI;VIA LORENZO MAGALOTTI;;;Scontro laterale fra veicoli in marcia;;;;;;;;;;0;0;0;2;;;0;1;Autovettura privata;In marcia / fermata / arresto;Suzuki;Swift;Conducente;1978;M;Illeso;0;;;
3663145;2;30/01/2018 09:10:00;;VIALE PARIOLI;all'intersezione con;VIA LORENZO MAGALOTTI;VIA LORENZO MAGALOTTI;;;Scontro laterale fra veicoli in marcia;;;;;;;;;;0;0;0;2;;;0;2;Autovettura privata;In marcia / fermata / arresto;Nissan;Navara;Conducente;1959;M;Illeso;0;;;
3663151;6;31/01/2018 08:10:00;Strada Urbana;VIA CASILINA;all'intersezione semaforizzata con;PIAZZA DEL PIGNETO;PIAZZA DEL PIGNETO;;;Scontro laterale fra veicoli in marcia;Intersezione semaforizzata;Due carreggiate;Asciutto;Asfaltata;Verticale ed orizzontale;Nuvoloso;Normale;Buona;Ore Diurne;1;0;0;1;;;0;1;Motociclo a solo;In marcia / fermata / arresto;Honda;SH;Conducente;1984;M;Rifiuta cure immediate;0;NON DECEDUTO;;
3663151;6;31/01/2018 08:10:00;Strada Urbana;VIA CASILINA;all'intersezione semaforizzata con;PIAZZA DEL PIGNETO;PIAZZA DEL PIGNETO;;;Scontro laterale fra veicoli in marcia;Intersezione semaforizzata;Due carreggiate;Asciutto;Asfaltata;Verticale ed orizzontale;Nuvoloso;Normale;Buona;Ore Diurne;1;0;0;1;;;0;2;Autovettura privata;In marcia / fermata / arresto;Lancia;Ypsilon;Conducente;1973;F;Illeso;0;;;
3663153;2;30/01/2018 17:45:00;;VIALE DELLE BELLE ARTI;da specificare;;;;pross. VIALE TIZIANO;Investimento di pedone;;;;;;;;;;1;0;0;1;;;0;;;;;;Pedone;1970;M;Rimandato;0;NON DECEDUTO;;
3663153;2;30/01/2018 17:45:00;;VIALE DELLE BELLE ARTI;da specificare;;;;pross. VIALE TIZIANO;Investimento di pedone;;;;;;;;;;1;0;0;1;;;0;1;Autovettura privata;In marcia / fermata / arresto;Audi;(ignoto);Conducente;1958;M;Illeso;0;;;
3663158;2;30/01/2018 19:30:00;;VIA SALARIA;da specificare;;;;alt. VIA DI TOR FIORENZA;Scontro laterale fra veicoli in marcia;;;;;;;;;;0;0;0;2;;;0;1;Autovettura privata;In marcia / fermata / arresto;Fiat;500 L;Conducente;1968;M;Illeso;0;;;
3663158;2;30/01/2018 19:30:00;;VIA SALARIA;da specificare;;;;alt. VIA DI TOR FIORENZA;Scontro laterale fra veicoli in marcia;;;;;;;;;;0;0;0;2;;;0;2;Autovettura privata;In marcia / fermata / arresto;Volkswagen;UP;Conducente;1981;F;Illeso;0;;;
3663209;4;30/01/2018 07:20:00;;VIA SALARIA;in corrispondenza;;della chilometrica;18.65;;Scontro laterale fra veicoli in marcia;;;;;;;;;;1;0;0;1;12,51783;41,98705;0;1;Autovettura privata;In marcia / fermata / arresto;Citroen;C 3;Conducente;1970;M;Illeso;0;;;
3663209;4;30/01/2018 07:20:00;;VIA SALARIA;in corrispondenza;;della chilometrica;18.65;;Scontro laterale fra veicoli in marcia;;;;;;;;;;1;0;0;1;12,51783;41,98705;0;2;Motociclo a solo;In marcia / fermata / arresto;Piaggio;BEVERLY 500;Conducente;1958;M;Rimandato;0;NON DECEDUTO;;
3663210;7;31/01/2018 08:50:00;Strada Urbana;VIALE PALMIRO TOGLIATTI;in corrispondenza;;del civico n.;449;;Scontro laterale fra veicoli in marcia;Rettilineo;Due carreggiate;Asciutto;Asfaltata;Verticale ed orizzontale;Sereno;Intenso;Buona;Ore Diurne;0;0;0;2;12,56779;41,86959;0;1;Autovettura privata;In marcia / fermata / arresto;Fiat;Bravo;Conducente;1991;M;Illeso;0;;Non accertato;Inesploso
3663210;7;31/01/2018 08:50:00;Strada Urbana;VIALE PALMIRO TOGLIATTI;in corrispondenza;;del civico n.;449;;Scontro laterale fra veicoli in marcia;Rettilineo;Due carreggiate;Asciutto;Asfaltata;Verticale ed orizzontale;Sereno;Intenso;Buona;Ore Diurne;0;0;0;2;12,56779;41,86959;0;2;Autovettura privata;In marcia / fermata / arresto;Opel;Corsa;Conducente;1965;F;Illeso;0;;Non accertato;Inesploso
3663222;9;31/01/2018 08:00:00;Strada Urbana;VIA LA SPEZIA;all'intersezione semaforizzata con;VIA MONZA;VIA MONZA;;;Scontro laterale fra veicoli in marcia;Intersezione semaforizzata;Una carreggiata a doppio senso;Asciutto;Asfaltata;Verticale ed orizzontale;Sereno;Intenso;Buona;Ore Diurne;1;0;0;1;;;0;1;Autocarro superiore 35 q.;In marcia / fermata / arresto;Volvo;FM12;Conducente;1963;M;Illeso;0;;Utilizzato;Inesploso
3663222;9;31/01/2018 08:00:00;Strada Urbana;VIA LA SPEZIA;all'intersezione semaforizzata con;VIA MONZA;VIA MONZA;;;Scontro laterale fra veicoli in marcia;Intersezione semaforizzata;Una carreggiata a doppio senso;Asciutto;Asfaltata;Verticale ed orizzontale;Sereno;Intenso;Buona;Ore Diurne;1;0;0;1;;;0;2;Autovettura privata;In marcia / fermata / arresto;Renault;Clio;Conducente;0;M;Rimandato;0;NON DECEDUTO;;
3663226;12;29/01/2018 15:30:00;;VIA ARDEATINA;da specificare;;;;per rotatoria solfarata;Tamponamento;;;;;;;;;;0;0;0;3;;;0;1;Autovettura privata;In marcia / fermata / arresto;Mitsubishi;Space Star;Conducente;1954;F;Illeso;0;;;
3663226;12;29/01/2018 15:30:00;;VIA ARDEATINA;da specificare;;;;per rotatoria solfarata;Tamponamento;;;;;;;;;;0;0;0;3;;;0;2;Autovettura privata;In marcia / fermata / arresto;Ford;Focus;Conducente;1971;M;Illeso;0;;;
3663226;12;29/01/2018 15:30:00;;VIA ARDEATINA;da specificare;;;;per rotatoria solfarata;Tamponamento;;;;;;;;;;0;0;0;3;;;0;2;Autovettura privata;In marcia / fermata / arresto;Ford;Focus;Passeggero;1974;F;Illeso;0;;;
3663232;12;31/01/2018 09:00:00;;VIA PONTINA;da specificare;;;;prossimità via giovanni Timeus;Scontro frontale/laterale SX fra veicoli in marcia;;;;;;;;;;0;0;0;2;12,44467;41,77845;0;1;Autovettura privata;In marcia / fermata / arresto;Kia;SOUL;Conducente;1966;M;Illeso;0;;Utilizzato;Inesploso
3663232;12;31/01/2018 09:00:00;;VIA PONTINA;da specificare;;;;prossimità via giovanni Timeus;Scontro frontale/laterale SX fra veicoli in marcia;;;;;;;;;;0;0;0;2;12,44467;41,77845;0;2;Autovettura privata;In marcia / fermata / arresto;Renault;Clio;Conducente;1979;M;Illeso;0;;Non accertato;Inesploso
3663251;5;31/01/2018 09:30:00;Strada Urbana;VIA TIBURTINA;da specificare;;;;dir. Roma Centro alt. GRA (rampa usc. anello int.);Scontro laterale fra veicoli in marcia;Rettilineo;Una carreggiata a doppio senso;Asciutto;Asfaltata;Verticale ed orizzontale;Sereno;Normale;Buona;Ore Diurne;0;0;0;2;;;0;1;Autovettura privata;In marcia / fermata / arresto;Peugeot;5008;Conducente;1973;M;Illeso;0;;Non accertato;
3663251;5;31/01/2018 09:30:00;Strada Urbana;VIA TIBURTINA;da specificare;;;;dir. Roma Centro alt. GRA (rampa usc. anello int.);Scontro laterale fra veicoli in marcia;Rettilineo;Una carreggiata a doppio senso;Asciutto;Asfaltata;Verticale ed orizzontale;Sereno;Normale;Buona;Ore Diurne;0;0;0;2;;;0;2;Autocarro inferiore 35 q.;In marcia / fermata / arresto;Citroen;Berlingo;Conducente;1976;M;Illeso;0;;Non accertato;
3663284;12;28/01/2018 16:00:00;;VIA DELLA SOLFARATA;in corrispondenza;;della chilometrica;10.5;;Veicolo in marcia contro ostacolo fisso;;;;;;;;;;0;0;0;1;;;0;1;Autovettura privata;In marcia / fermata / arresto;BMW;320;Conducente;1980;M;Illeso;0;;;
3663302;12;26/01/2018 15:30:00;;VIALE DI VAL FIORITA;all'intersezione con;VIALE EGEO;VIALE EGEO;;;Scontro laterale fra veicoli in marcia;;;;;;;;;;0;0;0;2;12,4644;41,83935;0;1;Autovettura privata;In marcia / fermata / arresto;Ford;Transit;Conducente;1990;M;Illeso;0;;;
3663302;12;26/01/2018 15:30:00;;VIALE DI VAL FIORITA;all'intersezione con;VIALE EGEO;VIALE EGEO;;;Scontro laterale fra veicoli in marcia;;;;;;;;;;0;0;0;2;12,4644;41,83935;0;2;Autovettura privata;In marcia / fermata / arresto;Mercedes;(ignoto);Conducente;1990;F;Illeso;0;;;
3663355;4;31/01/2018 10:40:00;;VIALE JONIO;in corrispondenza;;del civico n.;151;;Investimento di pedone;;;;;;;;;;0;0;0;2;;;0;;;;;;Pedone;0;M;Illeso;0;;;
3663355;4;31/01/2018 10:40:00;;VIALE JONIO;in corrispondenza;;del civico n.;151;;Investimento di pedone;;;;;;;;;;0;0;0;2;;;0;1;Autovettura privata;In marcia / fermata / arresto;Volkswagen;Polo;Conducente;1971;M;Illeso;0;;;
3663359;17;31/01/2018 08:15:00;Strada Urbana;VIA GIOVANNI VITELLESCHI;all'intersezione con;VIA DEI BASTIONI;VIA DEI BASTIONI;;;Scontro frontale/laterale DX fra veicoli in marcia;Incrocio;Una carreggiata a senso unico di marcia;Asciutto;Asfaltata;Verticale ed orizzontale;Nuvoloso;Normale;Sufficiente;Ore Diurne;1;0;0;2;12,46203;41,90458;0;1;Autovettura privata;In marcia / fermata / arresto;Ford;KA;Conducente;1967;F;Illeso;0;;Non accertato;
3663359;17;31/01/2018 08:15:00;Strada Urbana;VIA GIOVANNI VITELLESCHI;all'intersezione con;VIA DEI BASTIONI;VIA DEI BASTIONI;;;Scontro frontale/laterale DX fra veicoli in marcia;Incrocio;Una carreggiata a senso unico di marcia;Asciutto;Asfaltata;Verticale ed orizzontale;Nuvoloso;Normale;Sufficiente;Ore Diurne;1;0;0;2;12,46203;41,90458;0;2;Motociclo con passeggero;In marcia / fermata / arresto;Peugeot;Tweet;Conducente;1964;F;Rimandato;0;NON DECEDUTO;Non accertato;
3663359;17;31/01/2018 08:15:00;Strada Urbana;VIA GIOVANNI VITELLESCHI;all'intersezione con;VIA DEI BASTIONI;VIA DEI BASTIONI;;;Scontro frontale/laterale DX fra veicoli in marcia;Incrocio;Una carreggiata a senso unico di marcia;Asciutto;Asfaltata;Verticale ed orizzontale;Nuvoloso;Normale;Sufficiente;Ore Diurne;1;0;0;2;12,46203;41,90458;0;2;Motociclo con passeggero;In marcia / fermata / arresto;Peugeot;Tweet;Passeggero;2001;M;Illeso;0;;Non accertato;
3663371;17;31/01/2018 09:30:00;Strada Urbana;VIALE GIUSEPPE MAZZINI;all'intersezione con;VIA GIUNIO BAZZONI;VIA GIUNIO BAZZONI;;;Scontro laterale fra veicoli in marcia;Incrocio;Due carreggiate;Asciutto;Asfaltata;Verticale ed orizzontale;Nuvoloso;Normale;Buona;Ore Diurne;1;0;0;1;12,45912;41,91497;0;1;Autocarro inferiore 35 q.;In marcia / fermata / arresto;Nissan;200 SX;Conducente;1991;M;Illeso;0;;Non accertato;
3663371;17;31/01/2018 09:30:00;Strada Urbana;VIALE GIUSEPPE MAZZINI;all'intersezione con;VIA GIUNIO BAZZONI;VIA GIUNIO BAZZONI;;;Scontro laterale fra veicoli in marcia;Incrocio;Due carreggiate;Asciutto;Asfaltata;Verticale ed orizzontale;Nuvoloso;Normale;Buona;Ore Diurne;1;0;0;1;12,45912;41,91497;0;2;Motociclo a solo;In marcia / fermata / arresto;Peugeot;-;Conducente;1971;F;Rimandato;0;NON DECEDUTO;Non accertato;
3663376;4;30/01/2018 09:45:00;;VIA DOMENICO COMPARETTI;da specificare;;;;f.c. 45;Scontro laterale fra veicoli in marcia;;;;;;;;;;0;0;0;2;;;0;1;Autovettura privata;In marcia / fermata / arresto;Citroen;C 1;Conducente;1993;M;Illeso;0;;;
3663376;4;30/01/2018 09:45:00;;VIA DOMENICO COMPARETTI;da specificare;;;;f.c. 45;Scontro laterale fra veicoli in marcia;;;;;;;;;;0;0;0;2;;;0;2;Autovettura privata;In marcia / fermata / arresto;Opel;Meriva;Conducente;1947;M;Illeso;0;;;
3663381;13;31/01/2018 10:15:00;Strada Urbana;VIA DI ACILIA;da specificare;;;;prossimità via C. Colombo;Tamponamento;Rettilineo;Una carreggiata a doppio senso;Asciutto;Asfaltata;Orizzontale;Nuvoloso;Normale;Buona;Ore Diurne;0;0;0;3;12,37143;41,77369;0;1;Autovettura privata;In marcia / fermata / arresto;Fiat;500;Conducente;1999;F;Illeso;0;;Non accertato;Inesploso
3663381;13;31/01/2018 10:15:00;Strada Urbana;VIA DI ACILIA;da specificare;;;;prossimità via C. Colombo;Tamponamento;Rettilineo;Una carreggiata a doppio senso;Asciutto;Asfaltata;Orizzontale;Nuvoloso;Normale;Buona;Ore Diurne;0;0;0;3;12,37143;41,77369;0;1;Autovettura privata;In marcia / fermata / arresto;Fiat;500;Passeggero;1998;M;Illeso;0;;Non accertato;Inesploso
3663381;13;31/01/2018 10:15:00;Strada Urbana;VIA DI ACILIA;da specificare;;;;prossimità via C. Colombo;Tamponamento;Rettilineo;Una carreggiata a doppio senso;Asciutto;Asfaltata;Orizzontale;Nuvoloso;Normale;Buona;Ore Diurne;0;0;0;3;12,37143;41,77369;0;2;Autovettura privata;In marcia / fermata / arresto;Fiat;Seicento;Conducente;1952;M;Illeso;0;;Non accertato;Inesploso
3663394;4;31/01/2018 00:25:00;;LARGO VALSOLDA;da specificare;;;;altezza via Nomentana Nuova;Veicolo in marcia contro veicolo in sosta;;;;;;;;;;0;0;0;1;12,53192;41,93485;0;1;Autovettura privata;In marcia / fermata / arresto;Opel;Corsa;Conducente;1985;M;Illeso;0;;;
3663394;4;31/01/2018 00:25:00;;LARGO VALSOLDA;da specificare;;;;altezza via Nomentana Nuova;Veicolo in marcia contro veicolo in sosta;;;;;;;;;;0;0;0;1;12,53192;41,93485;0;2;Autovettura privata;In marcia / fermata / arresto;Ford;C - MAX;Conducente;1961;;Illeso;0;;;
3663400;4;30/01/2018 12:30:00;;VIALE ADRIATICO;in corrispondenza;;del civico n.;55;;Scontro frontale/laterale SX fra veicoli in marcia;;;;;;;;;;0;0;0;4;;;0;1;Autovettura privata;In marcia / fermata / arresto;Opel;Mokka;Conducente;1973;M;Illeso;0;;;
3663400;4;30/01/2018 12:30:00;;VIALE ADRIATICO;in corrispondenza;;del civico n.;55;;Scontro frontale/laterale SX fra veicoli in marcia;;;;;;;;;;0;0;0;4;;;0;1;Autovettura privata;In marcia / fermata / arresto;Opel;Mokka;Passeggero;0;F;Illeso;0;;;
3663400;4;30/01/2018 12:30:00;;VIALE ADRIATICO;in corrispondenza;;del civico n.;55;;Scontro frontale/laterale SX fra veicoli in marcia;;;;;;;;;;0;0;0;4;;;0;2;Motociclo a solo;In marcia / fermata / arresto;Honda;SH 150;Conducente;1984;M;Illeso;0;;;
3663402;12;29/01/2018 10:30:00;;VIA CLARICE TARTUFARI;in prossimità;;del civico n.;2;;Ribaltamento senza urto contro ostacolo fisso;;;;;;;;;;0;0;0;1;;;0;1;Autovettura privata;In marcia / fermata / arresto;Ford;Focus;Conducente;1987;M;Illeso;0;;;
3663406;12;30/01/2018 05:30:00;;VIA PONTINA;da specificare;;;;altezza uscita spinaceto;Veicolo in marcia contro ostacolo accidentale;;;;;;;;;;0;0;0;2;;;0;1;Autocarro superiore 35 q.;In marcia / fermata / arresto;Daf;105.510XF;Conducente;1974;M;Illeso;0;;;
3663406;12;30/01/2018 05:30:00;;VIA PONTINA;da specificare;;;;altezza uscita spinaceto;Veicolo in marcia contro ostacolo accidentale;;;;;;;;;;0;0;0;2;;;0;2;Autovettura privata;In marcia / fermata / arresto;BMW;118 D;Conducente;1982;M;Illeso;0;;;
3663425;5;31/01/2018 10:35:00;;VIA DI GROTTA DI GREGNA;da specificare;;;;in prossimità del civico 41/47 -area servizio Agip;Tamponamento;;;;;;;;;;0;0;0;2;;;0;1;Autovettura di polizia;In marcia / fermata / arresto;Volkswagen;Passat;Conducente;0;M;Illeso;0;;;
3663425;5;31/01/2018 10:35:00;;VIA DI GROTTA DI GREGNA;da specificare;;;;in prossimità del civico 41/47 -area servizio Agip;Tamponamento;;;;;;;;;;0;0;0;2;;;0;2;Autovettura privata;In marcia / fermata / arresto;Toyota;Yaris;Conducente;0;M;Illeso;0;;;
3663514;12;28/01/2018;;VIA ARDEATINA;all'intersezione con;VIA DI CASTEL DI LEVA;VIA DI CASTEL DI LEVA;;;Scontro frontale/laterale DX fra veicoli in marcia;;;;;;;;;;0;0;0;1;;;0;2;Autovettura privata;In marcia / fermata / arresto;Fiat;Punto;Conducente;1934;M;Illeso;0;;;
3663521;20;31/01/2018 11:40:00;Regionale entro l'abitato;VIA CASSIA;in corrispondenza;;del civico n.;950;;Scontro frontale/laterale SX fra veicoli in marcia;Rettilineo;Una carreggiata a doppio senso;Asciutto;Asfaltata;Verticale ed orizzontale;Nuvoloso;Intenso;Buona;Ore Diurne;1;0;0;2;;;0;1;Motociclo a solo;In marcia / fermata / arresto;Piaggio;Beverly;Conducente;1982;M;Rimandato;0;NON DECEDUTO;Non accertato;
3663521;20;31/01/2018 11:40:00;Regionale entro l'abitato;VIA CASSIA;in corrispondenza;;del civico n.;950;;Scontro frontale/laterale SX fra veicoli in marcia;Rettilineo;Una carreggiata a doppio senso;Asciutto;Asfaltata;Verticale ed orizzontale;Nuvoloso;Intenso;Buona;Ore Diurne;1;0;0;2;;;0;2;Autovettura privata;In marcia / fermata / arresto;Opel;Meriva;Conducente;1951;M;Illeso;0;;Non accertato;Inesploso
3663521;20;31/01/2018 11:40:00;Regionale entro l'abitato;VIA CASSIA;in corrispondenza;;del civico n.;950;;Scontro frontale/laterale SX fra veicoli in marcia;Rettilineo;Una carreggiata a doppio senso;Asciutto;Asfaltata;Verticale ed orizzontale;Nuvoloso;Intenso;Buona;Ore Diurne;1;0;0;2;;;0;2;Autovettura privata;In marcia / fermata / arresto;Opel;Meriva;Passeggero;1956;F;Illeso;0;;Non accertato;Inesploso
3663525;12;31/01/2018 11:40:00;Statale;VIA OSTIENSE;da specificare;;;;dir. Roma alt. rampa immissione via del Mare;Scontro laterale fra veicoli in marcia;;Due carreggiate;Asciutto;Asfaltata;Verticale ed orizzontale;Nuvoloso;Normale;Buona;Ore Diurne;0;0;0;2;12,42487;41,81113;0;1;Autovettura privata;In marcia / fermata / arresto;Chevrolet;spark;Conducente;1995;F;Illeso;0;;Utilizzato;Inesploso
3663525;12;31/01/2018 11:40:00;Statale;VIA OSTIENSE;da specificare;;;;dir. Roma alt. rampa immissione via del Mare;Scontro laterale fra veicoli in marcia;;Due carreggiate;Asciutto;Asfaltata;Verticale ed orizzontale;Nuvoloso;Normale;Buona;Ore Diurne;0;0;0;2;12,42487;41,81113;0;2;Motociclo a solo;In marcia / fermata / arresto;Kawasaki;Z 750 S;Conducente;1964;M;Illeso;0;;Utilizzato;
3663528;12;30/01/2018 05:31:00;;VIA PONTINA;da specificare;;;;altezza uscita spinaceto;Veicolo in marcia contro ostacolo accidentale;;;;;;;;;;0;0;0;2;;;0;1;Autocarro superiore 35 q.;In marcia / fermata / arresto;Daf;105.510XF;Conducente;1974;M;Illeso;0;;;
3663528;12;30/01/2018 05:31:00;;VIA PONTINA;da specificare;;;;altezza uscita spinaceto;Veicolo in marcia contro ostacolo accidentale;;;;;;;;;;0;0;0;2;;;0;2;Autovettura privata;In marcia / fermata / arresto;Ford;Focus;Conducente;1971;M;Illeso;0;;;
3663544;12;30/01/2018 05:32:00;;VIA PONTINA;da specificare;;;;altezza uscita spinaceto;Veicolo in marcia contro ostacolo accidentale;;;;;;;;;;0;0;0;1;;;0;1;Autocarro superiore 35 q.;In marcia / fermata / arresto;Daf;105.510XF;Conducente;1974;M;Illeso;0;;;
3663561;12;30/01/2018 05:34:00;;VIA PONTINA;da specificare;;;;altezza uscita spinaceto;Veicolo in marcia contro ostacolo accidentale;;;;;;;;;;0;0;0;2;;;0;1;Autocarro superiore 35 q.;In marcia / fermata / arresto;Daf;105.510XF;Conducente;1974;M;Illeso;0;;;
3663561;12;30/01/2018 05:34:00;;VIA PONTINA;da specificare;;;;altezza uscita spinaceto;Veicolo in marcia contro ostacolo accidentale;;;;;;;;;;0;0;0;2;;;0;2;Autovettura privata;In marcia / fermata / arresto;Toyota;Yaris;Conducente;1967;M;Illeso;0;;;
3663585;10;31/01/2018 07:50:00;Strada Urbana;VIA TUSCOLANA;all'intersezione semaforizzata con;VIA BIAGIO PETROCELLI;VIA BIAGIO PETROCELLI;;;Scontro frontale/laterale DX fra veicoli in marcia;Intersezione semaforizzata;Due carreggiate;Asciutto;Asfaltata;Orizzontale;Nuvoloso;Normale;Buona;Ore Diurne;3;0;0;0;;;0;1;Autovettura privata;In marcia / fermata / arresto;Dacia;Duster;Conducente;1964;M;Rifiuta cure immediate;0;NON DECEDUTO;Non accertato;Esploso
3663585;10;31/01/2018 07:50:00;Strada Urbana;VIA TUSCOLANA;all'intersezione semaforizzata con;VIA BIAGIO PETROCELLI;VIA BIAGIO PETROCELLI;;;Scontro frontale/laterale DX fra veicoli in marcia;Intersezione semaforizzata;Due carreggiate;Asciutto;Asfaltata;Orizzontale;Nuvoloso;Normale;Buona;Ore Diurne;3;0;0;0;;;0;1;Autovettura privata;In marcia / fermata / arresto;Dacia;Duster;Passeggero;1969;F;Rifiuta cure immediate;0;NON DECEDUTO;Non accertato;Esploso
3663585;10;31/01/2018 07:50:00;Strada Urbana;VIA TUSCOLANA;all'intersezione semaforizzata con;VIA BIAGIO PETROCELLI;VIA BIAGIO PETROCELLI;;;Scontro frontale/laterale DX fra veicoli in marcia;Intersezione semaforizzata;Due carreggiate;Asciutto;Asfaltata;Orizzontale;Nuvoloso;Normale;Buona;Ore Diurne;3;0;0;0;;;0;2;Autovettura privata;In marcia / fermata / arresto;Nissan;Micra;Conducente;1986;M;Rimandato;0;NON DECEDUTO;Non accertato;Inesploso
3663598;13;31/01/2018 11:45:00;Strada Urbana;VIA DOMENICO BAFFIGO;in corrispondenza;;del civico n.;143;;Scontro frontale/laterale DX fra veicoli in marcia;Rettilineo;Una carreggiata a doppio senso;Asciutto;Asfaltata;Verticale ed orizzontale;Nuvoloso;Normale;Buona;Ore Diurne;0;0;0;3;12,25435;41,73831;0;1;Autovettura privata;In marcia / fermata / arresto;Alfa Romeo;147;Conducente;1991;M;Illeso;0;;Non accertato;Inesploso
3663598;13;31/01/2018 11:45:00;Strada Urbana;VIA DOMENICO BAFFIGO;in corrispondenza;;del civico n.;143;;Scontro frontale/laterale DX fra veicoli in marcia;Rettilineo;Una carreggiata a doppio senso;Asciutto;Asfaltata;Verticale ed orizzontale;Nuvoloso;Normale;Buona;Ore Diurne;0;0;0;3;12,25435;41,73831;0;2;Autovettura privata;In marcia / fermata / arresto;Opel;Astra;Conducente;1992;F;Illeso;0;;Non accertato;Inesploso
3663598;13;31/01/2018 11:45:00;Strada Urbana;VIA DOMENICO BAFFIGO;in corrispondenza;;del civico n.;143;;Scontro frontale/laterale DX fra veicoli in marcia;Rettilineo;Una carreggiata a doppio senso;Asciutto;Asfaltata;Verticale ed orizzontale;Nuvoloso;Normale;Buona;Ore Diurne;0;0;0;3;12,25435;41,73831;0;2;Autovettura privata;In marcia / fermata / arresto;Opel;Astra;Passeggero;1999;F;Illeso;0;;Non accertato;Inesploso
3663648;6;31/01/2018 12:15:00;;VIALE IRPINIA;all'intersezione con;VIA AQUILONIA;VIA AQUILONIA;;;Investimento di pedone;;;;;;;;;;0;0;0;2;;;0;;;;;;Pedone;1941;F;Illeso;0;;;
3663648;6;31/01/2018 12:15:00;;VIALE IRPINIA;all'intersezione con;VIA AQUILONIA;VIA AQUILONIA;;;Investimento di pedone;;;;;;;;;;0;0;0;2;;;0;1;Autovettura privata;In marcia / fermata / arresto;Opel;Mokka;Conducente;1959;M;Illeso;0;;;
3663792;18;31/01/2018 14:20:00;Strada Urbana;PIAZZA DI VILLA CARPEGNA;all'intersezione semaforizzata con;VIA DI TORRE ROSSA;VIA DI TORRE ROSSA;;;Scontro frontale/laterale SX fra veicoli in marcia;Intersezione semaforizzata;Una carreggiata a senso unico di marcia;Asciutto;Asfaltata;Verticale ed orizzontale;Nuvoloso;Normale;Buona;Ore Diurne;1;0;0;1;;;0;1;Motociclo a solo;In marcia / fermata / arresto;Kawasaki;(ignoto);Conducente;1997;M;Rimandato;0;NON DECEDUTO;Non accertato;
3663792;18;31/01/2018 14:20:00;Strada Urbana;PIAZZA DI VILLA CARPEGNA;all'intersezione semaforizzata con;VIA DI TORRE ROSSA;VIA DI TORRE ROSSA;;;Scontro frontale/laterale SX fra veicoli in marcia;Intersezione semaforizzata;Una carreggiata a senso unico di marcia;Asciutto;Asfaltata;Verticale ed orizzontale;Nuvoloso;Normale;Buona;Ore Diurne;1;0;0;1;;;0;2;Ciclomotore;In marcia / fermata / arresto;Piaggio;Vespa 50;Conducente;1978;M;Illeso;0;;Non accertato;
3663794;1;31/01/2018 08:45:00;Strada Urbana;VIALE PRETORIANO;all'intersezione con;VIA DEI FRENTANI;VIA DEI FRENTANI;;;Scontro frontale/laterale SX fra veicoli in marcia;Intersezione stradale segnalata;Una carreggiata a doppio senso;Asciutto;Asfaltata;Verticale ed orizzontale;Nuvoloso;Normale;Buona;Ore Diurne;0;0;0;2;;;0;1;Autovettura pubblica;In marcia / fermata / arresto;Ford;Focus;Conducente;1986;M;Illeso;0;;Non accertato;Inesploso
3663794;1;31/01/2018 08:45:00;Strada Urbana;VIALE PRETORIANO;all'intersezione con;VIA DEI FRENTANI;VIA DEI FRENTANI;;;Scontro frontale/laterale SX fra veicoli in marcia;Intersezione stradale segnalata;Una carreggiata a doppio senso;Asciutto;Asfaltata;Verticale ed orizzontale;Nuvoloso;Normale;Buona;Ore Diurne;0;0;0;2;;;0;2;Motociclo a solo;In marcia / fermata / arresto;Honda;SH 150;Conducente;1975;M;Illeso;0;;Non accertato;
3663842;15;31/01/2018 14:50:00;Strada Urbana;VIA LUIGI ERCOLE MORSELLI;in corrispondenza;;del civico n.;9;;Scontro laterale fra veicoli in marcia;Rettilineo;Una carreggiata a doppio senso;Asciutto;Asfaltata;Assente;Nuvoloso;Scarso;Buona;Ore Diurne;0;0;0;3;12,41649;41,82795;0;1;Autovettura privata;In marcia / fermata / arresto;Ford;Fiesta;Conducente;1934;M;Illeso;0;;Non accertato;Inesploso