Protocollo;Gruppo;DataOraIncidente;Localizzazione1;STRADA1;Localizzazione2;STRADA2;Strada02;Chilometrica;DaSpecificare;NaturaIncidente;particolaritastrade;TipoStrada;FondoStradale;Pavimentazione;Segnaletica;CondizioneAtmosferica;Traffico;Visibilita;Illuminazione;NUM_FERITI;NUM_RISERVATA;NUM_MORTI;NUM_ILLESI;Longitudine;Latitudine;Confermato;Progressivo;TipoVeicolo;StatoVeicolo;Marca;Modello;TipoPersona;AnnoNascita;Sesso;Tipolesione;Deceduto;DecedutoDopo;CinturaCascoUtilizzato;Airbag;
3663842;15;31/01/2018 14:50:00;Strada Urbana;VIA LUIGI ERCOLE MORSELLI;in corrispondenza;;del civico n.;9;;Scontro laterale fra veicoli in marcia;Rettilineo;Una carreggiata a doppio senso;Asciutto;Asfaltata;Assente;Nuvoloso;Scarso;Buona;Ore Diurne;0;0;0;3;12,41649;41,82795;0;1;Autovettura privata;In marcia / fermata / arresto;Ford;Fiesta;Passeggero;1937;F;Illeso;0;;Non accertato;Inesploso
3663842;15;31/01/2018 14:50:00;Strada Urbana;VIA LUIGI ERCOLE MORSELLI;in corrispondenza;;del civico n.;9;;Scontro laterale fra veicoli in marcia;Rettilineo;Una carreggiata a doppio senso;Asciutto;Asfaltata;Assente;Nuvoloso;Scarso;Buona;Ore Diurne;0;0;0;3;12,41649;41,82795;0;2;Autovettura privata;In marcia / fermata / arresto;BMW;X 1;Conducente;1953;M;Illeso;0;;Non accertato;Inesploso
3663857;17;31/01/2018 15:20:00;Strada Urbana;VIA CRESCENZIO;in corrispondenza;;del civico n.;17;;Tamponamento Multiplo;Rettilineo;Una carreggiata a doppio senso;Asciutto;In cubetti di porfido;Verticale ed orizzontale;Nuvoloso;Intenso;Buona;Ore Diurne;0;0;0;4;;;0;1;Autovettura privata;In marcia / fermata / arresto;Volkswagen;(ignoto);Conducente;1956;M;Illeso;0;;;
3663857;17;31/01/2018 15:20:00;Strada Urbana;VIA CRESCENZIO;in corrispondenza;;del civico n.;17;;Tamponamento Multiplo;Rettilineo;Una carreggiata a doppio senso;Asciutto;In cubetti di porfido;Verticale ed orizzontale;Nuvoloso;Intenso;Buona;Ore Diurne;0;0;0;4;;;0;1;Autovettura privata;In marcia / fermata / arresto;Volkswagen;(ignoto);Passeggero;1958;F;Illeso;0;;;
3663857;17;31/01/2018 15:20:00;Strada Urbana;VIA CRESCENZIO;in corrispondenza;;del civico n.;17;;Tamponamento Multiplo;Rettilineo;Una carreggiata a doppio senso;Asciutto;In cubetti di porfido;Verticale ed orizzontale;Nuvoloso;Intenso;Buona;Ore Diurne;0;0;0;4;;;0;2;Motociclo a solo;In marcia / fermata / arresto;Kwangyang Motor;Kimko;Conducente;1953;M;Illeso;0;;;
3663857;17;31/01/2018 15:20:00;Strada Urbana;VIA CRESCENZIO;in corrispondenza;;del civico n.;17;;Tamponamento Multiplo;Rettilineo;Una carreggiata a doppio senso;Asciutto;In cubetti di porfido;Verticale ed orizzontale;Nuvoloso;Intenso;Buona;Ore Diurne;0;0;0;4;;;0;3;Autovettura privata;In marcia / fermata / arresto;Daimler;Smart;Conducente;1995;F;Illeso;0;;;
3664049;17;31/01/2018 12:00:00;Strada Urbana;VIA CARLO GRABAU;in corrispondenza;;del civico n.;10;;Scontro laterale fra veicoli in marcia;Rettilineo;Una carreggiata a doppio senso;Asciutto;Asfaltata;Verticale ed orizzontale;Nuvoloso;Scarso;Buona;Ore Diurne;0;0;0;1;;;0;1;Autocarro inferiore 35 q.;In marcia / fermata / arresto;Nissan;200 SX;Conducente;1996;M;Illeso;0;;;
3664066;17;31/01/2018 11:15:00;Strada Urbana;VIA GIOVANNI VITELLESCHI;da specificare;;;;appena dopo via Properzio;Scontro laterale fra veicoli in marcia;Rettilineo;Una carreggiata a senso unico di marcia;Asciutto;Asfaltata;Verticale ed orizzontale;Sereno;Normale;Buona;Ore Diurne;0;0;0;1;12,46124;41,90489;0;1;Autovettura privata;In marcia / fermata / arresto;Renault;Megane;Conducente;1953;M;Illeso;0;;Non accertato;Inesploso
3664067;17;31/01/2018 11:00:00;Strada Urbana;VIALE ANGELICO;all'intersezione semaforizzata con;VIA DARDANELLI;VIA DARDANELLI;;;Scontro frontale/laterale DX fra veicoli in marcia;Incrocio;Più di due carreggiate;Asciutto;Asfaltata;Verticale ed orizzontale;Nuvoloso;Normale;Buona;Ore Diurne;0;0;0;3;12,45848;41,91739;0;1;Autovettura privata;In marcia / fermata / arresto;Fiat;500;Conducente;1997;F;Illeso;0;;;
3664067;17;31/01/2018 11:00:00;Strada Urbana;VIALE ANGELICO;all'intersezione semaforizzata con;VIA DARDANELLI;VIA DARDANELLI;;;Scontro frontale/laterale DX fra veicoli in marcia;Incrocio;Più di due carreggiate;Asciutto;Asfaltata;Verticale ed orizzontale;Nuvoloso;Normale;Buona;Ore Diurne;0;0;0;3;12,45848;41,91739;0;2;Autovettura privata;In marcia / fermata / arresto;Ford;Focus;Conducente;1954;M;Illeso;0;;;
3664067;17;31/01/2018 11:00:00;Strada Urbana;VIALE ANGELICO;all'intersezione semaforizzata con;VIA DARDANELLI;VIA DARDANELLI;;;Scontro frontale/laterale DX fra veicoli in marcia;Incrocio;Più di due carreggiate;Asciutto;Asfaltata;Verticale ed orizzontale;Nuvoloso;Normale;Buona;Ore Diurne;0;0;0;3;12,45848;41,91739;0;2;Autovettura privata;In marcia / fermata / arresto;Ford;Focus;Passeggero;1958;F;Illeso;0;;;
3664079;17;31/01/2018 11:45:00;Strada Urbana;CIRCONVALLAZIONE CLODIA;da specificare;;;;presso Via Bucchi;Scontro laterale fra veicoli in marcia;Rettilineo;Due carreggiate;Asciutto;Asfaltata;Orizzontale;Nuvoloso;Normale;Buona;Ore Diurne;0;0;0;2;12,45674;41,91906;0;1;Autovettura privata;In marcia / fermata / arresto;Smart ;-;Conducente;1986;M;Illeso;0;;;
3664079;17;31/01/2018 11:45:00;Strada Urbana;CIRCONVALLAZIONE CLODIA;da specificare;;;;presso Via Bucchi;Scontro laterale fra veicoli in marcia;Rettilineo;Due carreggiate;Asciutto;Asfaltata;Orizzontale;Nuvoloso;Normale;Buona;Ore Diurne;0;0;0;2;12,45674;41,91906;0;2;Autovettura privata;In marcia / fermata / arresto;Hyundai;i10;Conducente;1954;F;Illeso;0;;;
3664085;10;31/01/2018 16:40:00;Strada Urbana;VIA TARQUINIO COLLATINO;all'intersezione con;VIA LUCIO MUMMIO;VIA LUCIO MUMMIO;;;Veicolo in marcia contro veicolo arresto;Incrocio;Una carreggiata a senso unico di marcia;Asciutto;Asfaltata;Verticale ed orizzontale;Sereno;Normale;Sufficiente;Sufficiente;0;0;0;3;;;0;1;Autovettura privata;In marcia / fermata / arresto;Toyota;Yaris;Conducente;1980;M;Illeso;0;;Non accertato;Inesploso
3664085;10;31/01/2018 16:40:00;Strada Urbana;VIA TARQUINIO COLLATINO;all'intersezione con;VIA LUCIO MUMMIO;VIA LUCIO MUMMIO;;;Veicolo in marcia contro veicolo arresto;Incrocio;Una carreggiata a senso unico di marcia;Asciutto;Asfaltata;Verticale ed orizzontale;Sereno;Normale;Sufficiente;Sufficiente;0;0;0;3;;;0;1;Autovettura privata;In marcia / fermata / arresto;Toyota;Yaris;Passeggero;1990;F;Illeso;0;;Non accertato;Inesploso
3664085;10;31/01/2018 16:40:00;Strada Urbana;VIA TARQUINIO COLLATINO;all'intersezione con;VIA LUCIO MUMMIO;VIA LUCIO MUMMIO;;;Veicolo in marcia contro veicolo arresto;Incrocio;Una carreggiata a senso unico di marcia;Asciutto;Asfaltata;Verticale ed orizzontale;Sereno;Normale;Sufficiente;Sufficiente;0;0;0;3;;;0;1;Autovettura privata;In marcia / fermata / arresto;Toyota;Yaris;Passeggero;2013;F;Illeso;0;;Non accertato;Inesploso
3664135;18;31/01/2018 17:05:00;Strada Urbana;VIA BALDO DEGLI UBALDI;in prossimità;;del civico n.;144;;Scontro laterale fra veicoli in marcia;Pendenza;Una carreggiata a senso unico di marcia;Asciutto;Asfaltata;Verticale ed orizzontale;Nuvoloso;Normale;Buona;Ore Diurne;0;0;0;7;;;0;1;Autovettura privata;In marcia / fermata / arresto;Land Rover;Discovery;Conducente;1992;M;Illeso;0;;Non accertato;Inesploso
3664135;18;31/01/2018 17:05:00;Strada Urbana;VIA BALDO DEGLI UBALDI;in prossimità;;del civico n.;144;;Scontro laterale fra veicoli in marcia;Pendenza;Una carreggiata a senso unico di marcia;Asciutto;Asfaltata;Verticale ed orizzontale;Nuvoloso;Normale;Buona;Ore Diurne;0;0;0;7;;;0;2;Autocarro inferiore 35 q.;In marcia / fermata / arresto;Fiat;Iveco 35;Conducente;1984;M;Illeso;0;;Non accertato;Inesploso
3664135;18;31/01/2018 17:05:00;Strada Urbana;VIA BALDO DEGLI UBALDI;in prossimità;;del civico n.;144;;Scontro laterale fra veicoli in marcia;Pendenza;Una carreggiata a senso unico di marcia;Asciutto;Asfaltata;Verticale ed orizzontale;Nuvoloso;Normale;Buona;Ore Diurne;0;0;0;7;;;0;2;Autocarro inferiore 35 q.;In marcia / fermata / arresto;Fiat;Iveco 35;Passeggero;1982;M;Illeso;0;;Non accertato;Inesistente
3664135;18;31/01/2018 17:05:00;Strada Urbana;VIA BALDO DEGLI UBALDI;in prossimità;;del civico n.;144;;Scontro laterale fra veicoli in marcia;Pendenza;Una carreggiata a senso unico di marcia;Asciutto;Asfaltata;Verticale ed orizzontale;Nuvoloso;Normale;Buona;Ore Diurne;0;0;0;7;;;0;2;Autocarro inferiore 35 q.;In marcia / fermata / arresto;Fiat;Iveco 35;Passeggero;1985;M;Illeso;0;;Non accertato;Inesistente
3664135;18;31/01/2018 17:05:00;Strada Urbana;VIA BALDO DEGLI UBALDI;in prossimità;;del civico n.;144;;Scontro laterale fra veicoli in marcia;Pendenza;Una carreggiata a senso unico di marcia;Asciutto;Asfaltata;Verticale ed orizzontale;Nuvoloso;Normale;Buona;Ore Diurne;0;0;0;7;;;0;2;Autocarro inferiore 35 q.;In marcia / fermata / arresto;Fiat;Iveco 35;Passeggero;1988;M;Illeso;0;;Non accertato;Inesistente
3664135;18;31/01/2018 17:05:00;Strada Urbana;VIA BALDO DEGLI UBALDI;in prossimità;;del civico n.;144;;Scontro laterale fra veicoli in marcia;Pendenza;Una carreggiata a senso unico di marcia;Asciutto;Asfaltata;Verticale ed orizzontale;Nuvoloso;Normale;Buona;Ore Diurne;0;0;0;7;;;0;2;Autocarro inferiore 35 q.;In marcia / fermata / arresto;Fiat;Iveco 35;Passeggero;1990;M;Illeso;0;;Non accertato;Inesistente
3664147;1;31/01/2018 15:00:00;Strada Urbana;VIA SICILIA;in prossimità;;del civico n.;59;;Scontro laterale fra veicoli in marcia;Rettilineo;Una carreggiata a senso unico di marcia;Asciutto;Asfaltata;Verticale ed orizzontale;Nuvoloso;Normale;Buona;Ore Diurne;1;0;0;2;;;0;1;Autovettura privata;In marcia / fermata / arresto;Mercedes;E 220 CDI;Conducente;1954;M;Illeso;0;;Non accertato;Inesploso
3664147;1;31/01/2018 15:00:00;Strada Urbana;VIA SICILIA;in prossimità;;del civico n.;59;;Scontro laterale fra veicoli in marcia;Rettilineo;Una carreggiata a senso unico di marcia;Asciutto;Asfaltata;Verticale ed orizzontale;Nuvoloso;Normale;Buona;Ore Diurne;1;0;0;2;;;0;1;Autovettura privata;In marcia / fermata / arresto;Mercedes;E 220 CDI;Passeggero;1984;M;Illeso;0;;Non accertato;Inesploso
3664147;1;31/01/2018 15:00:00;Strada Urbana;VIA SICILIA;in prossimità;;del civico n.;59;;Scontro laterale fra veicoli in marcia;Rettilineo;Una carreggiata a senso unico di marcia;Asciutto;Asfaltata;Verticale ed orizzontale;Nuvoloso;Normale;Buona;Ore Diurne;1;0;0;2;;;0;2;Motociclo a solo;In marcia / fermata / arresto;Honda;Hornet;Conducente;1985;M;Rimandato;0;NON DECEDUTO;Non accertato;
3664264;16;30/01/2018 23:30:00;;VIA AURELIA ANTICA;all'intersezione con;LARGO CARDINAL DOMENICO FERRATA;LARGO CARDINAL DOMENICO FERRATA;;;Scontro frontale/laterale SX fra veicoli in marcia;;;;;;;;;;0;0;0;1;;;0;2;Autovettura privata;In marcia / fermata / arresto;Fiat;500;Conducente;0;F;Illeso;0;;;
3664269;16;31/01/2018 09:00:00;;VIA BERNARDINO RAMAZZINI;in prossimità;;del civico n.;65;;Scontro laterale fra veicoli in marcia;;;;;;;;;;0;0;0;3;;;0;1;Autovettura privata;In marcia / fermata / arresto;Nissan;Juke;Conducente;0;M;Illeso;0;;;
3664269;16;31/01/2018 09:00:00;;VIA BERNARDINO RAMAZZINI;in prossimità;;del civico n.;65;;Scontro laterale fra veicoli in marcia;;;;;;;;;;0;0;0;3;;;0;1;Autovettura privata;In marcia / fermata / arresto;Nissan;Juke;Passeggero;0;F;Illeso;0;;;
3664269;16;31/01/2018 09:00:00;;VIA BERNARDINO RAMAZZINI;in prossimità;;del civico n.;65;;Scontro laterale fra veicoli in marcia;;;;;;;;;;0;0;0;3;;;0;2;Autovettura privata;In marcia / fermata / arresto;Toyota;Aygo;Conducente;0;F;Illeso;0;;;
3664278;16;31/01/2018 13:00:00;Strada Urbana;VIALE DI TRASTEVERE;all'intersezione semaforizzata con;CIRCONVALLAZIONE GIANICOLENSE;CIRCONVALLAZIONE GIANICOLENSE;;;Scontro laterale fra veicoli in marcia;Intersezione semaforizzata;Più di due carreggiate;Asciutto;Asfaltata;Verticale ed orizzontale;Nuvoloso;Normale;Buona;Ore Diurne;0;0;0;2;;;0;1;Autocarro inferiore 35 q.;In marcia / fermata / arresto;Volkswagen;Crafter;Conducente;0;M;Illeso;0;;;
3664278;16;31/01/2018 13:00:00;Strada Urbana;VIALE DI TRASTEVERE;all'intersezione semaforizzata con;CIRCONVALLAZIONE GIANICOLENSE;CIRCONVALLAZIONE GIANICOLENSE;;;Scontro laterale fra veicoli in marcia;Intersezione semaforizzata;Più di due carreggiate;Asciutto;Asfaltata;Verticale ed orizzontale;Nuvoloso;Normale;Buona;Ore Diurne;0;0;0;2;;;0;2;Motociclo a solo;In marcia / fermata / arresto;Piaggio;Liberty;Conducente;0;F;Illeso;0;;;
3664521;9;31/01/2018 18:20:00;;VIA SATRICO;in prossimità;;del civico n.;33;;Scontro frontale/laterale SX fra veicoli in marcia;;;;;;;;;;2;1;0;4;;;0;1;Autovettura privata;In marcia / fermata / arresto;BMW;X6;Conducente;1967;F;Rimandato;0;NON DECEDUTO;;
3664521;9;31/01/2018 18:20:00;;VIA SATRICO;in prossimità;;del civico n.;33;;Scontro frontale/laterale SX fra veicoli in marcia;;;;;;;;;;2;1;0;4;;;0;2;Autovettura privata;In marcia / fermata / arresto;Toyota;Yaris;Conducente;1981;F;Rimandato;0;NON DECEDUTO;;
3664521;9;31/01/2018 18:20:00;;VIA SATRICO;in prossimità;;del civico n.;33;;Scontro frontale/laterale SX fra veicoli in marcia;;;;;;;;;;2;1;0;4;;;0;3;Motociclo a solo;In marcia / fermata / arresto;Honda;SH 150;Conducente;1972;M;Illeso;0;;;
3664521;9;31/01/2018 18:20:00;;VIA SATRICO;in prossimità;;del civico n.;33;;Scontro frontale/laterale SX fra veicoli in marcia;;;;;;;;;;2;1;0;4;;;0;3;Motociclo a solo;In marcia / fermata / arresto;Honda;SH 150;Passeggero;2009;M;Illeso;0;;;
3664521;9;31/01/2018 18:20:00;;VIA SATRICO;in prossimità;;del civico n.;33;;Scontro frontale/laterale SX fra veicoli in marcia;;;;;;;;;;2;1;0;4;;;0;4;Autovettura privata;In marcia / fermata / arresto;Peugeot;207;Conducente;1957;M;Illeso;0;;;
3664521;9;31/01/2018 18:20:00;;VIA SATRICO;in prossimità;;del civico n.;33;;Scontro frontale/laterale SX fra veicoli in marcia;;;;;;;;;;2;1;0;4;;;0;5;Autovettura privata;In marcia / fermata / arresto;Renault;Twingo;Conducente;1947;F;Illeso;0;;;
3664521;9;31/01/2018 18:20:00;;VIA SATRICO;in prossimità;;del civico n.;33;;Scontro frontale/laterale SX fra veicoli in marcia;;;;;;;;;;2;1;0;4;;;0;8;Velocipede;In marcia / fermata / arresto;(non accertato);city bike;Conducente;1982;M;Prognosi riservata;0;NON DECEDUTO;Esente;
3664531;9;31/01/2018 16:50:00;;VIA FOLIGNO;in corrispondenza;;del civico n.;41;;Investimento di pedone;;;;;;;;;;0;0;0;2;12,51899;41,88653;0;;;;;;Pedone;1976;M;Illeso;0;;;
3664531;9;31/01/2018 16:50:00;;VIA FOLIGNO;in corrispondenza;;del civico n.;41;;Investimento di pedone;;;;;;;;;;0;0;0;2;12,51899;41,88653;0;1;Autovettura privata;In marcia / fermata / arresto;Dacia;Duster;Conducente;1963;M;Illeso;0;;Non accertato;Inesploso
3664540;1;31/01/2018 17:45:00;Strada Urbana;VIALE DI PORTA ARDEATINA;in prossimità;;del palo luce n.;4;;Investimento di pedone;Rettilineo;Una carreggiata a doppio senso;Asciutto;Asfaltata;Verticale ed orizzontale;Nuvoloso;Scarso;Sufficiente;Sufficiente;1;0;0;1;;;0;;;;;;Pedone;1977;F;Ricoverato;0;NON DECEDUTO;;
3664540;1;31/01/2018 17:45:00;Strada Urbana;VIALE DI PORTA ARDEATINA;in prossimità;;del palo luce n.;4;;Investimento di pedone;Rettilineo;Una carreggiata a doppio senso;Asciutto;Asfaltata;Verticale ed orizzontale;Nuvoloso;Scarso;Sufficiente;Sufficiente;1;0;0;1;;;0;1;Autovettura privata;In marcia / fermata / arresto;Nissan;Micra;Conducente;1932;M;Illeso;0;;;
3664549;11;31/01/2018 13:30:00;;VIA ARDEATINA;all'intersezione con;VIA DELLE SETTE CHIESE;VIA DELLE SETTE CHIESE;;;Scontro frontale fra veicoli in marcia;;;;;;;;;;0;0;0;2;;;0;1;Motociclo a solo;In marcia / fermata / arresto;Yamaha;YBR 125;Conducente;1987;M;Illeso;0;;;
3664549;11;31/01/2018 13:30:00;;VIA ARDEATINA;all'intersezione con;VIA DELLE SETTE CHIESE;VIA DELLE SETTE CHIESE;;;Scontro frontale fra veicoli in marcia;;;;;;;;;;0;0;0;2;;;0;2;Autovettura privata;In marcia / fermata / arresto;Alfa Romeo;MITO;Conducente;1953;M;Illeso;0;;;
3664556;11;31/01/2018 18:00:00;;VIA ARDEATINA;in corrispondenza;;del palo luce n.;10;;Ribaltamento senza urto contro ostacolo fisso;;;;;;;;;;1;0;0;0;;;0;1;Autovettura privata;In marcia / fermata / arresto;Audi;A6;Conducente;1946;M;Rimandato;0;NON DECEDUTO;;
3664559;15;31/01/2018 19:45:00;;LUNGOTEVERE DI PIETRA PAPA;da specificare;;;;fronte civ. 99;Tamponamento;;;;;;;;;;2;0;0;1;;;0;1;Autovettura privata;In marcia / fermata / arresto;Fiat;Seicento;Conducente;0;F;Illeso;0;;;
3664559;15;31/01/2018 19:45:00;;LUNGOTEVERE DI PIETRA PAPA;da specificare;;;;fronte civ. 99;Tamponamento;;;;;;;;;;2;0;0;1;;;0;2;Motociclo con passeggero;In marcia / fermata / arresto;Honda;SH 300;Conducente;0;M;Rifiuta cure immediate;0;NON DECEDUTO;;
3664559;15;31/01/2018 19:45:00;;LUNGOTEVERE DI PIETRA PAPA;da specificare;;;;fronte civ. 99;Tamponamento;;;;;;;;;;2;0;0;1;;;0;2;Motociclo con passeggero;In marcia / fermata / arresto;Honda;SH 300;Passeggero;0;F;Rifiuta cure immediate;0;NON DECEDUTO;;
3664560;7;31/01/2018 19:30:00;Strada Urbana;VIALE PALMIRO TOGLIATTI;in prossimità;;del civico n.;453;;Veicolo in marcia contro ostacolo fisso;Rettilineo;Due carreggiate;Asciutto;Asfaltata;Orizzontale;Sereno;Normale;Buona;Sufficiente;0;0;0;1;;;0;1;Autovettura privata;In marcia / fermata / arresto;Fiat;Punto;Conducente;1961;M;Illeso;0;;;
3664572;6;31/01/2018 18:30:00;Strada Urbana;VIALE DELLA PRIMAVERA;da specificare;;;;altezza via Carpineto;Veicolo in marcia contro ostacolo fisso;Rettilineo;Una carreggiata a doppio senso;Asciutto;Asfaltata;Orizzontale;Sereno;Normale;Sufficiente;Sufficiente;0;0;0;1;12,55992;41,87983;0;1;Motociclo a solo;In marcia / fermata / arresto;Honda;SH 150;Conducente;1975;F;Illeso;0;;;
3664578;11;31/01/2018 15:30:00;;VIA CRISTOFORO COLOMBO;in prossimità;;del civico n.;234;;Scontro laterale fra veicoli in marcia;;;;;;;;;;1;0;0;1;;;0;1;Motociclo a solo;In marcia / fermata / arresto;Honda;SH 150;Conducente;1975;M;Rimandato;0;NON DECEDUTO;;
3664578;11;31/01/2018 15:30:00;;VIA CRISTOFORO COLOMBO;in prossimità;;del civico n.;234;;Scontro laterale fra veicoli in marcia;;;;;;;;;;1;0;0;1;;;0;2;Autovettura privata;In marcia / fermata / arresto;Alfa Lancia;Mito;Conducente;1995;M;Illeso;0;;;
3664588;12;28/01/2018 14:25:00;Strada Urbana;PIAZZA GUGLIELMO MARCONI;da specificare;;;;incrocio Via Cristoforo Colombo direzione GRA;Scontro frontale/laterale DX fra veicoli in marcia;Rotatoria;Più di due carreggiate;Asciutto;Asfaltata;Verticale ed orizzontale;Sereno;Normale;Buona;Ore Diurne;0;0;0;2;;;0;1;Autovettura privata;In marcia / fermata / arresto;Alfa Romeo;146;Conducente;1988;F;Illeso;0;;;
3664588;12;28/01/2018 14:25:00;Strada Urbana;PIAZZA GUGLIELMO MARCONI;da specificare;;;;incrocio Via Cristoforo Colombo direzione GRA;Scontro frontale/laterale DX fra veicoli in marcia;Rotatoria;Più di due carreggiate;Asciutto;Asfaltata;Verticale ed orizzontale;Sereno;Normale;Buona;Ore Diurne;0;0;0;2;;;0;1;Autovettura privata;In marcia / fermata / arresto;Alfa Romeo;146;Passeggero;1987;M;Illeso;0;;;
3664631;19;31/01/2018 16:30:00;;VIA COGOLETO;all'intersezione con;VIA TOMMASO ZIGLIARA;VIA TOMMASO ZIGLIARA;;;Scontro frontale/laterale SX fra veicoli in marcia;;;;;;;;;;0;0;0;2;;;0;1;Autovettura privata;In marcia / fermata / arresto;Fiat;Multipla;Conducente;1988;M;Illeso;0;;Non accertato;Inesploso
3664631;19;31/01/2018 16:30:00;;VIA COGOLETO;all'intersezione con;VIA TOMMASO ZIGLIARA;VIA TOMMASO ZIGLIARA;;;Scontro frontale/laterale SX fra veicoli in marcia;;;;;;;;;;0;0;0;2;;;0;2;Autovettura privata;In marcia / fermata / arresto;Ford;Focus;Conducente;1954;M;Illeso;0;;;
3664641;7;31/01/2018 22:30:00;Strada Urbana;LARGO FEDERICO DELPINO;in prossimità;;del civico n.;12;;Tamponamento;Rettilineo;Una carreggiata a senso unico di marcia;Asciutto;Asfaltata;Assente;Sereno;Scarso;Buona;Sufficiente;1;0;0;0;;;0;1;Autovettura privata;In marcia / fermata / arresto;Chevrolet;Matiz;Conducente;1990;M;Ricoverato;0;NON DECEDUTO;;
3664642;19;31/01/2018 19:30:00;;VIALE DELLE MEDAGLIE D'ORO;in prossimità;;del civico n.;413;;Investimento di pedone;;;;;;;;;;1;0;0;2;;;0;;;;;;Pedone;0;F;Rimandato;0;NON DECEDUTO;;
3664642;19;31/01/2018 19:30:00;;VIALE DELLE MEDAGLIE D'ORO;in prossimità;;del civico n.;413;;Investimento di pedone;;;;;;;;;;1;0;0;2;;;0;1;Autovettura privata;In marcia / fermata / arresto;Toyota;Aygo;Conducente;1936;F;Illeso;0;;;
3664642;19;31/01/2018 19:30:00;;VIALE DELLE MEDAGLIE D'ORO;in prossimità;;del civico n.;413;;Investimento di pedone;;;;;;;;;;1;0;0;2;;;0;1;Autovettura privata;In marcia / fermata / arresto;Toyota;Aygo;Passeggero;1932;F;Illeso;0;;;
3664644;20;31/01/2018 13:20:00;Strada Urbana;LARGO DELL'OLGIATA;da specificare;;;;isola 32 interno Olgiata in pross. palo luce 305;Tamponamento;Curva a visuale libera;Una carreggiata a doppio senso;Asciutto;Asfaltata;Orizzontale;Sereno;Scarso;Buona;Ore Diurne;1;0;0;1;;;0;1;Autovettura privata;In marcia / fermata / arresto;Fiat;Sedici;Conducente;1972;F;Illeso;0;;;
3664644;20;31/01/2018 13:20:00;Strada Urbana;LARGO DELL'OLGIATA;da specificare;;;;isola 32 interno Olgiata in pross. palo luce 305;Tamponamento;Curva a visuale libera;Una carreggiata a doppio senso;Asciutto;Asfaltata;Orizzontale;Sereno;Scarso;Buona;Ore Diurne;1;0;0;1;;;0;2;Motociclo a solo;In marcia / fermata / arresto;Kimco;Dink;Conducente;1963;M;Rimandato;0;NON DECEDUTO;;
3664648;13;31/01/2018 14:25:00;;VIADOTTO ZELIA NUTTALL;da specificare;;;;rampa aces. attigua via di Dragone prov. romagnoli;Investimento di pedone;;;;;;;;;;0;0;0;2;;;0;;;;;;Pedone;2004;M;Illeso;0;;;
3664648;13;31/01/2018 14:25:00;;VIADOTTO ZELIA NUTTALL;da specificare;;;;rampa aces. attigua via di Dragone prov. romagnoli;Investimento di pedone;;;;;;;;;;0;0;0;2;;;0;1;Autovettura privata;In marcia / fermata / arresto;Citroen;Saxo;Conducente;1997;M;Illeso;0;;Non accertato;Inesploso
3664655;19;31/01/2018 22:50:00;;GALLERIA GIOVANNI XXIII;da specificare;;;;alt. km. 2,5 canna direzione P. Sacchetti;Fuoriuscita dalla sede stradale;;;;;;;;;;0;0;0;1;;;0;1;Autovettura privata;In marcia / fermata / arresto;Toyota;Yaris;Conducente;1994;M;Illeso;0;;;
3664668;17;31/01/2018 17:00:00;Strada Urbana;VIA SEBASTIANO VENIERO;all'intersezione con;VIA SANTAMAURA;VIA SANTAMAURA;;;Scontro frontale/laterale SX fra veicoli in marcia;Incrocio;Una carreggiata a senso unico di marcia;Asciutto;Asfaltata;Verticale ed orizzontale;Sereno;Normale;Buona;Ore Diurne;0;0;0;1;12,45415;41,90761;0;1;Autovettura privata;In marcia / fermata / arresto;Renault;Megane;Conducente;1955;F;Illeso;0;;;
3664674;16;31/01/2018 17:05:00;;VIA FONTEIANA;all'intersezione con;PIAZZA FONTEIANA;PIAZZA FONTEIANA;;;Scontro frontale/laterale DX fra veicoli in marcia;;;;;;;;;;0;0;0;1;12,45436;41,88062;0;1;Autovettura privata;In marcia / fermata / arresto;Toyota;Yaris;Conducente;0;F;Illeso;0;;;
3664677;10;31/01/2018 08:30:00;;VIA APPIA NUOVA;all'intersezione con;VIA DEL QUADRARO;VIA DEL QUADRARO;;;Tamponamento;;;;;;;;;;0;0;0;3;;;0;1;Autovettura privata;In marcia / fermata / arresto;Citroen;C 3;Conducente;1961;M;Illeso;0;;;
3664677;10;31/01/2018 08:30:00;;VIA APPIA NUOVA;all'intersezione con;VIA DEL QUADRARO;VIA DEL QUADRARO;;;Tamponamento;;;;;;;;;;0;0;0;3;;;0;1;Autovettura privata;In marcia / fermata / arresto;Citroen;C 3;Passeggero;1994;F;Illeso;0;;;
3664677;10;31/01/2018 08:30:00;;VIA APPIA NUOVA;all'intersezione con;VIA DEL QUADRARO;VIA DEL QUADRARO;;;Tamponamento;;;;;;;;;;0;0;0;3;;;0;2;Autovettura privata;In marcia / fermata / arresto;Toyota;I Q;Conducente;1980;M;Illeso;0;;;
3664695;13;31/01/2018 16:30:00;;VIA ANTONIO DISCOVOLO;in prossimità;;del palo luce n.;3;;Veicolo in marcia contro veicolo in sosta;;;;;;;;;;0;0;0;1;;;0;2;Autovettura privata;In marcia / fermata / arresto;Toyota;Rav 4;Conducente;1975;M;Illeso;0;;Non accertato;Inesploso